"Subject","Block","Trial","Object_1","Object_2","Object_3","Object_4","Reward_1","Reward_2","Reward_3","Reward_4","Action"
1,1,1,"Red_Up","Yellow_Left","Green_Right","Blue_Down",-150,100,50,50,"Left"
1,1,2,"Red_Up","Yellow_Left","Green_Up","Blue_Up",100,100,0,50,"Left"
1,1,3,"Red_Right","Yellow_Right","Green_Left","Blue_Up",100,100,50,50,"Left"
1,1,4,"Red_Down","Yellow_Left","Green_Left","Blue_Right",100,100,50,50,"Down"
1,1,5,"Red_Right","Yellow_Right","Green_Left","Blue_Up",-150,100,0,50,"Left"
1,1,6,"Red_Right","Yellow_Up","Green_Up","Blue_Down",100,100,50,50,"Down"
1,1,7,"Red_Down","Yellow_Left","Green_Up","Blue_Down",100,100,0,50,"Down"
1,1,8,"Red_Left","Yellow_Right","Green_Right","Blue_Up",100,100,0,-200,"Down"
1,1,9,"Red_Right","Yellow_Down","Green_Down","Blue_Left",-150,100,50,50,"Left"
1,1,10,"Red_Up","Yellow_Down","Green_Down","Blue_Left",-150,100,50,50,"Up"
1,1,11,"Red_Down","Yellow_Down","Green_Down","Blue_Left",100,100,0,50,"Right"
1,1,12,"Red_Left","Yellow_Up","Green_Left","Blue_Left",100,-1150,0,-200,"Down"
1,1,13,"Red_Down","Yellow_Right","Green_Right","Blue_Left",100,100,50,50,"Down"
1,1,14,"Red_Up","Yellow_Left","Green_Left","Blue_Up",100,100,50,50,"Up"
1,1,15,"Red_Down","Yellow_Left","Green_Up","Blue_Left",100,100,50,50,"Down"
1,1,16,"Red_Left","Yellow_Down","Green_Right","Blue_Up",-150,100,0,50,"Left"
1,1,17,"Red_Down","Yellow_Right","Green_Right","Blue_Left",100,100,50,-200,"Right"
1,1,18,"Red_Up","Yellow_Down","Green_Down","Blue_Right",-150,100,50,50,"Up"
1,1,19,"Red_Right","Yellow_Right","Green_Up","Blue_Right",-150,100,0,50,"Left"
1,1,20,"Red_Up","Yellow_Left","Green_Up","Blue_Left",100,100,0,50,"Left"
1,1,21,"Red_Down","Yellow_Down","Green_Down","Blue_Right",-150,100,50,50,"Up"
1,1,22,"Red_Right","Yellow_Right","Green_Left","Blue_Up",-150,100,50,50,"Right"
1,1,23,"Red_Left","Yellow_Down","Green_Left","Blue_Right",-150,100,50,50,"Up"
1,1,24,"Red_Up","Yellow_Left","Green_Up","Blue_Down",100,100,50,50,"Up"
1,1,25,"Red_Down","Yellow_Down","Green_Right","Blue_Up",-150,100,0,50,"Up"
1,1,26,"Red_Down","Yellow_Down","Green_Up","Blue_Down",-150,100,0,50,"Left"
1,1,27,"Red_Down","Yellow_Down","Green_Right","Blue_Up",-150,100,50,50,"Right"
1,1,28,"Red_Right","Yellow_Up","Green_Right","Blue_Right",-150,100,0,50,"Down"
1,1,29,"Red_Left","Yellow_Up","Green_Left","Blue_Down",-150,100,0,50,"Left"
1,1,30,"Red_Down","Yellow_Left","Green_Down","Blue_Left",100,100,0,50,"Down"
1,1,31,"Red_Up","Yellow_Up","Green_Right","Blue_Down",100,-1150,0,50,"Up"
1,1,32,"Red_Up","Yellow_Left","Green_Up","Blue_Up",100,100,0,-200,"Down"
1,1,33,"Red_Up","Yellow_Down","Green_Up","Blue_Up",-150,100,50,50,"Left"
1,1,34,"Red_Left","Yellow_Left","Green_Up","Blue_Up",-150,100,0,50,"Right"
1,1,35,"Red_Right","Yellow_Left","Green_Right","Blue_Down",100,100,0,50,"Down"
1,1,36,"Red_Down","Yellow_Right","Green_Left","Blue_Up",-150,100,0,50,"Up"
1,1,37,"Red_Up","Yellow_Right","Green_Right","Blue_Down",100,100,50,50,"Left"
1,1,38,"Red_Right","Yellow_Left","Green_Right","Blue_Up",100,-1150,0,50,"Left"
1,1,39,"Red_Up","Yellow_Down","Green_Left","Blue_Left",-150,-1150,50,-200,"Up"
1,1,40,"Red_Left","Yellow_Down","Green_Left","Blue_Right",-150,100,0,50,"Right"
1,1,41,"Red_Left","Yellow_Down","Green_Up","Blue_Down",-150,100,0,50,"Left"
1,1,42,"Red_Right","Yellow_Right","Green_Down","Blue_Left",100,100,0,50,"Right"
1,1,43,"Red_Up","Yellow_Down","Green_Right","Blue_Left",-150,100,50,50,"Down"
1,1,44,"Red_Right","Yellow_Down","Green_Up","Blue_Left",-150,100,50,50,"Up"
1,1,45,"Red_Down","Yellow_Up","Green_Left","Blue_Down",100,100,50,50,"Left"
1,1,46,"Red_Down","Yellow_Right","Green_Left","Blue_Down",-150,100,50,50,"Up"
1,1,47,"Red_Right","Yellow_Up","Green_Up","Blue_Down",100,100,50,50,"Up"
1,1,48,"Red_Up","Yellow_Down","Green_Right","Blue_Up",-150,100,50,50,"Down"
1,1,49,"Red_Right","Yellow_Right","Green_Right","Blue_Left",100,-1150,0,50,"Left"
1,1,50,"Red_Up","Yellow_Down","Green_Up","Blue_Right",100,100,0,50,"Left"
1,2,1,"Red_Right","Yellow_Down","Green_Up","Blue_Up",-150,-1150,0,50,"Right"
1,2,2,"Red_Down","Yellow_Left","Green_Left","Blue_Left",100,100,50,50,"Up"
1,2,3,"Red_Down","Yellow_Left","Green_Right","Blue_Left",-150,100,0,50,"Left"
1,2,4,"Red_Left","Yellow_Left","Green_Up","Blue_Right",-150,100,50,50,"Up"
1,2,5,"Red_Up","Yellow_Right","Green_Down","Blue_Right",100,100,50,50,"Left"
1,2,6,"Red_Up","Yellow_Up","Green_Down","Blue_Up",-150,100,50,50,"Right"
1,2,7,"Red_Down","Yellow_Right","Green_Left","Blue_Left",-150,100,50,-200,"Down"
1,2,8,"Red_Left","Yellow_Up","Green_Down","Blue_Right",-150,100,0,50,"Up"
1,2,9,"Red_Right","Yellow_Right","Green_Down","Blue_Up",100,100,0,50,"Down"
1,2,10,"Red_Down","Yellow_Left","Green_Down","Blue_Down",100,100,50,50,"Up"
1,2,11,"Red_Down","Yellow_Up","Green_Up","Blue_Down",100,100,0,50,"Up"
1,2,12,"Red_Left","Yellow_Up","Green_Left","Blue_Left",100,100,50,50,"Right"
1,2,13,"Red_Down","Yellow_Right","Green_Left","Blue_Right",100,100,0,50,"Right"
1,2,14,"Red_Right","Yellow_Right","Green_Up","Blue_Down",-150,100,50,50,"Left"
1,2,15,"Red_Right","Yellow_Down","Green_Right","Blue_Right",100,100,50,-200,"Up"
1,2,16,"Red_Up","Yellow_Right","Green_Down","Blue_Left",100,100,0,50,"Down"
1,2,17,"Red_Left","Yellow_Left","Green_Up","Blue_Right",100,100,0,50,"Up"
1,2,18,"Red_Down","Yellow_Down","Green_Down","Blue_Right",100,100,50,-200,"Up"
1,2,19,"Red_Up","Yellow_Up","Green_Down","Blue_Left",100,100,50,50,"Left"
1,2,20,"Red_Up","Yellow_Up","Green_Left","Blue_Left",100,100,0,50,"Up"
1,2,21,"Red_Left","Yellow_Left","Green_Up","Blue_Left",100,100,50,50,"Down"
1,2,22,"Red_Left","Yellow_Right","Green_Down","Blue_Down",-150,100,0,-200,"Up"
1,2,23,"Red_Right","Yellow_Left","Green_Left","Blue_Right",100,100,0,50,"Left"
1,2,24,"Red_Up","Yellow_Left","Green_Down","Blue_Up",-150,100,50,50,"Up"
1,2,25,"Red_Right","Yellow_Up","Green_Down","Blue_Right",-150,100,50,50,"Left"
1,2,26,"Red_Left","Yellow_Right","Green_Down","Blue_Up",-150,-1150,50,50,"Down"
1,2,27,"Red_Left","Yellow_Up","Green_Left","Blue_Down",100,100,50,50,"Right"
1,2,28,"Red_Down","Yellow_Left","Green_Down","Blue_Down",-150,100,0,50,"Left"
1,2,29,"Red_Down","Yellow_Left","Green_Down","Blue_Down",100,-1150,0,50,"Right"
1,2,30,"Red_Down","Yellow_Down","Green_Down","Blue_Up",-150,100,50,50,"Right"
1,2,31,"Red_Left","Yellow_Right","Green_Left","Blue_Left",-150,100,0,50,"Down"
1,2,32,"Red_Down","Yellow_Down","Green_Left","Blue_Down",100,100,50,50,"Down"
1,2,33,"Red_Left","Yellow_Left","Green_Down","Blue_Left",100,100,50,50,"Left"
1,2,34,"Red_Down","Yellow_Left","Green_Left","Blue_Down",-150,100,50,50,"Right"
1,2,35,"Red_Down","Yellow_Down","Green_Down","Blue_Left",-150,-1150,0,50,"Down"
1,2,36,"Red_Right","Yellow_Down","Green_Down","Blue_Down",-150,100,0,50,"Down"
1,2,37,"Red_Down","Yellow_Left","Green_Right","Blue_Down",100,100,0,50,"Left"
1,2,38,"Red_Down","Yellow_Left","Green_Down","Blue_Right",-150,100,50,50,"Left"
1,2,39,"Red_Left","Yellow_Down","Green_Left","Blue_Up",100,100,0,50,"Right"
1,2,40,"Red_Left","Yellow_Right","Green_Right","Blue_Left",-150,100,50,50,"Up"
1,2,41,"Red_Down","Yellow_Up","Green_Down","Blue_Down",100,100,0,50,"Down"
1,2,42,"Red_Down","Yellow_Up","Green_Down","Blue_Down",-150,-1150,0,50,"Down"
1,2,43,"Red_Right","Yellow_Down","Green_Down","Blue_Right",-150,100,0,50,"Up"
1,2,44,"Red_Down","Yellow_Down","Green_Down","Blue_Left",100,100,0,50,"Down"
1,2,45,"Red_Right","Yellow_Up","Green_Right","Blue_Up",-150,100,50,50,"Right"
1,2,46,"Red_Right","Yellow_Right","Green_Up","Blue_Right",-150,100,0,50,"Up"
1,2,47,"Red_Down","Yellow_Down","Green_Down","Blue_Left",-150,100,50,50,"Up"
1,2,48,"Red_Up","Yellow_Up","Green_Up","Blue_Down",-150,100,0,-200,"Down"
1,2,49,"Red_Up","Yellow_Up","Green_Down","Blue_Right",100,100,0,50,"Left"
1,2,50,"Red_Right","Yellow_Up","Green_Left","Blue_Down",100,100,50,50,"Left"
1,3,1,"Red_Down","Yellow_Down","Green_Up","Blue_Left",100,100,0,50,"Up"
1,3,2,"Red_Up","Yellow_Left","Green_Right","Blue_Up",-150,100,0,50,"Right"
1,3,3,"Red_Down","Yellow_Up","Green_Down","Blue_Down",100,100,50,50,"Down"
1,3,4,"Red_Right","Yellow_Left","Green_Up","Blue_Down",100,100,50,50,"Up"
1,3,5,"Red_Down","Yellow_Right","Green_Down","Blue_Up",100,-1150,0,-200,"Right"
1,3,6,"Red_Right","Yellow_Right","Green_Up","Blue_Down",-150,100,0,50,"Down"
1,3,7,"Red_Left","Yellow_Left","Green_Right","Blue_Left",-150,100,50,50,"Up"
1,3,8,"Red_Up","Yellow_Down","Green_Up","Blue_Up",-150,100,0,50,"Left"
1,3,9,"Red_Right","Yellow_Up","Green_Left","Blue_Down",100,100,50,50,"Left"
1,3,10,"Red_Down","Yellow_Left","Green_Up","Blue_Up",-150,-1150,50,50,"Right"
1,3,11,"Red_Up","Yellow_Down","Green_Down","Blue_Down",-150,100,50,50,"Right"
1,3,12,"Red_Up","Yellow_Up","Green_Left","Blue_Left",100,100,50,50,"Down"
1,3,13,"Red_Down","Yellow_Right","Green_Right","Blue_Up",-150,100,50,50,"Right"
1,3,14,"Red_Down","Yellow_Left","Green_Left","Blue_Right",100,100,0,50,"Left"
1,3,15,"Red_Right","Yellow_Right","Green_Up","Blue_Left",-150,100,0,50,"Up"
1,3,16,"Red_Up","Yellow_Down","Green_Down","Blue_Left",-150,100,0,-200,"Down"
1,3,17,"Red_Left","Yellow_Left","Green_Right","Blue_Right",100,-1150,0,50,"Down"
1,3,18,"Red_Down","Yellow_Left","Green_Right","Blue_Right",100,100,0,50,"Right"
1,3,19,"Red_Left","Yellow_Down","Green_Up","Blue_Down",100,100,50,50,"Left"
1,3,20,"Red_Up","Yellow_Up","Green_Up","Blue_Right",100,100,50,50,"Down"
1,3,21,"Red_Left","Yellow_Right","Green_Up","Blue_Up",-150,100,50,50,"Up"
1,3,22,"Red_Right","Yellow_Left","Green_Up","Blue_Right",100,100,0,50,"Right"
1,3,23,"Red_Down","Yellow_Right","Green_Right","Blue_Down",100,100,50,50,"Left"
1,3,24,"Red_Up","Yellow_Right","Green_Up","Blue_Up",100,100,0,50,"Left"
1,3,25,"Red_Left","Yellow_Up","Green_Up","Blue_Left",-150,100,50,50,"Left"
1,3,26,"Red_Left","Yellow_Down","Green_Left","Blue_Right",100,-1150,0,50,"Down"
1,3,27,"Red_Right","Yellow_Up","Green_Left","Blue_Down",-150,100,0,50,"Down"
1,3,28,"Red_Up","Yellow_Up","Green_Left","Blue_Right",-150,100,50,50,"Left"
1,3,29,"Red_Up","Yellow_Left","Green_Left","Blue_Left",100,100,0,50,"Up"
1,3,30,"Red_Left","Yellow_Down","Green_Up","Blue_Down",100,100,50,50,"Up"
1,3,31,"Red_Down","Yellow_Down","Green_Down","Blue_Up",-150,100,0,-200,"Right"
1,3,32,"Red_Right","Yellow_Left","Green_Left","Blue_Left",-150,100,0,-200,"Left"
1,3,33,"Red_Left","Yellow_Down","Green_Right","Blue_Down",-150,100,50,50,"Down"
1,3,34,"Red_Up","Yellow_Up","Green_Left","Blue_Left",100,100,50,50,"Down"
1,3,35,"Red_Up","Yellow_Up","Green_Right","Blue_Left",100,100,50,50,"Down"
1,3,36,"Red_Right","Yellow_Right","Green_Left","Blue_Down",-150,100,0,50,"Right"
1,3,37,"Red_Up","Yellow_Up","Green_Up","Blue_Up",-150,100,50,50,"Down"
1,3,38,"Red_Up","Yellow_Down","Green_Up","Blue_Right",-150,100,0,50,"Down"
1,3,39,"Red_Down","Yellow_Right","Green_Up","Blue_Right",-150,100,0,50,"Down"
1,3,40,"Red_Right","Yellow_Left","Green_Up","Blue_Left",100,100,50,50,"Left"
1,3,41,"Red_Up","Yellow_Up","Green_Up","Blue_Down",-150,100,0,50,"Right"
1,3,42,"Red_Left","Yellow_Right","Green_Left","Blue_Right",100,100,50,50,"Right"
1,3,43,"Red_Right","Yellow_Down","Green_Right","Blue_Right",100,100,50,50,"Down"
1,3,44,"Red_Left","Yellow_Left","Green_Left","Blue_Down",100,100,0,-200,"Up"
1,3,45,"Red_Down","Yellow_Left","Green_Down","Blue_Down",100,100,0,50,"Down"
1,3,46,"Red_Down","Yellow_Up","Green_Left","Blue_Left",100,100,50,50,"Down"
1,3,47,"Red_Up","Yellow_Left","Green_Down","Blue_Right",-150,-1150,50,50,"Down"
1,3,48,"Red_Up","Yellow_Left","Green_Right","Blue_Left",-150,100,0,50,"Left"
1,3,49,"Red_Up","Yellow_Down","Green_Up","Blue_Right",-150,100,50,50,"Right"
1,3,50,"Red_Left","Yellow_Up","Green_Down","Blue_Up",-150,100,0,50,"Down"
1,4,1,"Red_Up","Yellow_Right","Green_Right","Blue_Up",100,100,0,-200,"Left"
1,4,2,"Red_Right","Yellow_Left","Green_Right","Blue_Right",-150,100,50,50,"Down"
1,4,3,"Red_Right","Yellow_Left","Green_Up","Blue_Up",100,100,50,50,"Left"
1,4,4,"Red_Left","Yellow_Right","Green_Up","Blue_Left",100,100,0,50,"Right"
1,4,5,"Red_Up","Yellow_Left","Green_Right","Blue_Right",100,100,50,50,"Up"
1,4,6,"Red_Right","Yellow_Down","Green_Up","Blue_Down",100,100,0,50,"Left"
1,4,7,"Red_Down","Yellow_Left","Green_Left","Blue_Left",100,100,50,50,"Left"
1,4,8,"Red_Right","Yellow_Up","Green_Down","Blue_Up",-150,100,50,-200,"Left"
1,4,9,"Red_Up","Yellow_Left","Green_Up","Blue_Left",100,100,50,50,"Up"
1,4,10,"Red_Up","Yellow_Down","Green_Down","Blue_Left",-150,100,50,50,"Left"
1,4,11,"Red_Down","Yellow_Down","Green_Up","Blue_Left",-150,100,0,50,"Left"
1,4,12,"Red_Down","Yellow_Down","Green_Down","Blue_Right",100,100,50,50,"Down"
1,4,13,"Red_Right","Yellow_Up","Green_Down","Blue_Down",100,100,0,50,"Down"
1,4,14,"Red_Left","Yellow_Right","Green_Right","Blue_Right",-150,100,50,50,"Down"
1,4,15,"Red_Down","Yellow_Down","Green_Down","Blue_Right",100,100,50,50,"Left"
1,4,16,"Red_Up","Yellow_Up","Green_Left","Blue_Left",-150,100,0,50,"Right"
1,4,17,"Red_Up","Yellow_Right","Green_Right","Blue_Up",100,100,0,50,"Left"
1,4,18,"Red_Down","Yellow_Down","Green_Up","Blue_Down",100,-1150,0,50,"Left"
1,4,19,"Red_Up","Yellow_Up","Green_Up","Blue_Down",-150,100,0,50,"Down"
1,4,20,"Red_Right","Yellow_Right","Green_Up","Blue_Up",-150,100,50,50,"Up"
1,4,21,"Red_Down","Yellow_Up","Green_Left","Blue_Left",-150,100,50,50,"Down"
1,4,22,"Red_Right","Yellow_Up","Green_Up","Blue_Up",100,100,0,50,"Right"
1,4,23,"Red_Right","Yellow_Left","Green_Left","Blue_Left",-150,-1150,0,-200,"Right"
1,4,24,"Red_Left","Yellow_Right","Green_Up","Blue_Down",100,100,0,50,"Right"
1,4,25,"Red_Left","Yellow_Down","Green_Right","Blue_Down",100,100,0,50,"Up"
1,4,26,"Red_Up","Yellow_Down","Green_Down","Blue_Up",-150,100,50,50,"Left"
1,4,27,"Red_Left","Yellow_Down","Green_Up","Blue_Up",-150,100,50,50,"Left"
1,4,28,"Red_Down","Yellow_Left","Green_Left","Blue_Up",100,100,50,-200,"Right"
1,4,29,"Red_Up","Yellow_Down","Green_Up","Blue_Down",100,100,50,50,"Right"
1,4,30,"Red_Right","Yellow_Right","Green_Left","Blue_Down",-150,100,50,50,"Down"
1,4,31,"Red_Down","Yellow_Right","Green_Up","Blue_Down",-150,100,0,50,"Right"
1,4,32,"Red_Left","Yellow_Right","Green_Left","Blue_Up",100,100,0,50,"Up"
1,4,33,"Red_Right","Yellow_Up","Green_Right","Blue_Up",100,100,50,50,"Left"
1,4,34,"Red_Up","Yellow_Up","Green_Left","Blue_Right",-150,100,0,50,"Up"
1,4,35,"Red_Left","Yellow_Right","Green_Down","Blue_Right",-150,100,0,50,"Left"
1,4,36,"Red_Right","Yellow_Right","Green_Down","Blue_Left",-150,-1150,0,50,"Down"
1,4,37,"Red_Down","Yellow_Down","Green_Left","Blue_Down",100,-1150,0,50,"Down"
1,4,38,"Red_Down","Yellow_Left","Green_Left","Blue_Up",-150,100,0,50,"Up"
1,4,39,"Red_Left","Yellow_Up","Green_Up","Blue_Down",100,100,0,50,"Left"
1,4,40,"Red_Up","Yellow_Up","Green_Down","Blue_Up",100,100,50,50,"Down"
1,4,41,"Red_Down","Yellow_Down","Green_Up","Blue_Up",-150,-1150,50,50,"Right"
1,4,42,"Red_Left","Yellow_Left","Green_Right","Blue_Left",-150,100,0,50,"Up"
1,4,43,"Red_Down","Yellow_Up","Green_Down","Blue_Left",100,100,50,50,"Left"
1,4,44,"Red_Left","Yellow_Down","Green_Up","Blue_Left",100,100,50,50,"Right"
1,4,45,"Red_Up","Yellow_Up","Green_Right","Blue_Right",-150,100,0,50,"Right"
1,4,46,"Red_Down","Yellow_Right","Green_Down","Blue_Right",100,100,0,50,"Left"
1,4,47,"Red_Down","Yellow_Up","Green_Right","Blue_Down",-150,100,50,50,"Left"
1,4,48,"Red_Left","Yellow_Left","Green_Left","Blue_Left",-150,100,50,50,"Right"
1,4,49,"Red_Left","Yellow_Down","Green_Down","Blue_Down",-150,100,0,-200,"Up"
1,4,50,"Red_Down","Yellow_Down","Green_Right","Blue_Left",-150,100,50,50,"Right"
1,5,1,"Red_Right","Yellow_Down","Green_Left","Blue_Down",100,100,50,50,"Down"
1,5,2,"Red_Down","Yellow_Left","Green_Right","Blue_Left",100,100,50,50,"Down"
1,5,3,"Red_Up","Yellow_Left","Green_Left","Blue_Right",-150,100,0,50,"Right"
1,5,4,"Red_Up","Yellow_Right","Green_Down","Blue_Up",100,100,50,50,"Up"
1,5,5,"Red_Left","Yellow_Up","Green_Up","Blue_Right",100,100,0,-200,"Right"
1,5,6,"Red_Left","Yellow_Down","Green_Up","Blue_Left",-150,100,50,50,"Right"
1,5,7,"Red_Right","Yellow_Down","Green_Left","Blue_Down",-150,100,50,50,"Down"
1,5,8,"Red_Right","Yellow_Left","Green_Right","Blue_Down",100,100,50,-200,"Left"
1,5,9,"Red_Right","Yellow_Down","Green_Down","Blue_Up",-150,100,0,50,"Right"
1,5,10,"Red_Right","Yellow_Down","Green_Left","Blue_Down",-150,100,50,50,"Right"
1,5,11,"Red_Down","Yellow_Left","Green_Up","Blue_Up",100,100,50,50,"Right"
1,5,12,"Red_Up","Yellow_Left","Green_Left","Blue_Left",-150,-1150,0,50,"Left"
1,5,13,"Red_Right","Yellow_Up","Green_Up","Blue_Right",-150,100,0,50,"Up"
1,5,14,"Red_Down","Yellow_Up","Green_Left","Blue_Up",-150,100,50,50,"Right"
1,5,15,"Red_Up","Yellow_Down","Green_Up","Blue_Up",-150,100,50,50,"Right"
1,5,16,"Red_Up","Yellow_Up","Green_Left","Blue_Left",100,100,50,50,"Right"
1,5,17,"Red_Right","Yellow_Left","Green_Down","Blue_Down",-150,100,50,50,"Down"
1,5,18,"Red_Right","Yellow_Down","Green_Down","Blue_Down",-150,100,50,-200,"Up"
1,5,19,"Red_Down","Yellow_Left","Green_Down","Blue_Up",-150,100,0,-200,"Down"
1,5,20,"Red_Right","Yellow_Down","Green_Down","Blue_Down",-150,100,0,50,"Left"
1,5,21,"Red_Up","Yellow_Down","Green_Down","Blue_Right",-150,100,0,50,"Right"
1,5,22,"Red_Left","Yellow_Down","Green_Up","Blue_Up",-150,100,0,50,"Left"
1,5,23,"Red_Up","Yellow_Right","Green_Up","Blue_Up",-150,100,50,50,"Up"
1,5,24,"Red_Right","Yellow_Down","Green_Right","Blue_Down",-150,100,0,50,"Left"
1,5,25,"Red_Down","Yellow_Down","Green_Up","Blue_Up",100,100,0,50,"Right"
1,5,26,"Red_Left","Yellow_Right","Green_Right","Blue_Up",100,-1150,50,50,"Down"
1,5,27,"Red_Down","Yellow_Right","Green_Right","Blue_Left",-150,100,0,50,"Up"
1,5,28,"Red_Down","Yellow_Right","Green_Left","Blue_Right",100,-1150,0,50,"Up"
1,5,29,"Red_Left","Yellow_Up","Green_Down","Blue_Down",-150,100,50,50,"Down"
1,5,30,"Red_Right","Yellow_Down","Green_Up","Blue_Down",100,100,0,50,"Left"
1,5,31,"Red_Left","Yellow_Right","Green_Left","Blue_Left",-150,100,0,50,"Up"
1,5,32,"Red_Up","Yellow_Left","Green_Right","Blue_Left",100,100,50,50,"Down"
1,5,33,"Red_Left","Yellow_Down","Green_Up","Blue_Left",-150,100,50,50,"Down"
1,5,34,"Red_Right","Yellow_Down","Green_Right","Blue_Down",100,-1150,50,50,"Up"
1,5,35,"Red_Left","Yellow_Right","Green_Up","Blue_Up",100,100,0,50,"Right"
1,5,36,"Red_Left","Yellow_Left","Green_Left","Blue_Left",100,100,0,50,"Right"
1,5,37,"Red_Left","Yellow_Right","Green_Up","Blue_Left",100,100,0,50,"Right"
1,5,38,"Red_Up","Yellow_Right","Green_Down","Blue_Left",100,100,0,50,"Down"
1,5,39,"Red_Right","Yellow_Left","Green_Up","Blue_Right",-150,100,0,50,"Right"
1,5,40,"Red_Down","Yellow_Left","Green_Right","Blue_Down",100,100,50,50,"Up"
1,5,41,"Red_Down","Yellow_Right","Green_Up","Blue_Right",100,100,0,50,"Up"
1,5,42,"Red_Up","Yellow_Right","Green_Left","Blue_Right",-150,100,0,-200,"Down"
1,5,43,"Red_Down","Yellow_Right","Green_Up","Blue_Up",100,100,0,50,"Up"
1,5,44,"Red_Up","Yellow_Down","Green_Down","Blue_Up",100,100,50,50,"Right"
1,5,45,"Red_Down","Yellow_Up","Green_Down","Blue_Up",100,100,50,50,"Left"
1,5,46,"Red_Left","Yellow_Left","Green_Left","Blue_Down",-150,100,0,50,"Up"
1,5,47,"Red_Right","Yellow_Up","Green_Up","Blue_Right",100,100,50,50,"Up"
1,5,48,"Red_Down","Yellow_Up","Green_Down","Blue_Right",-150,100,0,50,"Right"
1,5,49,"Red_Right","Yellow_Up","Green_Right","Blue_Right",100,100,50,50,"Right"
1,5,50,"Red_Up","Yellow_Right","Green_Left","Blue_Down",100,-1150,50,50,"Down"
1,6,1,"Red_Down","Yellow_Up","Green_Down","Blue_Right",-150,100,50,50,"Up"
1,6,2,"Red_Right","Yellow_Down","Green_Left","Blue_Left",100,100,0,50,"Right"
1,6,3,"Red_Right","Yellow_Down","Green_Down","Blue_Up",100,100,0,-200,"Down"
1,6,4,"Red_Up","Yellow_Right","Green_Left","Blue_Up",-150,100,0,50,"Up"
1,6,5,"Red_Down","Yellow_Right","Green_Right","Blue_Down",-150,100,50,50,"Up"
1,6,6,"Red_Left","Yellow_Right","Green_Up","Blue_Up",100,100,50,50,"Up"
1,6,7,"Red_Down","Yellow_Left","Green_Left","Blue_Down",100,100,50,50,"Left"
1,6,8,"Red_Down","Yellow_Left","Green_Up","Blue_Right",100,100,50,50,"Left"
1,6,9,"Red_Up","Yellow_Down","Green_Down","Blue_Right",-150,100,0,50,"Down"
1,6,10,"Red_Left","Yellow_Down","Green_Up","Blue_Right",100,100,0,50,"Up"
1,6,11,"Red_Up","Yellow_Up","Green_Right","Blue_Left",-150,-1150,0,50,"Right"
1,6,12,"Red_Right","Yellow_Down","Green_Down","Blue_Right",100,100,0,50,"Down"
1,6,13,"Red_Left","Yellow_Down","Green_Down","Blue_Down",-150,100,0,50,"Right"
1,6,14,"Red_Up","Yellow_Right","Green_Right","Blue_Up",-150,100,50,50,"Left"
1,6,15,"Red_Up","Yellow_Left","Green_Right","Blue_Right",100,100,50,50,"Down"
1,6,16,"Red_Up","Yellow_Left","Green_Up","Blue_Down",100,100,50,50,"Left"
1,6,17,"Red_Right","Yellow_Left","Green_Up","Blue_Up",100,-1150,50,50,"Down"
1,6,18,"Red_Down","Yellow_Up","Green_Up","Blue_Up",-150,100,0,50,"Left"
1,6,19,"Red_Up","Yellow_Down","Green_Left","Blue_Right",-150,100,0,50,"Up"
1,6,20,"Red_Up","Yellow_Left","Green_Down","Blue_Up",-150,100,50,50,"Up"
1,6,21,"Red_Right","Yellow_Down","Green_Right","Blue_Right",100,100,50,50,"Up"
1,6,22,"Red_Up","Yellow_Down","Green_Up","Blue_Up",100,100,50,50,"Up"
1,6,23,"Red_Left","Yellow_Down","Green_Right","Blue_Right",-150,100,0,50,"Left"
1,6,24,"Red_Up","Yellow_Right","Green_Down","Blue_Left",-150,100,0,-200,"Down"
1,6,25,"Red_Down","Yellow_Up","Green_Up","Blue_Right",-150,100,0,50,"Up"
1,6,26,"Red_Left","Yellow_Down","Green_Left","Blue_Down",100,100,50,50,"Down"
1,6,27,"Red_Right","Yellow_Down","Green_Up","Blue_Up",100,100,0,50,"Up"
1,6,28,"Red_Up","Yellow_Up","Green_Up","Blue_Up",-150,100,50,-200,"Left"
1,6,29,"Red_Up","Yellow_Left","Green_Up","Blue_Up",100,100,0,50,"Left"
1,6,30,"Red_Down","Yellow_Right","Green_Down","Blue_Down",-150,100,0,50,"Up"
1,6,31,"Red_Left","Yellow_Down","Green_Right","Blue_Left",100,-1150,50,50,"Right"
1,6,32,"Red_Right","Yellow_Down","Green_Right","Blue_Right",-150,100,50,50,"Down"
1,6,33,"Red_Down","Yellow_Up","Green_Up","Blue_Up",-150,100,50,50,"Left"
1,6,34,"Red_Up","Yellow_Right","Green_Right","Blue_Up",-150,100,0,50,"Up"
1,6,35,"Red_Up","Yellow_Down","Green_Right","Blue_Up",100,100,0,50,"Left"
1,6,36,"Red_Down","Yellow_Up","Green_Right","Blue_Right",-150,100,50,50,"Down"
1,6,37,"Red_Down","Yellow_Down","Green_Up","Blue_Down",100,100,0,50,"Right"
1,6,38,"Red_Left","Yellow_Left","Green_Down","Blue_Left",100,100,50,50,"Right"
1,6,39,"Red_Up","Yellow_Left","Green_Up","Blue_Right",-150,100,50,50,"Up"
1,6,40,"Red_Left","Yellow_Left","Green_Left","Blue_Right",-150,100,50,-200,"Right"
1,6,41,"Red_Right","Yellow_Right","Green_Down","Blue_Right",100,100,0,50,"Up"
1,6,42,"Red_Down","Yellow_Left","Green_Left","Blue_Left",-150,100,0,50,"Up"
1,6,43,"Red_Right","Yellow_Down","Green_Left","Blue_Right",100,-1150,0,50,"Up"
1,6,44,"Red_Down","Yellow_Down","Green_Right","Blue_Left",-150,100,50,50,"Up"
1,6,45,"Red_Left","Yellow_Down","Green_Left","Blue_Up",-150,100,0,-200,"Left"
1,6,46,"Red_Left","Yellow_Right","Green_Down","Blue_Down",100,100,0,50,"Down"
1,6,47,"Red_Left","Yellow_Up","Green_Up","Blue_Left",100,100,50,50,"Down"
1,6,48,"Red_Down","Yellow_Left","Green_Left","Blue_Down",100,100,50,50,"Down"
1,6,49,"Red_Up","Yellow_Down","Green_Left","Blue_Up",-150,-1150,0,50,"Left"
1,6,50,"Red_Right","Yellow_Up","Green_Right","Blue_Right",100,100,50,50,"Up"
2,1,1,"Red_Left","Yellow_Left","Green_Up","Blue_Up",100,100,50,50,"Down"
2,1,2,"Red_Left","Yellow_Right","Green_Down","Blue_Up",100,100,0,50,"Down"
2,1,3,"Red_Up","Yellow_Right","Green_Down","Blue_Down",100,100,0,50,"Up"
2,1,4,"Red_Down","Yellow_Up","Green_Left","Blue_Down",100,100,0,50,"Down"
2,1,5,"Red_Up","Yellow_Down","Green_Down","Blue_Left",-150,100,0,50,"Up"
2,1,6,"Red_Left","Yellow_Down","Green_Down","Blue_Down",100,100,0,-200,"Up"
2,1,7,"Red_Up","Yellow_Left","Green_Up","Blue_Up",-150,100,0,50,"Down"
2,1,8,"Red_Right","Yellow_Left","Green_Down","Blue_Left",100,100,0,50,"Left"
2,1,9,"Red_Down","Yellow_Up","Green_Left","Blue_Down",100,100,50,50,"Up"
2,1,10,"Red_Down","Yellow_Right","Green_Down","Blue_Right",-150,100,50,50,"Left"
2,1,11,"Red_Right","Yellow_Down","Green_Right","Blue_Right",-150,100,50,50,"Right"
2,1,12,"Red_Right","Yellow_Right","Green_Up","Blue_Right",-150,100,50,50,"Up"
2,1,13,"Red_Left","Yellow_Left","Green_Down","Blue_Right",-150,100,50,50,"Down"
2,1,14,"Red_Right","Yellow_Down","Green_Up","Blue_Up",-150,100,0,50,"Up"
2,1,15,"Red_Right","Yellow_Down","Green_Up","Blue_Left",-150,100,50,50,"Right"
2,1,16,"Red_Left","Yellow_Down","Green_Right","Blue_Down",100,100,0,50,"Down"
2,1,17,"Red_Right","Yellow_Left","Green_Down","Blue_Down",100,100,0,50,"Down"
2,1,18,"Red_Left","Yellow_Right","Green_Up","Blue_Left",-150,100,0,50,"Down"
2,1,19,"Red_Left","Yellow_Up","Green_Left","Blue_Down",100,100,50,50,"Left"
2,1,20,"Red_Up","Yellow_Up","Green_Left","Blue_Right",-150,100,50,50,"Up"
2,1,21,"Red_Down","Yellow_Left","Green_Up","Blue_Left",100,100,0,50,"Up"
2,1,22,"Red_Down","Yellow_Left","Green_Down","Blue_Up",-150,100,50,50,"Right"
2,1,23,"Red_Up","Yellow_Left","Green_Right","Blue_Left",-150,100,0,50,"Up"
2,1,24,"Red_Left","Yellow_Down","Green_Up","Blue_Down",-150,-1150,0,50,"Up"
2,1,25,"Red_Down","Yellow_Up","Green_Left","Blue_Up",100,100,0,50,"Right"
2,1,26,"Red_Down","Yellow_Up","Green_Right","Blue_Down",-150,100,50,50,"Left"
2,1,27,"Red_Left","Yellow_Down","Green_Up","Blue_Down",100,-1150,0,50,"Up"
2,1,28,"Red_Right","Yellow_Down","Green_Left","Blue_Up",100,100,50,50,"Down"
2,1,29,"Red_Up","Yellow_Down","Green_Left","Blue_Left",100,100,0,50,"Up"
2,1,30,"Red_Up","Yellow_Down","Green_Up","Blue_Up",100,100,50,-200,"Down"
2,1,31,"Red_Left","Yellow_Up","Green_Left","Blue_Down",100,-1150,50,50,"Right"
2,1,32,"Red_Down","Yellow_Up","Green_Up","Blue_Down",100,100,50,50,"Down"
2,1,33,"Red_Down","Yellow_Left","Green_Right","Blue_Left",-150,100,50,50,"Up"
2,1,34,"Red_Up","Yellow_Down","Green_Left","Blue_Right",-150,-1150,50,50,"Up"
2,1,35,"Red_Right","Yellow_Down","Green_Up","Blue_Up",-150,100,50,50,"Up"
2,1,36,"Red_Right","Yellow_Left","Green_Up","Blue_Down",100,100,0,50,"Up"
2,1,37,"Red_Down","Yellow_Up","Green_Right","Blue_Right",100,100,50,-200,"Right"
2,1,38,"Red_Left","Yellow_Down","Green_Up","Blue_Left",-150,100,0,50,"Left"
2,1,39,"Red_Up","Yellow_Up","Green_Down","Blue_Down",100,100,0,50,"Up"
2,1,40,"Red_Left","Yellow_Up","Green_Down","Blue_Up",-150,100,0,50,"Up"
2,1,41,"Red_Up","Yellow_Right","Green_Down","Blue_Right",100,100,0,-200,"Up"
2,1,42,"Red_Down","Yellow_Up","Green_Up","Blue_Left",100,100,50,50,"Down"
2,1,43,"Red_Down","Yellow_Down","Green_Up","Blue_Up",100,100,0,50,"Down"
2,1,44,"Red_Up","Yellow_Right","Green_Down","Blue_Down",-150,100,50,50,"Left"
2,1,45,"Red_Down","Yellow_Left","Green_Right","Blue_Down",-150,-1150,0,50,"Down"
2,1,46,"Red_Up","Yellow_Left","Green_Left","Blue_Down",-150,100,50,50,"Left"
2,1,47,"Red_Right","Yellow_Up","Green_Up","Blue_Down",-150,100,50,-200,"Up"
2,1,48,"Red_Left","Yellow_Left","Green_Left","Blue_Right",100,100,50,50,"Up"
2,1,49,"Red_Up","Yellow_Right","Green_Up","Blue_Up",-150,100,0,50,"Right"
2,1,50,"Red_Up","Yellow_Left","Green_Up","Blue_Up",-150,100,50,50,"Up"
2,2,1,"Red_Up","Yellow_Down","Green_Right","Blue_Up",-150,100,0,50,"Up"
2,2,2,"Red_Up","Yellow_Down","Green_Left","Blue_Up",100,-1150,50,50,"Up"
2,2,3,"Red_Down","Yellow_Left","Green_Left","Blue_Up",100,100,50,50,"Right"
2,2,4,"Red_Right","Yellow_Up","Green_Left","Blue_Up",-150,100,0,50,"Left"
2,2,5,"Red_Down","Yellow_Down","Green_Down","Blue_Up",-150,100,0,50,"Up"
2,2,6,"Red_Left","Yellow_Left","Green_Up","Blue_Right",-150,100,0,50,"Right"
2,2,7,"Red_Up","Yellow_Down","Green_Up","Blue_Right",-150,100,50,50,"Up"
2,2,8,"Red_Left","Yellow_Right","Green_Right","Blue_Down",100,100,50,50,"Left"
2,2,9,"Red_Up","Yellow_Left","Green_Up","Blue_Right",100,100,50,50,"Left"
2,2,10,"Red_Down","Yellow_Right","Green_Up","Blue_Left",100,100,50,50,"Right"
2,2,11,"Red_Left","Yellow_Right","Green_Up","Blue_Left",-150,100,50,-200,"Down"
2,2,12,"Red_Up","Yellow_Right","Green_Right","Blue_Down",-150,100,0,50,"Up"
2,2,13,"Red_Right","Yellow_Right","Green_Up","Blue_Up",100,-1150,50,50,"Up"
2,2,14,"Red_Right","Yellow_Right","Green_Down","Blue_Down",-150,100,0,50,"Up"
2,2,15,"Red_Left","Yellow_Up","Green_Up","Blue_Up",-150,100,50,50,"Down"
2,2,16,"Red_Down","Yellow_Down","Green_Right","Blue_Down",-150,100,50,50,"Up"
2,2,17,"Red_Right","Yellow_Down","Green_Left","Blue_Up",-150,100,0,50,"Down"
2,2,18,"Red_Right","Yellow_Up","Green_Down","Blue_Up",100,100,50,50,"Up"
2,2,19,"Red_Left","Yellow_Down","Green_Down","Blue_Right",-150,100,0,50,"Right"
2,2,20,"Red_Right","Yellow_Up","Green_Down","Blue_Up",-150,100,0,50,"Up"
2,2,21,"Red_Left","Yellow_Right","Green_Right","Blue_Left",100,100,0,50,"Left"
2,2,22,"Red_Up","Yellow_Up","Green_Right","Blue_Right",-150,-1150,50,50,"Left"
2,2,23,"Red_Right","Yellow_Down","Green_Left","Blue_Right",100,100,0,50,"Down"
2,2,24,"Red_Left","Yellow_Down","Green_Left","Blue_Up",100,100,50,50,"Down"
2,2,25,"Red_Down","Yellow_Up","Green_Down","Blue_Right",100,100,0,50,"Up"
2,2,26,"Red_Right","Yellow_Up","Green_Left","Blue_Down",-150,100,50,50,"Left"
2,2,27,"Red_Down","Yellow_Down","Green_Down","Blue_Up",100,-1150,50,-200,"Right"
2,2,28,"Red_Down","Yellow_Right","Green_Up","Blue_Up",100,100,0,50,"Up"
2,2,29,"Red_Right","Yellow_Right","Green_Up","Blue_Up",-150,100,50,50,"Up"
2,2,30,"Red_Right","Yellow_Down","Green_Down","Blue_Left",-150,100,0,50,"Down"
2,2,31,"Red_Left","Yellow_Up","Green_Right","Blue_Down",100,100,0,50,"Up"
2,2,32,"Red_Up","Yellow_Up","Green_Down","Blue_Up",100,-1150,50,50,"Down"
2,2,33,"Red_Left","Yellow_Left","Green_Down","Blue_Up",100,100,50,50,"Down"
2,2,34,"Red_Right","Yellow_Right","Green_Right","Blue_Left",100,100,0,50,"Down"
2,2,35,"Red_Down","Yellow_Right","Green_Down","Blue_Down",100,100,0,50,"Down"
2,2,36,"Red_Down","Yellow_Right","Green_Right","Blue_Down",-150,100,0,50,"Right"
2,2,37,"Red_Up","Yellow_Down","Green_Right","Blue_Left",100,100,0,50,"Right"
2,2,38,"Red_Left","Yellow_Up","Green_Up","Blue_Down",100,100,0,50,"Right"
2,2,39,"Red_Right","Yellow_Right","Green_Down","Blue_Right",-150,100,0,50,"Right"
2,2,40,"Red_Down","Yellow_Up","Green_Up","Blue_Down",-150,100,50,50,"Left"
2,2,41,"Red_Down","Yellow_Down","Green_Down","Blue_Up",100,100,50,-200,"Right"
2,2,42,"Red_Up","Yellow_Right","Green_Left","Blue_Down",100,100,50,50,"Left"
2,2,43,"Red_Left","Yellow_Up","Green_Left","Blue_Left",-150,100,50,-200,"Left"
2,2,44,"Red_Right","Yellow_Left","Green_Up","Blue_Left",-150,100,0,50,"Left"
2,2,45,"Red_Down","Yellow_Left","Green_Left","Blue_Left",-150,100,50,50,"Up"
2,2,46,"Red_Right","Yellow_Up","Green_Right","Blue_Left",100,100,50,50,"Left"
2,2,47,"Red_Right","Yellow_Up","Green_Up","Blue_Left",100,100,0,50,"Left"
2,2,48,"Red_Right","Yellow_Down","Green_Down","Blue_Up",-150,100,0,50,"Left"
2,2,49,"Red_Down","Yellow_Up","Green_Left","Blue_Up",-150,100,50,-200,"Right"
2,2,50,"Red_Up","Yellow_Up","Green_Left","Blue_Up",100,100,0,50,"Down"
2,3,1,"Red_Right","Yellow_Left","Green_Left","Blue_Left",-150,100,0,50,"Left"
2,3,2,"Red_Right","Yellow_Down","Green_Right","Blue_Right",100,100,0,50,"Left"
2,3,3,"Red_Up","Yellow_Left","Green_Right","Blue_Down",-150,100,50,50,"Left"
2,3,4,"Red_Down","Yellow_Right","Green_Up","Blue_Left",-150,100,0,50,"Up"
2,3,5,"Red_Left","Yellow_Down","Green_Up","Blue_Down",100,100,0,50,"Up"
2,3,6,"Red_Down","Yellow_Up","Green_Down","Blue_Left",-150,100,0,50,"Left"
2,3,7,"Red_Down","Yellow_Down","Green_Up","Blue_Right",100,100,0,50,"Down"
2,3,8,"Red_Right","Yellow_Down","Green_Down","Blue_Up",-150,100,50,50,"Left"
2,3,9,"Red_Right","Yellow_Left","Green_Left","Blue_Left",100,100,50,50,"Down"
2,3,10,"Red_Right","Yellow_Right","Green_Left","Blue_Right",-150,100,50,50,"Up"
2,3,11,"Red_Left","Yellow_Down","Green_Left","Blue_Up",100,100,0,50,"Right"
2,3,12,"Red_Down","Yellow_Down","Green_Down","Blue_Right",100,100,50,-200,"Down"
2,3,13,"Red_Right","Yellow_Left","Green_Right","Blue_Left",100,100,50,50,"Down"
2,3,14,"Red_Up","Yellow_Down","Green_Up","Blue_Left",100,100,50,50,"Down"
2,3,15,"Red_Left","Yellow_Down","Green_Up","Blue_Right",100,100,0,50,"Right"
2,3,16,"Red_Left","Yellow_Up","Green_Right","Blue_Right",-150,-1150,0,50,"Up"
2,3,17,"Red_Down","Yellow_Up","Green_Left","Blue_Up",100,100,0,50,"Right"
2,3,18,"Red_Down","Yellow_Left","Green_Left","Blue_Left",100,100,50,50,"Up"
2,3,19,"Red_Up","Yellow_Left","Green_Right","Blue_Up",-150,100,50,50,"Up"
2,3,20,"Red_Down","Yellow_Right","Green_Right","Blue_Left",-150,100,50,50,"Left"
2,3,21,"Red_Down","Yellow_Up","Green_Left","Blue_Left",-150,-1150,50,50,"Left"
2,3,22,"Red_Right","Yellow_Down","Green_Left","Blue_Up",100,100,50,50,"Up"
2,3,23,"Red_Right","Yellow_Left","Green_Down","Blue_Right",-150,100,50,50,"Up"
2,3,24,"Red_Left","Yellow_Right","Green_Down","Blue_Right",100,100,50,50,"Left"
2,3,25,"Red_Right","Yellow_Up","Green_Right","Blue_Down",100,100,50,50,"Up"
2,3,26,"Red_Left","Yellow_Right","Green_Down","Blue_Left",-150,100,0,50,"Left"
2,3,27,"Red_Left","Yellow_Up","Green_Down","Blue_Down",-150,100,50,50,"Right"
2,3,28,"Red_Up","Yellow_Right","Green_Right","Blue_Up",100,100,50,50,"Down"
2,3,29,"Red_Down","Yellow_Left","Green_Down","Blue_Left",100,100,0,50,"Up"
2,3,30,"Red_Left","Yellow_Right","Green_Right","Blue_Left",-150,100,50,50,"Up"
2,3,31,"Red_Up","Yellow_Left","Green_Left","Blue_Right",-150,100,0,50,"Left"
2,3,32,"Red_Left","Yellow_Up","Green_Left","Blue_Up",100,100,50,50,"Right"
2,3,33,"Red_Left","Yellow_Right","Green_Down","Blue_Down",-150,100,0,-200,"Down"
2,3,34,"Red_Right","Yellow_Down","Green_Left","Blue_Right",-150,100,50,50,"Left"
2,3,35,"Red_Right","Yellow_Up","Green_Right","Blue_Right",100,100,0,50,"Down"
2,3,36,"Red_Left","Yellow_Up","Green_Up","Blue_Down",-150,100,0,-200,"Up"
2,3,37,"Red_Right","Yellow_Right","Green_Right","Blue_Left",100,100,50,50,"Down"
2,3,38,"Red_Right","Yellow_Left","Green_Down","Blue_Down",-150,100,50,50,"Left"
2,3,39,"Red_Up","Yellow_Up","Green_Down","Blue_Right",100,100,50,50,"Down"
2,3,40,"Red_Down","Yellow_Up","Green_Up","Blue_Down",-150,-1150,0,50,"Left"
2,3,41,"Red_Down","Yellow_Up","Green_Left","Blue_Left",100,100,0,50,"Left"
2,3,42,"Red_Up","Yellow_Right","Green_Left","Blue_Right",-150,100,0,50,"Up"
2,3,43,"Red_Up","Yellow_Left","Green_Down","Blue_Right",100,100,50,50,"Down"
2,3,44,"Red_Right","Yellow_Left","Green_Right","Blue_Down",-150,100,50,50,"Right"
2,3,45,"Red_Left","Yellow_Down","Green_Right","Blue_Right",100,-1150,0,50,"Up"
2,3,46,"Red_Down","Yellow_Right","Green_Right","Blue_Up",-150,100,0,-200,"Down"
2,3,47,"Red_Up","Yellow_Right","Green_Left","Blue_Left",-150,100,0,50,"Down"
2,3,48,"Red_Right","Yellow_Left","Green_Left","Blue_Down",100,100,0,50,"Right"
2,3,49,"Red_Right","Yellow_Right","Green_Up","Blue_Left",100,-1150,0,-200,"Down"
2,3,50,"Red_Right","Yellow_Down","Green_Left","Blue_Down",-150,100,0,50,"Right"
2,4,1,"Red_Up","Yellow_Down","Green_Down","Blue_Left",100,100,50,50,"Down"
2,4,2,"Red_Down","Yellow_Right","Green_Up","Blue_Down",-150,100,0,50,"Up"
2,4,3,"Red_Left","Yellow_Left","Green_Up","Blue_Down",-150,-1150,0,50,"Right"
2,4,4,"Red_Down","Yellow_Right","Green_Left","Blue_Down",100,100,0,50,"Down"
2,4,5,"Red_Up","Yellow_Down","Green_Right","Blue_Up",100,100,50,50,"Right"
2,4,6,"Red_Left","Yellow_Left","Green_Down","Blue_Down",-150,100,50,50,"Up"
2,4,7,"Red_Down","Yellow_Left","Green_Up","Blue_Down",100,100,50,50,"Right"
2,4,8,"Red_Left","Yellow_Up","Green_Down","Blue_Right",100,100,50,50,"Down"
2,4,9,"Red_Up","Yellow_Down","Green_Right","Blue_Left",-150,100,50,50,"Up"
2,4,10,"Red_Down","Yellow_Right","Green_Up","Blue_Down",100,-1150,0,50,"Right"
2,4,11,"Red_Left","Yellow_Down","Green_Left","Blue_Right",-150,100,50,50,"Right"
2,4,12,"Red_Right","Yellow_Left","Green_Right","Blue_Left",-150,100,50,-200,"Left"
2,4,13,"Red_Down","Yellow_Left","Green_Down","Blue_Up",-150,100,50,50,"Down"
2,4,14,"Red_Left","Yellow_Right","Green_Up","Blue_Down",100,100,0,50,"Up"
2,4,15,"Red_Left","Yellow_Right","Green_Up","Blue_Down",-150,100,0,50,"Left"
2,4,16,"Red_Right","Yellow_Left","Green_Down","Blue_Right",100,100,50,50,"Down"
2,4,17,"Red_Down","Yellow_Up","Green_Right","Blue_Right",-150,-1150,0,-200,"Right"
2,4,18,"Red_Down","Yellow_Right","Green_Down","Blue_Left",-150,100,50,50,"Left"
2,4,19,"Red_Right","Yellow_Right","Green_Left","Blue_Right",-150,-1150,0,50,"Down"
2,4,20,"Red_Down","Yellow_Down","Green_Up","Blue_Up",100,100,50,50,"Left"
2,4,21,"Red_Right","Yellow_Left","Green_Left","Blue_Right",100,100,50,50,"Left"
2,4,22,"Red_Left","Yellow_Left","Green_Left","Blue_Left",-150,100,50,50,"Up"
2,4,23,"Red_Up","Yellow_Right","Green_Down","Blue_Down",-150,100,0,50,"Right"
2,4,24,"Red_Right","Yellow_Right","Green_Up","Blue_Down",-150,100,50,50,"Down"
2,4,25,"Red_Right","Yellow_Right","Green_Up","Blue_Down",100,100,0,50,"Left"
2,4,26,"Red_Up","Yellow_Down","Green_Right","Blue_Up",100,100,0,50,"Up"
2,4,27,"Red_Up","Yellow_Left","Green_Left","Blue_Left",100,100,50,-200,"Up"
2,4,28,"Red_Down","Yellow_Up","Green_Down","Blue_Down",-150,100,50,50,"Left"
2,4,29,"Red_Down","Yellow_Right","Green_Right","Blue_Up",100,-1150,50,50,"Down"
2,4,30,"Red_Up","Yellow_Right","Green_Right","Blue_Right",-150,100,0,50,"Left"
2,4,31,"Red_Right","Yellow_Left","Green_Up","Blue_Up",100,100,0,50,"Down"
2,4,32,"Red_Left","Yellow_Right","Green_Down","Blue_Right",100,100,50,50,"Down"
2,4,33,"Red_Down","Yellow_Up","Green_Right","Blue_Down",100,100,0,50,"Down"
2,4,34,"Red_Right","Yellow_Up","Green_Down","Blue_Left",-150,100,0,50,"Right"
2,4,35,"Red_Up","Yellow_Down","Green_Left","Blue_Up",-150,100,0,-200,"Up"
2,4,36,"Red_Left","Yellow_Right","Green_Right","Blue_Left",-150,100,0,50,"Right"
2,4,37,"Red_Up","Yellow_Left","Green_Left","Blue_Left",100,100,0,50,"Down"
2,4,38,"Red_Left","Yellow_Up","Green_Up","Blue_Down",-150,100,0,50,"Up"
2,4,39,"Red_Up","Yellow_Down","Green_Up","Blue_Left",100,100,50,50,"Right"
2,4,40,"Red_Left","Yellow_Right","Green_Left","Blue_Down",100,100,0,50,"Right"
2,4,41,"Red_Down","Yellow_Left","Green_Right","Blue_Down",-150,100,0,50,"Up"
2,4,42,"Red_Up","Yellow_Right","Green_Up","Blue_Right",100,100,50,50,"Right"
2,4,43,"Red_Left","Yellow_Down","Green_Up","Blue_Left",100,100,0,50,"Up"
2,4,44,"Red_Down","Yellow_Down","Green_Down","Blue_Down",100,100,50,50,"Right"
2,4,45,"Red_Up","Yellow_Right","Green_Down","Blue_Left",-150,100,0,50,"Down"
2,4,46,"Red_Left","Yellow_Right","Green_Down","Blue_Down",-150,100,0,-200,"Down"
2,4,47,"Red_Down","Yellow_Down","Green_Left","Blue_Left",-150,100,50,50,"Right"
2,4,48,"Red_Right","Yellow_Down","Green_Right","Blue_Up",100,100,0,50,"Left"
2,4,49,"Red_Left","Yellow_Down","Green_Down","Blue_Up",100,100,50,50,"Left"
2,4,50,"Red_Left","Yellow_Down","Green_Right","Blue_Left",-150,100,50,50,"Up"
2,5,1,"Red_Down","Yellow_Down","Green_Right","Blue_Right",-150,-1150,0,50,"Down"
2,5,2,"Red_Left","Yellow_Up","Green_Left","Blue_Down",-150,100,50,50,"Right"
2,5,3,"Red_Right","Yellow_Right","Green_Right","Blue_Down",100,100,0,50,"Right"
2,5,4,"Red_Left","Yellow_Down","Green_Left","Blue_Right",-150,100,0,50,"Down"
2,5,5,"Red_Down","Yellow_Left","Green_Left","Blue_Left",100,100,50,50,"Left"
2,5,6,"Red_Left","Yellow_Right","Green_Right","Blue_Left",-150,100,0,50,"Left"
2,5,7,"Red_Left","Yellow_Right","Green_Right","Blue_Up",100,100,50,50,"Left"
2,5,8,"Red_Up","Yellow_Left","Green_Left","Blue_Up",100,100,0,50,"Left"
2,5,9,"Red_Right","Yellow_Right","Green_Left","Blue_Left",-150,100,0,-200,"Down"
2,5,10,"Red_Left","Yellow_Up","Green_Left","Blue_Right",100,100,0,50,"Up"
2,5,11,"Red_Left","Yellow_Down","Green_Up","Blue_Right",100,100,0,50,"Right"
2,5,12,"Red_Up","Yellow_Left","Green_Left","Blue_Up",100,100,0,50,"Up"
2,5,13,"Red_Left","Yellow_Left","Green_Down","Blue_Right",-150,100,50,50,"Right"
2,5,14,"Red_Down","Yellow_Right","Green_Up","Blue_Left",-150,100,50,50,"Left"
2,5,15,"Red_Up","Yellow_Down","Green_Down","Blue_Left",100,100,0,50,"Right"
2,5,16,"Red_Down","Yellow_Down","Green_Left","Blue_Right",100,100,0,50,"Right"
2,5,17,"Red_Right","Yellow_Right","Green_Left","Blue_Left",-150,100,50,50,"Right"
2,5,18,"Red_Up","Yellow_Left","Green_Up","Blue_Down",-150,100,50,-200,"Up"
2,5,19,"Red_Left","Yellow_Right","Green_Right","Blue_Up",100,100,0,50,"Down"
2,5,20,"Red_Right","Yellow_Down","Green_Left","Blue_Left",100,100,0,50,"Down"
2,5,21,"Red_Left","Yellow_Up","Green_Left","Blue_Down",100,100,0,50,"Right"
2,5,22,"Red_Down","Yellow_Right","Green_Right","Blue_Down",100,100,50,50,"Right"
2,5,23,"Red_Right","Yellow_Down","Green_Up","Blue_Up",-150,100,50,50,"Left"
2,5,24,"Red_Left","Yellow_Down","Green_Left","Blue_Up",-150,100,0,50,"Down"
2,5,25,"Red_Down","Yellow_Right","Green_Down","Blue_Right",-150,100,0,50,"Up"
2,5,26,"Red_Left","Yellow_Up","Green_Down","Blue_Left",100,100,50,50,"Right"
2,5,27,"Red_Up","Yellow_Left","Green_Left","Blue_Up",-150,-1150,50,50,"Left"
2,5,28,"Red_Right","Yellow_Up","Green_Right","Blue_Up",100,100,50,50,"Up"
2,5,29,"Red_Left","Yellow_Right","Green_Right","Blue_Up",100,100,50,50,"Up"
2,5,30,"Red_Down","Yellow_Left","Green_Down","Blue_Up",-150,-1150,50,-200,"Left"
2,5,31,"Red_Right","Yellow_Up","Green_Left","Blue_Up",100,100,50,50,"Right"
2,5,32,"Red_Left","Yellow_Up","Green_Right","Blue_Up",100,100,50,50,"Right"
2,5,33,"Red_Up","Yellow_Down","Green_Up","Blue_Right",100,100,50,50,"Down"
2,5,34,"Red_Right","Yellow_Right","Green_Up","Blue_Left",-150,100,0,50,"Up"
2,5,35,"Red_Right","Yellow_Down","Green_Left","Blue_Left",-150,100,0,50,"Up"
2,5,36,"Red_Down","Yellow_Up","Green_Left","Blue_Up",-150,100,0,50,"Down"
2,5,37,"Red_Left","Yellow_Up","Green_Left","Blue_Right",100,100,50,50,"Down"
2,5,38,"Red_Down","Yellow_Down","Green_Up","Blue_Right",100,100,50,50,"Down"
2,5,39,"Red_Up","Yellow_Up","Green_Right","Blue_Left",-150,100,50,50,"Down"
2,5,40,"Red_Left","Yellow_Down","Green_Right","Blue_Left",-150,100,50,50,"Up"
2,5,41,"Red_Up","Yellow_Right","Green_Up","Blue_Down",-150,100,50,50,"Left"
2,5,42,"Red_Down","Yellow_Right","Green_Up","Blue_Up",-150,-1150,0,50,"Left"
2,5,43,"Red_Left","Yellow_Up","Green_Right","Blue_Right",100,100,0,-200,"Down"
2,5,44,"Red_Left","Yellow_Left","Green_Up","Blue_Down",-150,100,50,50,"Right"
2,5,45,"Red_Up","Yellow_Right","Green_Right","Blue_Left",-150,100,0,50,"Right"
2,5,46,"Red_Right","Yellow_Down","Green_Right","Blue_Right",100,100,50,50,"Left"
2,5,47,"Red_Up","Yellow_Left","Green_Up","Blue_Left",100,100,50,-200,"Left"
2,5,48,"Red_Down","Yellow_Down","Green_Down","Blue_Right",-150,100,0,50,"Right"
2,5,49,"Red_Right","Yellow_Left","Green_Left","Blue_Right",-150,100,0,50,"Right"
2,5,50,"Red_Up","Yellow_Right","Green_Right","Blue_Right",100,-1150,0,50,"Left"
2,6,1,"Red_Right","Yellow_Down","Green_Left","Blue_Up",100,100,50,50,"Down"
2,6,2,"Red_Right","Yellow_Down","Green_Left","Blue_Down",100,100,50,50,"Left"
2,6,3,"Red_Left","Yellow_Up","Green_Left","Blue_Right",100,100,50,50,"Right"
2,6,4,"Red_Left","Yellow_Right","Green_Right","Blue_Left",100,100,50,50,"Right"
2,6,5,"Red_Down","Yellow_Left","Green_Up","Blue_Up",-150,100,0,50,"Right"
2,6,6,"Red_Right","Yellow_Right","Green_Left","Blue_Right",-150,100,0,50,"Left"
2,6,7,"Red_Up","Yellow_Up","Green_Right","Blue_Down",-150,-1150,0,50,"Down"
2,6,8,"Red_Left","Yellow_Right","Green_Left","Blue_Right",-150,100,0,-200,"Right"
2,6,9,"Red_Left","Yellow_Right","Green_Left","Blue_Down",100,100,0,50,"Down"
2,6,10,"Red_Left","Yellow_Down","Green_Down","Blue_Right",100,100,50,-200,"Right"
2,6,11,"Red_Down","Yellow_Up","Green_Left","Blue_Right",-150,100,0,50,"Left"
2,6,12,"Red_Up","Yellow_Left","Green_Up","Blue_Right",-150,100,0,50,"Down"
2,6,13,"Red_Up","Yellow_Left","Green_Right","Blue_Right",100,100,0,50,"Right"
2,6,14,"Red_Down","Yellow_Right","Green_Up","Blue_Down",-150,100,0,50,"Left"
2,6,15,"Red_Down","Yellow_Right","Green_Up","Blue_Right",100,100,0,50,"Right"
2,6,16,"Red_Right","Yellow_Up","Green_Up","Blue_Down",100,100,0,50,"Down"
2,6,17,"Red_Down","Yellow_Left","Green_Left","Blue_Right",100,100,50,50,"Right"
2,6,18,"Red_Down","Yellow_Right","Green_Up","Blue_Down",-150,100,50,50,"Right"
2,6,19,"Red_Left","Yellow_Down","Green_Right","Blue_Right",-150,100,50,-200,"Down"
2,6,20,"Red_Down","Yellow_Left","Green_Right","Blue_Down",-150,100,50,50,"Up"
2,6,21,"Red_Up","Yellow_Down","Green_Right","Blue_Right",100,100,50,50,"Down"
2,6,22,"Red_Left","Yellow_Left","Green_Up","Blue_Up",-150,100,50,50,"Left"
2,6,23,"Red_Left","Yellow_Down","Green_Up","Blue_Up",-150,100,50,50,"Right"
2,6,24,"Red_Right","Yellow_Right","Green_Down","Blue_Left",100,100,0,50,"Up"
2,6,25,"Red_Left","Yellow_Down","Green_Right","Blue_Up",-150,-1150,0,50,"Up"
2,6,26,"Red_Down","Yellow_Down","Green_Left","Blue_Down",-150,100,0,50,"Right"
2,6,27,"Red_Up","Yellow_Down","Green_Left","Blue_Left",100,100,50,50,"Left"
2,6,28,"Red_Down","Yellow_Left","Green_Left","Blue_Up",-150,100,0,50,"Right"
2,6,29,"Red_Right","Yellow_Up","Green_Up","Blue_Down",100,100,0,50,"Down"
2,6,30,"Red_Right","Yellow_Left","Green_Right","Blue_Right",100,100,0,50,"Up"
2,6,31,"Red_Right","Yellow_Right","Green_Up","Blue_Right",-150,-1150,50,50,"Up"
2,6,32,"Red_Left","Yellow_Left","Green_Left","Blue_Left",-150,100,50,50,"Right"
2,6,33,"Red_Up","Yellow_Right","Green_Right","Blue_Up",100,100,0,-200,"Left"
2,6,34,"Red_Down","Yellow_Right","Green_Down","Blue_Left",-150,-1150,50,50,"Left"
2,6,35,"Red_Left","Yellow_Right","Green_Left","Blue_Left",-150,100,50,50,"Right"
2,6,36,"Red_Right","Yellow_Up","Green_Right","Blue_Right",100,100,50,50,"Left"
2,6,37,"Red_Left","Yellow_Up","Green_Up","Blue_Left",100,100,0,50,"Up"
2,6,38,"Red_Left","Yellow_Up","Green_Left","Blue_Right",-150,100,0,50,"Down"
2,6,39,"Red_Up","Yellow_Down","Green_Up","Blue_Up",100,100,50,50,"Down"
2,6,40,"Red_Right","Yellow_Left","Green_Left","Blue_Left",-150,-1150,0,50,"Left"
2,6,41,"Red_Down","Yellow_Right","Green_Up","Blue_Left",-150,100,50,50,"Left"
2,6,42,"Red_Left","Yellow_Down","Green_Up","Blue_Left",100,100,50,50,"Right"
2,6,43,"Red_Right","Yellow_Left","Green_Right","Blue_Left",-150,100,0,50,"Left"
2,6,44,"Red_Right","Yellow_Down","Green_Left","Blue_Left",100,100,50,50,"Right"
2,6,45,"Red_Up","Yellow_Up","Green_Down","Blue_Up",100,100,50,50,"Left"
2,6,46,"Red_Up","Yellow_Down","Green_Right","Blue_Up",100,100,50,50,"Down"
2,6,47,"Red_Up","Yellow_Down","Green_Left","Blue_Down",100,100,50,50,"Up"
2,6,48,"Red_Up","Yellow_Left","Green_Left","Blue_Up",-150,100,0,50,"Left"
2,6,49,"Red_Left","Yellow_Left","Green_Right","Blue_Left",100,100,0,50,"Right"
2,6,50,"Red_Right","Yellow_Right","Green_Left","Blue_Right",-150,100,0,-200,"Right"
3,1,1,"Red_Up","Yellow_Left","Green_Right","Blue_Down",100,100,0,50,"Right"
3,1,2,"Red_Down","Yellow_Left","Green_Left","Blue_Down",-150,100,0,50,"Down"
3,1,3,"Red_Down","Yellow_Right","Green_Left","Blue_Down",100,100,50,50,"Right"
3,1,4,"Red_Up","Yellow_Down","Green_Left","Blue_Right",100,-1150,0,50,"Up"
3,1,5,"Red_Right","Yellow_Down","Green_Right","Blue_Right",100,100,50,-200,"Left"
3,1,6,"Red_Up","Yellow_Up","Green_Right","Blue_Down",100,100,50,-200,"Left"
3,1,7,"Red_Right","Yellow_Right","Green_Down","Blue_Left",-150,-1150,50,50,"Left"
3,1,8,"Red_Left","Yellow_Down","Green_Right","Blue_Down",-150,100,50,50,"Down"
3,1,9,"Red_Down","Yellow_Up","Green_Left","Blue_Left",-150,100,0,50,"Up"
3,1,10,"Red_Down","Yellow_Down","Green_Up","Blue_Up",100,100,0,50,"Down"
3,1,11,"Red_Left","Yellow_Up","Green_Up","Blue_Right",100,100,50,50,"Left"
3,1,12,"Red_Right","Yellow_Down","Green_Up","Blue_Down",-150,100,50,50,"Up"
3,1,13,"Red_Up","Yellow_Right","Green_Down","Blue_Up",100,100,0,50,"Down"
3,1,14,"Red_Down","Yellow_Down","Green_Up","Blue_Left",100,100,50,50,"Up"
3,1,15,"Red_Left","Yellow_Up","Green_Right","Blue_Left",-150,-1150,0,50,"Down"
3,1,16,"Red_Left","Yellow_Left","Green_Left","Blue_Left",100,100,0,50,"Down"
3,1,17,"Red_Right","Yellow_Left","Green_Down","Blue_Right",-150,100,50,-200,"Right"
3,1,18,"Red_Right","Yellow_Left","Green_Up","Blue_Right",-150,100,0,50,"Left"
3,1,19,"Red_Down","Yellow_Right","Green_Down","Blue_Up",100,100,50,50,"Down"
3,1,20,"Red_Right","Yellow_Left","Green_Down","Blue_Down",-150,100,50,50,"Down"
3,1,21,"Red_Right","Yellow_Right","Green_Up","Blue_Down",-150,100,50,50,"Down"
3,1,22,"Red_Down","Yellow_Left","Green_Right","Blue_Down",100,100,50,50,"Down"
3,1,23,"Red_Left","Yellow_Left","Green_Right","Blue_Up",100,100,0,50,"Down"
3,1,24,"Red_Down","Yellow_Right","Green_Left","Blue_Down",-150,100,50,50,"Right"
3,1,25,"Red_Up","Yellow_Right","Green_Up","Blue_Down",100,100,0,50,"Right"
3,1,26,"Red_Down","Yellow_Right","Green_Up","Blue_Left",-150,100,0,-200,"Left"
3,1,27,"Red_Down","Yellow_Up","Green_Left","Blue_Up",100,100,0,50,"Up"
3,1,28,"Red_Up","Yellow_Up","Green_Right","Blue_Up",-150,100,50,50,"Up"
3,1,29,"Red_Up","Yellow_Right","Green_Left","Blue_Right",100,100,0,50,"Left"
3,1,30,"Red_Right","Yellow_Right","Green_Left","Blue_Down",-150,100,0,50,"Left"
3,1,31,"Red_Down","Yellow_Right","Green_Left","Blue_Up",-150,100,50,50,"Left"
3,1,32,"Red_Left","Yellow_Down","Green_Up","Blue_Down",-150,-1150,50,50,"Right"
3,1,33,"Red_Down","Yellow_Up","Green_Left","Blue_Left",-150,100,0,50,"Left"
3,1,34,"Red_Up","Yellow_Right","Green_Left","Blue_Left",-150,100,0,50,"Down"
3,1,35,"Red_Right","Yellow_Up","Green_Down","Blue_Right",-150,100,0,50,"Up"
3,1,36,"Red_Down","Yellow_Down","Green_Left","Blue_Right",100,100,50,50,"Up"
3,1,37,"Red_Left","Yellow_Left","Green_Down","Blue_Down",100,100,50,50,"Left"
3,1,38,"Red_Right","Yellow_Down","Green_Up","Blue_Right",100,-1150,50,50,"Down"
3,1,39,"Red_Up","Yellow_Down","Green_Down","Blue_Up",100,100,0,50,"Right"
3,1,40,"Red_Right","Yellow_Up","Green_Left","Blue_Down",-150,100,0,-200,"Right"
3,1,41,"Red_Down","Yellow_Right","Green_Left","Blue_Left",-150,100,0,50,"Down"
3,1,42,"Red_Up","Yellow_Left","Green_Right","Blue_Down",100,100,0,50,"Right"
3,1,43,"Red_Left","Yellow_Down","Green_Up","Blue_Up",-150,100,0,50,"Left"
3,1,44,"Red_Right","Yellow_Up","Green_Left","Blue_Right",-150,100,50,50,"Right"
3,1,45,"Red_Up","Yellow_Left","Green_Up","Blue_Left",100,100,50,50,"Right"
3,1,46,"Red_Right","Yellow_Left","Green_Up","Blue_Right",100,100,50,50,"Up"
3,1,47,"Red_Right","Yellow_Right","Green_Left","Blue_Down",100,100,0,50,"Left"
3,1,48,"Red_Left","Yellow_Right","Green_Up","Blue_Right",-150,100,50,50,"Right"
3,1,49,"Red_Right","Yellow_Right","Green_Right","Blue_Right",100,100,0,50,"Left"
3,1,50,"Red_Down","Yellow_Down","Green_Down","Blue_Up",-150,100,50,50,"Right"
3,2,1,"Red_Up","Yellow_Left","Green_Down","Blue_Right",100,100,0,50,"Up"
3,2,2,"Red_Down","Yellow_Up","Green_Down","Blue_Up",100,100,0,50,"Up"
3,2,3,"Red_Down","Yellow_Left","Green_Down","Blue_Down",100,100,50,50,"Left"
3,2,4,"Red_Up","Yellow_Down","Green_Right","Blue_Up",100,100,0,50,"Left"
3,2,5,"Red_Right","Yellow_Right","Green_Down","Blue_Left",-150,100,50,50,"Right"
3,2,6,"Red_Up","Yellow_Down","Green_Right","Blue_Left",-150,100,0,50,"Down"
3,2,7,"Red_Down","Yellow_Down","Green_Right","Blue_Left",-150,100,0,50,"Down"
3,2,8,"Red_Left","Yellow_Left","Green_Right","Blue_Up",100,100,0,50,"Right"
3,2,9,"Red_Right","Yellow_Right","Green_Left","Blue_Up",100,100,0,50,"Left"
3,2,10,"Red_Up","Yellow_Left","Green_Left","Blue_Up",-150,100,0,50,"Down"
3,2,11,"Red_Left","Yellow_Right","Green_Right","Blue_Up",100,100,0,50,"Left"
3,2,12,"Red_Up","Yellow_Down","Green_Up","Blue_Up",100,100,0,50,"Left"
3,2,13,"Red_Up","Yellow_Down","Green_Left","Blue_Right",-150,100,50,50,"Down"
3,2,14,"Red_Up","Yellow_Down","Green_Right","Blue_Left",-150,100,50,-200,"Left"
3,2,15,"Red_Down","Yellow_Right","Green_Left","Blue_Left",-150,-1150,0,50,"Left"
3,2,16,"Red_Down","Yellow_Up","Green_Left","Blue_Down",100,100,0,50,"Up"
3,2,17,"Red_Up","Yellow_Down","Green_Right","Blue_Left",-150,100,0,50,"Left"
3,2,18,"Red_Right","Yellow_Right","Green_Down","Blue_Right",-150,-1150,50,50,"Up"
3,2,19,"Red_Left","Yellow_Right","Green_Down","Blue_Right",100,100,50,50,"Down"
3,2,20,"Red_Down","Yellow_Down","Green_Down","Blue_Down",100,-1150,50,50,"Right"
3,2,21,"Red_Right","Yellow_Down","Green_Up","Blue_Down",-150,100,50,50,"Right"
3,2,22,"Red_Down","Yellow_Left","Green_Right","Blue_Right",100,100,0,50,"Up"
3,2,23,"Red_Up","Yellow_Right","Green_Right","Blue_Left",100,100,0,50,"Left"
3,2,24,"Red_Down","Yellow_Left","Green_Left","Blue_Left",-150,100,50,50,"Left"
3,2,25,"Red_Up","Yellow_Left","Green_Up","Blue_Right",100,100,0,50,"Down"
3,2,26,"Red_Down","Yellow_Left","Green_Right","Blue_Up",-150,-1150,50,50,"Right"
3,2,27,"Red_Right","Yellow_Up","Green_Down","Blue_Right",-150,100,0,50,"Right"
3,2,28,"Red_Down","Yellow_Right","Green_Right","Blue_Left",100,100,50,50,"Down"
3,2,29,"Red_Up","Yellow_Left","Green_Right","Blue_Right",-150,100,50,50,"Up"
3,2,30,"Red_Down","Yellow_Left","Green_Up","Blue_Right",-150,100,50,-200,"Down"
3,2,31,"Red_Down","Yellow_Up","Green_Down","Blue_Right",100,100,50,50,"Left"
3,2,32,"Red_Left","Yellow_Up","Green_Down","Blue_Down",100,100,50,-200,"Left"
3,2,33,"Red_Down","Yellow_Right","Green_Left","Blue_Up",-150,100,0,50,"Left"
3,2,34,"Red_Down","Yellow_Down","Green_Down","Blue_Left",-150,100,50,50,"Down"
3,2,35,"Red_Up","Yellow_Down","Green_Down","Blue_Right",-150,100,50,50,"Up"
3,2,36,"Red_Down","Yellow_Up","Green_Right","Blue_Left",-150,100,50,50,"Down"
3,2,37,"Red_Left","Yellow_Up","Green_Right","Blue_Left",100,100,50,50,"Right"
3,2,38,"Red_Down","Yellow_Left","Green_Right","Blue_Down",-150,-1150,50,-200,"Left"
3,2,39,"Red_Up","Yellow_Up","Green_Down","Blue_Right",-150,100,50,-200,"Down"
3,2,40,"Red_Up","Yellow_Right","Green_Down","Blue_Left",100,100,0,50,"Left"
3,2,41,"Red_Down","Yellow_Down","Green_Down","Blue_Right",-150,100,50,50,"Right"
3,2,42,"Red_Left","Yellow_Up","Green_Right","Blue_Up",100,100,50,50,"Left"
3,2,43,"Red_Right","Yellow_Left","Green_Up","Blue_Left",100,100,0,50,"Up"
3,2,44,"Red_Left","Yellow_Left","Green_Right","Blue_Up",100,100,0,50,"Down"
3,2,45,"Red_Right","Yellow_Right","Green_Up","Blue_Right",100,100,0,50,"Down"
3,2,46,"Red_Right","Yellow_Up","Green_Up","Blue_Up",100,100,50,50,"Down"
3,2,47,"Red_Left","Yellow_Down","Green_Right","Blue_Up",-150,100,0,50,"Right"
3,2,48,"Red_Right","Yellow_Left","Green_Left","Blue_Left",-150,100,0,50,"Right"
3,2,49,"Red_Up","Yellow_Down","Green_Left","Blue_Right",100,100,50,50,"Down"
3,2,50,"Red_Up","Yellow_Left","Green_Right","Blue_Right",-150,100,0,50,"Right"
3,3,1,"Red_Up","Yellow_Down","Green_Up","Blue_Up",100,100,50,-200,"Down"
3,3,2,"Red_Down","Yellow_Up","Green_Up","Blue_Left",100,100,0,50,"Up"
3,3,3,"Red_Right","Yellow_Down","Green_Right","Blue_Right",-150,100,0,50,"Up"
3,3,4,"Red_Right","Yellow_Left","Green_Right","Blue_Down",100,100,0,50,"Left"
3,3,5,"Red_Down","Yellow_Left","Green_Up","Blue_Down",100,100,0,-200,"Right"
3,3,6,"Red_Right","Yellow_Down","Green_Right","Blue_Left",-150,100,0,50,"Up"
3,3,7,"Red_Up","Yellow_Right","Green_Left","Blue_Up",-150,100,50,50,"Left"
3,3,8,"Red_Left","Yellow_Left","Green_Down","Blue_Up",100,100,50,50,"Left"
3,3,9,"Red_Down","Yellow_Right","Green_Right","Blue_Left",-150,100,0,50,"Down"
3,3,10,"Red_Up","Yellow_Down","Green_Right","Blue_Left",100,100,50,50,"Right"
3,3,11,"Red_Left","Yellow_Right","Green_Up","Blue_Right",-150,100,50,50,"Left"
3,3,12,"Red_Up","Yellow_Right","Green_Left","Blue_Down",100,100,50,50,"Down"
3,3,13,"Red_Left","Yellow_Right","Green_Up","Blue_Up",100,-1150,0,50,"Up"
3,3,14,"Red_Right","Yellow_Right","Green_Up","Blue_Up",-150,100,0,50,"Right"
3,3,15,"Red_Down","Yellow_Right","Green_Up","Blue_Left",100,100,0,50,"Up"
3,3,16,"Red_Up","Yellow_Left","Green_Left","Blue_Left",-150,100,0,50,"Right"
3,3,17,"Red_Up","Yellow_Left","Green_Right","Blue_Left",-150,100,50,50,"Right"
3,3,18,"Red_Up","Yellow_Left","Green_Down","Blue_Left",100,100,0,50,"Down"
3,3,19,"Red_Left","Yellow_Right","Green_Up","Blue_Left",100,100,50,50,"Up"
3,3,20,"Red_Up","Yellow_Left","Green_Up","Blue_Up",-150,100,50,-200,"Left"
3,3,21,"Red_Right","Yellow_Left","Green_Left","Blue_Down",100,100,50,50,"Down"
3,3,22,"Red_Left","Yellow_Left","Green_Down","Blue_Up",-150,100,0,50,"Right"
3,3,23,"Red_Left","Yellow_Right","Green_Right","Blue_Up",-150,-1150,50,50,"Right"
3,3,24,"Red_Up","Yellow_Up","Green_Left","Blue_Down",-150,100,0,-200,"Right"
3,3,25,"Red_Left","Yellow_Up","Green_Right","Blue_Down",-150,100,50,50,"Down"
3,3,26,"Red_Up","Yellow_Left","Green_Left","Blue_Up",100,100,0,50,"Left"
3,3,27,"Red_Left","Yellow_Left","Green_Up","Blue_Left",-150,100,0,50,"Up"
3,3,28,"Red_Left","Yellow_Right","Green_Right","Blue_Right",-150,100,50,50,"Right"
3,3,29,"Red_Up","Yellow_Right","Green_Up","Blue_Down",100,100,50,50,"Up"
3,3,30,"Red_Right","Yellow_Right","Green_Right","Blue_Left",-150,100,50,50,"Down"
3,3,31,"Red_Right","Yellow_Left","Green_Right","Blue_Down",-150,100,0,50,"Left"
3,3,32,"Red_Down","Yellow_Right","Green_Up","Blue_Left",100,100,0,50,"Up"
3,3,33,"Red_Up","Yellow_Up","Green_Down","Blue_Down",-150,100,50,50,"Up"
3,3,34,"Red_Down","Yellow_Up","Green_Down","Blue_Up",100,100,0,50,"Left"
3,3,35,"Red_Up","Yellow_Left","Green_Down","Blue_Right",100,100,0,50,"Left"
3,3,36,"Red_Left","Yellow_Up","Green_Right","Blue_Down",100,100,50,50,"Down"
3,3,37,"Red_Left","Yellow_Right","Green_Down","Blue_Left",100,100,0,50,"Right"
3,3,38,"Red_Left","Yellow_Down","Green_Up","Blue_Right",-150,100,0,50,"Up"
3,3,39,"Red_Up","Yellow_Left","Green_Down","Blue_Right",100,100,50,50,"Right"
3,3,40,"Red_Up","Yellow_Up","Green_Up","Blue_Right",-150,100,0,-200,"Left"
3,3,41,"Red_Up","Yellow_Down","Green_Left","Blue_Down",-150,100,50,50,"Left"
3,3,42,"Red_Right","Yellow_Left","Green_Right","Blue_Down",100,-1150,50,50,"Left"
3,3,43,"Red_Up","Yellow_Right","Green_Down","Blue_Up",100,-1150,50,50,"Right"
3,3,44,"Red_Left","Yellow_Left","Green_Up","Blue_Up",100,-1150,0,50,"Up"
3,3,45,"Red_Left","Yellow_Left","Green_Down","Blue_Down",100,100,50,50,"Left"
3,3,46,"Red_Up","Yellow_Right","Green_Up","Blue_Down",-150,100,0,50,"Left"
3,3,47,"Red_Up","Yellow_Up","Green_Up","Blue_Left",-150,100,50,50,"Up"
3,3,48,"Red_Down","Yellow_Right","Green_Left","Blue_Left",-150,100,0,50,"Down"
3,3,49,"Red_Left","Yellow_Left","Green_Down","Blue_Up",-150,100,50,50,"Up"
3,3,50,"Red_Right","Yellow_Right","Green_Right","Blue_Down",100,100,50,50,"Down"
3,4,1,"Red_Right","Yellow_Right","Green_Down","Blue_Right",100,100,50,50,"Right"
3,4,2,"Red_Up","Yellow_Down","Green_Left","Blue_Right",-150,100,50,-200,"Down"
3,4,3,"Red_Right","Yellow_Right","Green_Up","Blue_Right",100,100,0,50,"Up"
3,4,4,"Red_Left","Yellow_Up","Green_Right","Blue_Right",-150,100,0,50,"Left"
3,4,5,"Red_Left","Yellow_Right","Green_Down","Blue_Left",-150,100,50,50,"Up"
3,4,6,"Red_Left","Yellow_Right","Green_Left","Blue_Left",-150,100,0,50,"Down"
3,4,7,"Red_Down","Yellow_Down","Green_Left","Blue_Down",100,100,50,50,"Down"
3,4,8,"Red_Down","Yellow_Right","Green_Up","Blue_Right",100,100,0,50,"Up"
3,4,9,"Red_Down","Yellow_Right","Green_Right","Blue_Right",-150,-1150,50,50,"Down"
3,4,10,"Red_Left","Yellow_Down","Green_Down","Blue_Right",100,100,50,50,"Up"
3,4,11,"Red_Down","Yellow_Left","Green_Down","Blue_Up",100,100,50,50,"Right"
3,4,12,"Red_Up","Yellow_Down","Green_Up","Blue_Down",-150,100,50,50,"Up"
3,4,13,"Red_Down","Yellow_Down","Green_Left","Blue_Down",-150,100,50,50,"Right"
3,4,14,"Red_Down","Yellow_Down","Green_Left","Blue_Left",100,100,0,-200,"Down"
3,4,15,"Red_Left","Yellow_Up","Green_Up","Blue_Left",100,100,0,50,"Down"
3,4,16,"Red_Right","Yellow_Down","Green_Down","Blue_Up",100,-1150,0,50,"Right"
3,4,17,"Red_Right","Yellow_Left","Green_Down","Blue_Right",100,100,0,50,"Down"
3,4,18,"Red_Up","Yellow_Up","Green_Up","Blue_Right",-150,100,50,50,"Right"
3,4,19,"Red_Up","Yellow_Right","Green_Down","Blue_Left",100,100,50,50,"Down"
3,4,20,"Red_Up","Yellow_Right","Green_Up","Blue_Left",100,100,0,-200,"Right"
3,4,21,"Red_Right","Yellow_Down","Green_Up","Blue_Right",-150,100,0,50,"Left"
3,4,22,"Red_Left","Yellow_Right","Green_Up","Blue_Right",-150,100,0,50,"Up"
3,4,23,"Red_Right","Yellow_Right","Green_Down","Blue_Left",100,100,50,-200,"Right"
3,4,24,"Red_Up","Yellow_Down","Green_Right","Blue_Right",-150,100,0,50,"Up"
3,4,25,"Red_Right","Yellow_Left","Green_Up","Blue_Left",100,100,0,50,"Up"
3,4,26,"Red_Up","Yellow_Up","Green_Down","Blue_Down",100,100,0,50,"Right"
3,4,27,"Red_Down","Yellow_Down","Green_Right","Blue_Down",100,-1150,50,50,"Up"
3,4,28,"Red_Up","Yellow_Left","Green_Left","Blue_Right",100,100,0,50,"Left"
3,4,29,"Red_Left","Yellow_Up","Green_Up","Blue_Down",-150,-1150,50,50,"Right"
3,4,30,"Red_Left","Yellow_Left","Green_Left","Blue_Right",-150,100,0,-200,"Down"
3,4,31,"Red_Left","Yellow_Up","Green_Up","Blue_Left",100,100,0,50,"Up"
3,4,32,"Red_Left","Yellow_Down","Green_Right","Blue_Up",-150,100,50,50,"Up"
3,4,33,"Red_Up","Yellow_Down","Green_Up","Blue_Down",100,100,0,50,"Left"
3,4,34,"Red_Right","Yellow_Up","Green_Up","Blue_Down",100,-1150,50,50,"Left"
3,4,35,"Red_Down","Yellow_Left","Green_Right","Blue_Left",-150,100,50,50,"Up"
3,4,36,"Red_Down","Yellow_Up","Green_Up","Blue_Up",-150,100,0,50,"Up"
3,4,37,"Red_Down","Yellow_Left","Green_Up","Blue_Up",-150,100,0,50,"Right"
3,4,38,"Red_Down","Yellow_Left","Green_Right","Blue_Right",-150,100,50,50,"Down"
3,4,39,"Red_Up","Yellow_Right","Green_Down","Blue_Right",100,100,50,50,"Right"
3,4,40,"Red_Down","Yellow_Right","Green_Left","Blue_Left",100,100,0,50,"Right"
3,4,41,"Red_Left","Yellow_Up","Green_Up","Blue_Left",100,100,0,50,"Left"
3,4,42,"Red_Right","Yellow_Down","Green_Up","Blue_Down",-150,100,50,50,"Right"
3,4,43,"Red_Right","Yellow_Up","Green_Up","Blue_Right",100,100,50,50,"Up"
3,4,44,"Red_Right","Yellow_Right","Green_Up","Blue_Right",-150,100,0,50,"Right"
3,4,45,"Red_Right","Yellow_Left","Green_Up","Blue_Left",-150,100,50,50,"Up"
3,4,46,"Red_Right","Yellow_Down","Green_Up","Blue_Left",-150,100,50,50,"Left"
3,4,47,"Red_Up","Yellow_Up","Green_Left","Blue_Left",-150,100,50,50,"Up"
3,4,48,"Red_Down","Yellow_Down","Green_Up","Blue_Left",100,100,0,50,"Right"
3,4,49,"Red_Down","Yellow_Left","Green_Down","Blue_Down",-150,100,50,50,"Down"
3,4,50,"Red_Up","Yellow_Right","Green_Left","Blue_Left",-150,100,0,50,"Down"
3,5,1,"Red_Up","Yellow_Right","Green_Up","Blue_Right",100,100,0,50,"Left"
3,5,2,"Red_Right","Yellow_Up","Green_Down","Blue_Right",-150,-1150,0,50,"Up"
3,5,3,"Red_Right","Yellow_Down","Green_Up","Blue_Up",-150,100,50,-200,"Right"
3,5,4,"Red_Right","Yellow_Left","Green_Up","Blue_Down",-150,100,0,50,"Right"
3,5,5,"Red_Down","Yellow_Right","Green_Right","Blue_Left",-150,100,50,50,"Left"
3,5,6,"Red_Up","Yellow_Right","Green_Up","Blue_Left",100,100,0,50,"Up"
3,5,7,"Red_Down","Yellow_Left","Green_Up","Blue_Left",-150,100,0,50,"Left"
3,5,8,"Red_Right","Yellow_Left","Green_Down","Blue_Up",100,100,50,50,"Left"
3,5,9,"Red_Left","Yellow_Left","Green_Up","Blue_Right",-150,100,0,50,"Up"
3,5,10,"Red_Down","Yellow_Left","Green_Right","Blue_Right",-150,100,0,50,"Left"
3,5,11,"Red_Right","Yellow_Up","Green_Down","Blue_Left",-150,100,0,50,"Left"
3,5,12,"Red_Up","Yellow_Up","Green_Down","Blue_Right",100,100,50,50,"Left"
3,5,13,"Red_Down","Yellow_Down","Green_Down","Blue_Right",100,100,0,50,"Left"
3,5,14,"Red_Right","Yellow_Down","Green_Down","Blue_Down",100,100,50,-200,"Left"
3,5,15,"Red_Down","Yellow_Up","Green_Right","Blue_Down",-150,100,0,50,"Down"
3,5,16,"Red_Right","Yellow_Up","Green_Left","Blue_Up",-150,100,0,50,"Left"
3,5,17,"Red_Up","Yellow_Right","Green_Up","Blue_Right",100,100,50,50,"Down"
3,5,18,"Red_Left","Yellow_Left","Green_Down","Blue_Up",100,100,50,50,"Left"
3,5,19,"Red_Left","Yellow_Down","Green_Down","Blue_Down",-150,100,0,-200,"Right"
3,5,20,"Red_Left","Yellow_Up","Green_Right","Blue_Right",100,100,0,50,"Down"
3,5,21,"Red_Left","Yellow_Left","Green_Down","Blue_Left",100,100,0,50,"Up"
3,5,22,"Red_Down","Yellow_Up","Green_Down","Blue_Up",-150,100,50,50,"Right"
3,5,23,"Red_Down","Yellow_Up","Green_Down","Blue_Right",-150,100,50,50,"Right"
3,5,24,"Red_Right","Yellow_Down","Green_Left","Blue_Right",-150,100,50,50,"Up"
3,5,25,"Red_Left","Yellow_Right","Green_Up","Blue_Up",100,100,0,50,"Left"
3,5,26,"Red_Left","Yellow_Right","Green_Left","Blue_Right",100,100,50,50,"Right"
3,5,27,"Red_Left","Yellow_Down","Green_Down","Blue_Down",100,-1150,50,50,"Right"
3,5,28,"Red_Down","Yellow_Up","Green_Up","Blue_Up",-150,-1150,50,50,"Up"
3,5,29,"Red_Right","Yellow_Up","Green_Down","Blue_Up",100,100,50,50,"Down"
3,5,30,"Red_Up","Yellow_Left","Green_Left","Blue_Up",100,100,0,50,"Up"
3,5,31,"Red_Up","Yellow_Down","Green_Down","Blue_Left",-150,100,0,50,"Down"
3,5,32,"Red_Up","Yellow_Left","Green_Down","Blue_Down",100,-1150,50,50,"Right"
3,5,33,"Red_Up","Yellow_Down","Green_Down","Blue_Left",-150,-1150,0,50,"Down"
3,5,34,"Red_Up","Yellow_Left","Green_Right","Blue_Down",-150,100,0,50,"Up"
3,5,35,"Red_Down","Yellow_Down","Green_Up","Blue_Right",-150,100,0,-200,"Up"
3,5,36,"Red_Left","Yellow_Down","Green_Up","Blue_Right",100,100,50,50,"Right"
3,5,37,"Red_Left","Yellow_Left","Green_Down","Blue_Up",-150,100,50,50,"Down"
3,5,38,"Red_Down","Yellow_Right","Green_Up","Blue_Left",100,100,50,50,"Right"
3,5,39,"Red_Up","Yellow_Up","Green_Down","Blue_Down",-150,100,0,50,"Left"
3,5,40,"Red_Left","Yellow_Up","Green_Right","Blue_Up",100,100,50,50,"Up"
3,5,41,"Red_Right","Yellow_Left","Green_Up","Blue_Left",100,100,0,50,"Down"
3,5,42,"Red_Down","Yellow_Up","Green_Left","Blue_Up",100,100,50,-200,"Up"
3,5,43,"Red_Down","Yellow_Down","Green_Right","Blue_Right",-150,100,0,50,"Right"
3,5,44,"Red_Down","Yellow_Left","Green_Up","Blue_Down",100,100,50,50,"Right"
3,5,45,"Red_Left","Yellow_Left","Green_Right","Blue_Left",-150,100,50,50,"Down"
3,5,46,"Red_Up","Yellow_Left","Green_Right","Blue_Down",100,100,50,50,"Right"
3,5,47,"Red_Right","Yellow_Down","Green_Right","Blue_Down",-150,100,0,50,"Left"
3,5,48,"Red_Right","Yellow_Right","Green_Down","Blue_Left",-150,100,0,50,"Down"
3,5,49,"Red_Left","Yellow_Left","Green_Up","Blue_Left",100,100,50,50,"Down"
3,5,50,"Red_Down","Yellow_Down","Green_Up","Blue_Right",100,100,50,50,"Left"
3,6,1,"Red_Down","Yellow_Right","Green_Left","Blue_Right",-150,100,50,50,"Up"
3,6,2,"Red_Up","Yellow_Left","Green_Down","Blue_Left",-150,100,0,50,"Down"
3,6,3,"Red_Right","Yellow_Right","Green_Right","Blue_Right",100,-1150,0,50,"Right"
3,6,4,"Red_Left","Yellow_Left","Green_Down","Blue_Up",-150,100,0,50,"Left"
3,6,5,"Red_Up","Yellow_Right","Green_Right","Blue_Left",100,100,50,50,"Left"
3,6,6,"Red_Up","Yellow_Up","Green_Left","Blue_Up",100,-1150,0,50,"Up"
3,6,7,"Red_Down","Yellow_Right","Green_Right","Blue_Down",-150,100,50,50,"Left"
3,6,8,"Red_Right","Yellow_Left","Green_Right","Blue_Right",100,100,0,50,"Up"
3,6,9,"Red_Right","Yellow_Down","Green_Right","Blue_Left",-150,100,50,50,"Up"
3,6,10,"Red_Left","Yellow_Down","Green_Up","Blue_Left",-150,100,50,50,"Left"
3,6,11,"Red_Right","Yellow_Up","Green_Right","Blue_Down",-150,100,0,50,"Up"
3,6,12,"Red_Right","Yellow_Left","Green_Right","Blue_Left",100,100,50,50,"Up"
3,6,13,"Red_Right","Yellow_Left","Green_Left","Blue_Left",-150,100,0,50,"Left"
3,6,14,"Red_Down","Yellow_Left","Green_Left","Blue_Left",-150,100,0,50,"Right"
3,6,15,"Red_Left","Yellow_Up","Green_Right","Blue_Right",-150,100,50,-200,"Up"
3,6,16,"Red_Down","Yellow_Left","Green_Up","Blue_Right",100,100,50,50,"Up"
3,6,17,"Red_Down","Yellow_Down","Green_Up","Blue_Right",-150,-1150,50,50,"Up"
3,6,18,"Red_Right","Yellow_Left","Green_Up","Blue_Up",100,100,50,50,"Right"
3,6,19,"Red_Right","Yellow_Left","Green_Up","Blue_Left",-150,100,0,50,"Right"
3,6,20,"Red_Up","Yellow_Down","Green_Right","Blue_Right",-150,100,50,50,"Right"
3,6,21,"Red_Up","Yellow_Down","Green_Down","Blue_Down",100,100,50,50,"Down"
3,6,22,"Red_Right","Yellow_Down","Green_Right","Blue_Left",100,100,0,50,"Down"
3,6,23,"Red_Left","Yellow_Up","Green_Left","Blue_Up",100,100,0,50,"Down"
3,6,24,"Red_Right","Yellow_Down","Green_Left","Blue_Left",100,-1150,0,-200,"Right"
3,6,25,"Red_Down","Yellow_Up","Green_Right","Blue_Left",-150,100,0,50,"Down"
3,6,26,"Red_Down","Yellow_Up","Green_Left","Blue_Up",-150,100,0,50,"Left"
3,6,27,"Red_Up","Yellow_Down","Green_Left","Blue_Left",-150,100,50,50,"Left"
3,6,28,"Red_Up","Yellow_Up","Green_Right","Blue_Up",-150,100,0,50,"Down"
3,6,29,"Red_Down","Yellow_Right","Green_Up","Blue_Up",100,100,50,50,"Right"
3,6,30,"Red_Down","Yellow_Down","Green_Down","Blue_Down",-150,100,50,50,"Up"
3,6,31,"Red_Left","Yellow_Left","Green_Down","Blue_Up",100,100,0,50,"Right"
3,6,32,"Red_Right","Yellow_Left","Green_Down","Blue_Down",100,100,0,-200,"Left"
3,6,33,"Red_Up","Yellow_Up","Green_Left","Blue_Right",-150,100,0,50,"Up"
3,6,34,"Red_Up","Yellow_Left","Green_Down","Blue_Down",100,100,0,50,"Left"
3,6,35,"Red_Up","Yellow_Up","Green_Left","Blue_Up",-150,100,50,50,"Left"
3,6,36,"Red_Left","Yellow_Down","Green_Left","Blue_Right",-150,100,50,50,"Left"
3,6,37,"Red_Up","Yellow_Right","Green_Down","Blue_Left",100,100,0,50,"Up"
3,6,38,"Red_Up","Yellow_Down","Green_Right","Blue_Up",100,100,50,50,"Right"
3,6,39,"Red_Left","Yellow_Left","Green_Up","Blue_Down",100,100,50,50,"Down"
3,6,40,"Red_Down","Yellow_Right","Green_Left","Blue_Down",-150,100,50,50,"Left"
3,6,41,"Red_Left","Yellow_Left","Green_Down","Blue_Left",-150,100,50,50,"Left"
3,6,42,"Red_Up","Yellow_Down","Green_Up","Blue_Left",100,100,50,50,"Right"
3,6,43,"Red_Down","Yellow_Right","Green_Left","Blue_Right",-150,100,0,50,"Right"
3,6,44,"Red_Left","Yellow_Up","Green_Left","Blue_Down",100,-1150,50,50,"Up"
3,6,45,"Red_Down","Yellow_Right","Green_Left","Blue_Right",100,100,0,-200,"Up"
3,6,46,"Red_Left","Yellow_Up","Green_Up","Blue_Up",100,100,0,50,"Up"
3,6,47,"Red_Up","Yellow_Right","Green_Right","Blue_Right",-150,100,50,50,"Right"
3,6,48,"Red_Down","Yellow_Up","Green_Right","Blue_Right",100,100,0,50,"Left"
3,6,49,"Red_Down","Yellow_Right","Green_Up","Blue_Up",100,100,0,-200,"Left"
3,6,50,"Red_Right","Yellow_Right","Green_Down","Blue_Up",100,100,50,50,"Right"
4,1,1,"Red_Up","Yellow_Down","Green_Down","Blue_Down",100,100,50,50,"Right"
4,1,2,"Red_Up","Yellow_Left","Green_Left","Blue_Left",-150,100,0,50,"Right"
4,1,3,"Red_Down","Yellow_Up","Green_Right","Blue_Right",-150,100,50,-200,"Up"
4,1,4,"Red_Down","Yellow_Up","Green_Left","Blue_Down",100,100,50,50,"Up"
4,1,5,"Red_Left","Yellow_Down","Green_Up","Blue_Left",-150,100,50,50,"Right"
4,1,6,"Red_Up","Yellow_Right","Green_Down","Blue_Down",-150,-1150,0,50,"Down"
4,1,7,"Red_Down","Yellow_Down","Green_Right","Blue_Up",-150,100,50,50,"Right"
4,1,8,"Red_Right","Yellow_Left","Green_Up","Blue_Right",100,100,0,50,"Left"
4,1,9,"Red_Right","Yellow_Down","Green_Left","Blue_Down",100,100,0,50,"Left"
4,1,10,"Red_Right","Yellow_Down","Green_Left","Blue_Left",-150,100,50,50,"Down"
4,1,11,"Red_Right","Yellow_Up","Green_Left","Blue_Down",100,100,0,50,"Right"
4,1,12,"Red_Down","Yellow_Down","Green_Right","Blue_Right",100,100,50,50,"Up"
4,1,13,"Red_Right","Yellow_Right","Green_Left","Blue_Down",100,100,50,50,"Left"
4,1,14,"Red_Right","Yellow_Left","Green_Up","Blue_Right",-150,100,0,50,"Up"
4,1,15,"Red_Left","Yellow_Left","Green_Down","Blue_Down",-150,100,0,50,"Right"
4,1,16,"Red_Right","Yellow_Left","Green_Down","Blue_Right",100,100,50,50,"Right"
4,1,17,"Red_Right","Yellow_Up","Green_Left","Blue_Down",100,100,0,50,"Up"
4,1,18,"Red_Left","Yellow_Left","Green_Left","Blue_Right",-150,100,0,-200,"Left"
4,1,19,"Red_Left","Yellow_Down","Green_Right","Blue_Right",100,100,50,50,"Down"
4,1,20,"Red_Down","Yellow_Left","Green_Down","Blue_Left",100,100,0,-200,"Left"
4,1,21,"Red_Left","Yellow_Down","Green_Up","Blue_Left",-150,100,50,50,"Left"
4,1,22,"Red_Left","Yellow_Down","Green_Down","Blue_Right",100,100,50,50,"Right"
4,1,23,"Red_Left","Yellow_Down","Green_Left","Blue_Up",100,100,50,50,"Left"
4,1,24,"Red_Left","Yellow_Up","Green_Left","Blue_Up",100,100,0,50,"Down"
4,1,25,"Red_Left","Yellow_Right","Green_Up","Blue_Up",-150,100,0,50,"Up"
4,1,26,"Red_Down","Yellow_Up","Green_Down","Blue_Down",-150,-1150,0,50,"Left"
4,1,27,"Red_Left","Yellow_Right","Green_Down","Blue_Down",100,100,0,50,"Right"
4,1,28,"Red_Left","Yellow_Right","Green_Down","Blue_Right",-150,100,50,50,"Right"
4,1,29,"Red_Left","Yellow_Right","Green_Right","Blue_Up",100,100,50,50,"Left"
4,1,30,"Red_Left","Yellow_Up","Green_Right","Blue_Up",-150,100,50,50,"Down"
4,1,31,"Red_Up","Yellow_Left","Green_Up","Blue_Left",100,100,0,-200,"Down"
4,1,32,"Red_Right","Yellow_Up","Green_Down","Blue_Up",100,100,50,-200,"Right"
4,1,33,"Red_Left","Yellow_Up","Green_Left","Blue_Up",100,100,0,50,"Right"
4,1,34,"Red_Left","Yellow_Right","Green_Down","Blue_Up",100,100,50,50,"Right"
4,1,35,"Red_Down","Yellow_Up","Green_Up","Blue_Left",-150,100,0,50,"Down"
4,1,36,"Red_Left","Yellow_Down","Green_Left","Blue_Left",-150,-1150,50,50,"Right"
4,1,37,"Red_Right","Yellow_Down","Green_Right","Blue_Right",100,-1150,50,50,"Left"
4,1,38,"Red_Right","Yellow_Right","Green_Up","Blue_Left",-150,100,0,50,"Left"
4,1,39,"Red_Right","Yellow_Left","Green_Up","Blue_Up",-150,100,0,50,"Down"
4,1,40,"Red_Up","Yellow_Left","Green_Left","Blue_Down",-150,-1150,50,50,"Up"
4,1,41,"Red_Up","Yellow_Left","Green_Left","Blue_Up",-150,100,0,50,"Right"
4,1,42,"Red_Right","Yellow_Up","Green_Down","Blue_Down",-150,100,0,50,"Right"
4,1,43,"Red_Left","Yellow_Left","Green_Up","Blue_Up",-150,100,50,50,"Up"
4,1,44,"Red_Down","Yellow_Right","Green_Left","Blue_Up",-150,100,0,50,"Up"
4,1,45,"Red_Up","Yellow_Right","Green_Left","Blue_Right",100,100,50,50,"Down"
4,1,46,"Red_Down","Yellow_Left","Green_Down","Blue_Up",-150,100,0,50,"Up"
4,1,47,"Red_Up","Yellow_Right","Green_Right","Blue_Left",100,100,0,50,"Down"
4,1,48,"Red_Left","Yellow_Down","Green_Right","Blue_Up",-150,100,0,50,"Down"
4,1,49,"Red_Up","Yellow_Left","Green_Up","Blue_Right",100,100,50,50,"Left"
4,1,50,"Red_Down","Yellow_Down","Green_Up","Blue_Left",100,100,50,50,"Left"
4,2,1,"Red_Down","Yellow_Right","Green_Down","Blue_Up",-150,100,50,50,"Left"
4,2,2,"Red_Left","Yellow_Right","Green_Up","Blue_Up",-150,100,50,-200,"Right"
4,2,3,"Red_Up","Yellow_Down","Green_Right","Blue_Right",-150,100,50,50,"Left"
4,2,4,"Red_Right","Yellow_Right","Green_Up","Blue_Right",100,100,0,50,"Down"
4,2,5,"Red_Left","Yellow_Down","Green_Left","Blue_Left",-150,100,0,50,"Down"
4,2,6,"Red_Down","Yellow_Up","Green_Up","Blue_Left",100,100,50,50,"Down"
4,2,7,"Red_Right","Yellow_Up","Green_Down","Blue_Left",-150,100,0,50,"Left"
4,2,8,"Red_Down","Yellow_Down","Green_Right","Blue_Left",100,100,0,50,"Left"
4,2,9,"Red_Up","Yellow_Right","Green_Left","Blue_Down",100,100,0,50,"Left"
4,2,10,"Red_Right","Yellow_Left","Green_Left","Blue_Left",100,-1150,0,50,"Up"
4,2,11,"Red_Down","Yellow_Right","Green_Down","Blue_Down",100,100,0,-200,"Left"
4,2,12,"Red_Right","Yellow_Up","Green_Down","Blue_Down",100,100,50,50,"Up"
4,2,13,"Red_Up","Yellow_Up","Green_Right","Blue_Up",100,100,0,50,"Left"
4,2,14,"Red_Right","Yellow_Up","Green_Right","Blue_Down",100,100,0,50,"Down"
4,2,15,"Red_Down","Yellow_Down","Green_Left","Blue_Down",-150,100,50,50,"Right"
4,2,16,"Red_Right","Yellow_Down","Green_Up","Blue_Down",-150,100,50,50,"Right"
4,2,17,"Red_Down","Yellow_Up","Green_Left","Blue_Up",100,-1150,50,50,"Up"
4,2,18,"Red_Left","Yellow_Right","Green_Up","Blue_Up",-150,100,0,-200,"Up"
4,2,19,"Red_Right","Yellow_Right","Green_Down","Blue_Left",-150,100,50,50,"Up"
4,2,20,"Red_Up","Yellow_Right","Green_Right","Blue_Left",100,100,50,50,"Left"
4,2,21,"Red_Left","Yellow_Left","Green_Left","Blue_Down",-150,100,50,50,"Right"
4,2,22,"Red_Up","Yellow_Left","Green_Down","Blue_Up",100,100,0,-200,"Up"
4,2,23,"Red_Up","Yellow_Down","Green_Down","Blue_Up",-150,100,0,50,"Down"
4,2,24,"Red_Right","Yellow_Up","Green_Up","Blue_Down",-150,100,50,50,"Right"
4,2,25,"Red_Right","Yellow_Right","Green_Right","Blue_Right",100,100,50,50,"Up"
4,2,26,"Red_Down","Yellow_Down","Green_Left","Blue_Down",-150,-1150,0,50,"Left"
4,2,27,"Red_Up","Yellow_Right","Green_Down","Blue_Left",100,-1150,50,50,"Right"
4,2,28,"Red_Right","Yellow_Right","Green_Right","Blue_Down",100,100,0,50,"Left"
4,2,29,"Red_Up","Yellow_Down","Green_Down","Blue_Right",100,100,0,50,"Right"
4,2,30,"Red_Up","Yellow_Up","Green_Left","Blue_Down",100,100,50,-200,"Left"
4,2,31,"Red_Right","Yellow_Right","Green_Left","Blue_Down",-150,100,0,50,"Right"
4,2,32,"Red_Left","Yellow_Down","Green_Left","Blue_Left",-150,100,50,50,"Down"
4,2,33,"Red_Right","Yellow_Left","Green_Left","Blue_Down",100,100,0,50,"Right"
4,2,34,"Red_Right","Yellow_Down","Green_Left","Blue_Left",-150,100,50,50,"Left"
4,2,35,"Red_Left","Yellow_Up","Green_Left","Blue_Right",-150,100,50,50,"Down"
4,2,36,"Red_Up","Yellow_Up","Green_Up","Blue_Right",100,100,0,50,"Up"
4,2,37,"Red_Left","Yellow_Left","Green_Right","Blue_Down",-150,100,50,50,"Left"
4,2,38,"Red_Up","Yellow_Left","Green_Up","Blue_Left",-150,-1150,50,50,"Right"
4,2,39,"Red_Up","Yellow_Right","Green_Up","Blue_Down",-150,100,50,50,"Down"
4,2,40,"Red_Up","Yellow_Right","Green_Down","Blue_Right",-150,100,50,50,"Down"
4,2,41,"Red_Up","Yellow_Down","Green_Left","Blue_Down",100,100,0,50,"Up"
4,2,42,"Red_Right","Yellow_Down","Green_Left","Blue_Up",-150,100,0,50,"Down"
4,2,43,"Red_Down","Yellow_Down","Green_Up","Blue_Down",100,100,50,50,"Up"
4,2,44,"Red_Left","Yellow_Down","Green_Up","Blue_Right",100,100,0,50,"Down"
4,2,45,"Red_Left","Yellow_Down","Green_Right","Blue_Down",100,100,50,50,"Left"
4,2,46,"Red_Up","Yellow_Left","Green_Down","Blue_Down",-150,100,0,50,"Left"
4,2,47,"Red_Right","Yellow_Down","Green_Right","Blue_Up",-150,100,0,50,"Down"
4,2,48,"Red_Up","Yellow_Right","Green_Down","Blue_Down",100,100,0,50,"Down"
4,2,49,"Red_Left","Yellow_Left","Green_Up","Blue_Left",-150,100,50,50,"Right"
4,2,50,"Red_Left","Yellow_Right","Green_Left","Blue_Left",100,100,0,50,"Right"
4,3,1,"Red_Down","Yellow_Up","Green_Up","Blue_Down",-150,100,50,50,"Up"
4,3,2,"Red_Right","Yellow_Up","Green_Left","Blue_Down",100,100,0,-200,"Right"
4,3,3,"Red_Left","Yellow_Down","Green_Down","Blue_Down",-150,100,0,50,"Down"
4,3,4,"Red_Left","Yellow_Up","Green_Up","Blue_Down",100,100,0,50,"Left"
4,3,5,"Red_Left","Yellow_Left","Green_Right","Blue_Up",-150,100,0,50,"Down"
4,3,6,"Red_Right","Yellow_Right","Green_Left","Blue_Up",100,100,50,50,"Left"
4,3,7,"Red_Down","Yellow_Down","Green_Up","Blue_Down",100,100,50,50,"Up"
4,3,8,"Red_Up","Yellow_Right","Green_Down","Blue_Left",100,100,50,50,"Right"
4,3,9,"Red_Up","Yellow_Up","Green_Up","Blue_Right",100,100,0,50,"Down"
4,3,10,"Red_Down","Yellow_Down","Green_Left","Blue_Left",100,100,0,50,"Left"
4,3,11,"Red_Up","Yellow_Down","Green_Left","Blue_Down",100,100,50,50,"Up"
4,3,12,"Red_Left","Yellow_Down","Green_Down","Blue_Left",100,100,50,50,"Right"
4,3,13,"Red_Up","Yellow_Right","Green_Down","Blue_Right",-150,100,50,50,"Down"
4,3,14,"Red_Right","Yellow_Left","Green_Up","Blue_Down",-150,100,50,50,"Left"
4,3,15,"Red_Up","Yellow_Right","Green_Up","Blue_Up",100,100,50,-200,"Down"
4,3,16,"Red_Right","Yellow_Down","Green_Down","Blue_Right",100,100,0,50,"Up"
4,3,17,"Red_Left","Yellow_Down","Green_Up","Blue_Up",100,100,0,50,"Left"
4,3,18,"Red_Right","Yellow_Up","Green_Down","Blue_Up",-150,100,0,50,"Left"
4,3,19,"Red_Left","Yellow_Right","Green_Up","Blue_Up",-150,100,0,50,"Right"
4,3,20,"Red_Right","Yellow_Right","Green_Down","Blue_Right",100,-1150,50,50,"Right"
4,3,21,"Red_Left","Yellow_Right","Green_Up","Blue_Left",100,100,0,50,"Left"
4,3,22,"Red_Left","Yellow_Up","Green_Left","Blue_Right",100,100,50,50,"Up"
4,3,23,"Red_Right","Yellow_Left","Green_Left","Blue_Right",100,-1150,0,50,"Right"
4,3,24,"Red_Up","Yellow_Down","Green_Up","Blue_Down",-150,100,0,50,"Left"
4,3,25,"Red_Left","Yellow_Up","Green_Down","Blue_Down",-150,-1150,50,50,"Down"
4,3,26,"Red_Up","Yellow_Up","Green_Left","Blue_Up",-150,100,0,-200,"Down"
4,3,27,"Red_Up","Yellow_Up","Green_Right","Blue_Left",-150,100,50,50,"Down"
4,3,28,"Red_Right","Yellow_Up","Green_Left","Blue_Down",-150,100,50,50,"Left"
4,3,29,"Red_Up","Yellow_Right","Green_Right","Blue_Up",-150,100,0,50,"Up"
4,3,30,"Red_Down","Yellow_Down","Green_Up","Blue_Right",100,100,50,-200,"Up"
4,3,31,"Red_Up","Yellow_Up","Green_Left","Blue_Left",-150,100,50,50,"Down"
4,3,32,"Red_Left","Yellow_Down","Green_Left","Blue_Left",-150,100,50,50,"Down"
4,3,33,"Red_Left","Yellow_Right","Green_Up","Blue_Down",100,100,0,-200,"Right"
4,3,34,"Red_Down","Yellow_Right","Green_Right","Blue_Down",-150,100,50,50,"Left"
4,3,35,"Red_Up","Yellow_Up","Green_Right","Blue_Down",100,100,0,50,"Down"
4,3,36,"Red_Left","Yellow_Right","Green_Right","Blue_Right",100,100,50,50,"Down"
4,3,37,"Red_Down","Yellow_Up","Green_Down","Blue_Right",-150,100,50,50,"Up"
4,3,38,"Red_Right","Yellow_Right","Green_Up","Blue_Right",-150,-1150,0,50,"Left"
4,3,39,"Red_Down","Yellow_Up","Green_Right","Blue_Right",-150,100,0,50,"Up"
4,3,40,"Red_Right","Yellow_Left","Green_Down","Blue_Up",-150,100,0,50,"Left"
4,3,41,"Red_Right","Yellow_Left","Green_Right","Blue_Down",100,100,0,50,"Left"
4,3,42,"Red_Right","Yellow_Down","Green_Down","Blue_Up",-150,100,50,50,"Left"
4,3,43,"Red_Right","Yellow_Left","Green_Right","Blue_Up",-150,100,50,50,"Left"
4,3,44,"Red_Left","Yellow_Up","Green_Left","Blue_Down",100,100,0,50,"Down"
4,3,45,"Red_Down","Yellow_Right","Green_Down","Blue_Down",100,100,0,50,"Down"
4,3,46,"Red_Down","Yellow_Down","Green_Down","Blue_Right",100,100,50,50,"Right"
4,3,47,"Red_Left","Yellow_Down","Green_Right","Blue_Down",-150,100,0,50,"Right"
4,3,48,"Red_Right","Yellow_Left","Green_Up","Blue_Down",-150,100,50,50,"Right"
4,3,49,"Red_Left","Yellow_Right","Green_Up","Blue_Up",-150,100,0,50,"Up"
4,3,50,"Red_Left","Yellow_Right","Green_Right","Blue_Down",100,-1150,50,50,"Up"
4,4,1,"Red_Left","Yellow_Right","Green_Up","Blue_Up",100,100,0,-200,"Right"
4,4,2,"Red_Right","Yellow_Up","Green_Left","Blue_Left",100,100,50,50,"Right"
4,4,3,"Red_Left","Yellow_Down","Green_Left","Blue_Right",100,100,50,50,"Right"
4,4,4,"Red_Down","Yellow_Right","Green_Up","Blue_Up",-150,100,50,50,"Left"
4,4,5,"Red_Down","Yellow_Down","Green_Left","Blue_Down",100,-1150,0,50,"Down"
4,4,6,"Red_Down","Yellow_Down","Green_Up","Blue_Up",-150,100,0,50,"Up"
4,4,7,"Red_Right","Yellow_Right","Green_Right","Blue_Down",100,-1150,50,50,"Down"
4,4,8,"Red_Left","Yellow_Up","Green_Left","Blue_Left",-150,100,50,50,"Down"
4,4,9,"Red_Down","Yellow_Down","Green_Up","Blue_Up",100,100,50,50,"Right"
4,4,10,"Red_Right","Yellow_Up","Green_Down","Blue_Left",-150,100,0,-200,"Down"
4,4,11,"Red_Up","Yellow_Left","Green_Right","Blue_Down",-150,100,50,50,"Right"
4,4,12,"Red_Down","Yellow_Down","Green_Down","Blue_Left",100,100,0,50,"Up"
4,4,13,"Red_Down","Yellow_Down","Green_Left","Blue_Right",100,100,0,50,"Left"
4,4,14,"Red_Down","Yellow_Right","Green_Left","Blue_Up",-150,100,50,50,"Left"
4,4,15,"Red_Left","Yellow_Right","Green_Right","Blue_Right",100,100,50,50,"Down"
4,4,16,"Red_Up","Yellow_Down","Green_Down","Blue_Down",-150,100,0,50,"Down"
4,4,17,"Red_Up","Yellow_Right","Green_Down","Blue_Right",100,100,50,50,"Down"
4,4,18,"Red_Up","Yellow_Down","Green_Up","Blue_Left",100,100,0,50,"Up"
4,4,19,"Red_Down","Yellow_Right","Green_Up","Blue_Down",-150,100,0,50,"Left"
4,4,20,"Red_Right","Yellow_Left","Green_Down","Blue_Down",-150,100,0,50,"Up"
4,4,21,"Red_Down","Yellow_Right","Green_Up","Blue_Down",100,100,0,50,"Down"
4,4,22,"Red_Left","Yellow_Left","Green_Left","Blue_Left",-150,100,0,50,"Left"
4,4,23,"Red_Left","Yellow_Down","Green_Right","Blue_Right",-150,-1150,50,50,"Right"
4,4,24,"Red_Up","Yellow_Right","Green_Up","Blue_Down",100,100,0,50,"Up"
4,4,25,"Red_Right","Yellow_Left","Green_Up","Blue_Up",-150,-1150,0,50,"Up"
4,4,26,"Red_Up","Yellow_Up","Green_Up","Blue_Down",-150,100,50,50,"Down"
4,4,27,"Red_Right","Yellow_Right","Green_Left","Blue_Right",-150,100,50,50,"Right"
4,4,28,"Red_Left","Yellow_Up","Green_Down","Blue_Up",-150,100,50,50,"Left"
4,4,29,"Red_Down","Yellow_Up","Green_Down","Blue_Right",100,100,0,50,"Up"
4,4,30,"Red_Up","Yellow_Right","Green_Right","Blue_Left",100,100,50,50,"Down"
4,4,31,"Red_Right","Yellow_Right","Green_Up","Blue_Down",-150,100,50,-200,"Right"
4,4,32,"Red_Left","Yellow_Up","Green_Left","Blue_Down",-150,100,50,50,"Up"
4,4,33,"Red_Left","Yellow_Right","Green_Left","Blue_Down",-150,100,0,50,"Up"
4,4,34,"Red_Left","Yellow_Up","Green_Right","Blue_Down",100,100,50,50,"Left"
4,4,35,"Red_Left","Yellow_Left","Green_Left","Blue_Right",-150,100,0,50,"Right"
4,4,36,"Red_Left","Yellow_Right","Green_Down","Blue_Down",100,100,50,50,"Left"
4,4,37,"Red_Up","Yellow_Down","Green_Right","Blue_Down",100,-1150,50,-200,"Left"
4,4,38,"Red_Left","Yellow_Up","Green_Down","Blue_Right",100,100,50,50,"Left"
4,4,39,"Red_Left","Yellow_Down","Green_Right","Blue_Up",100,100,0,50,"Left"
4,4,40,"Red_Left","Yellow_Down","Green_Down","Blue_Up",-150,100,0,50,"Down"
4,4,41,"Red_Down","Yellow_Up","Green_Right","Blue_Left",100,100,0,50,"Left"
4,4,42,"Red_Down","Yellow_Right","Green_Up","Blue_Down",100,100,0,50,"Down"
4,4,43,"Red_Up","Yellow_Left","Green_Down","Blue_Left",100,100,50,50,"Left"
4,4,44,"Red_Down","Yellow_Up","Green_Right","Blue_Down",-150,100,0,50,"Down"
4,4,45,"Red_Down","Yellow_Right","Green_Down","Blue_Up",100,100,50,50,"Left"
4,4,46,"Red_Down","Yellow_Up","Green_Right","Blue_Down",-150,100,0,50,"Down"
4,4,47,"Red_Right","Yellow_Right","Green_Up","Blue_Left",-150,100,50,-200,"Down"
4,4,48,"Red_Right","Yellow_Up","Green_Left","Blue_Left",100,100,0,50,"Left"
4,4,49,"Red_Right","Yellow_Left","Green_Right","Blue_Right",-150,100,0,50,"Right"
4,4,50,"Red_Up","Yellow_Down","Green_Up","Blue_Down",-150,100,50,50,"Down"
4,5,1,"Red_Right","Yellow_Right","Green_Up","Blue_Up",-150,100,0,50,"Up"
4,5,2,"Red_Left","Yellow_Up","Green_Up","Blue_Down",100,100,50,50,"Left"
4,5,3,"Red_Right","Yellow_Left","Green_Right","Blue_Left",-150,100,50,50,"Up"
4,5,4,"Red_Left","Yellow_Left","Green_Right","Blue_Left",-150,100,50,50,"Left"
4,5,5,"Red_Down","Yellow_Right","Green_Left","Blue_Down",100,100,50,50,"Down"
4,5,6,"Red_Left","Yellow_Right","Green_Left","Blue_Up",-150,100,0,50,"Right"
4,5,7,"Red_Up","Yellow_Up","Green_Left","Blue_Left",100,100,50,50,"Up"
4,5,8,"Red_Left","Yellow_Left","Green_Left","Blue_Up",-150,100,50,50,"Up"
4,5,9,"Red_Left","Yellow_Up","Green_Right","Blue_Right",-150,100,50,50,"Left"
4,5,10,"Red_Right","Yellow_Left","Green_Left","Blue_Down",-150,100,0,50,"Up"
4,5,11,"Red_Left","Yellow_Down","Green_Left","Blue_Down",100,100,50,50,"Down"
4,5,12,"Red_Up","Yellow_Left","Green_Up","Blue_Right",-150,100,50,50,"Left"
4,5,13,"Red_Up","Yellow_Left","Green_Left","Blue_Right",-150,100,0,50,"Right"
4,5,14,"Red_Left","Yellow_Down","Green_Up","Blue_Up",100,100,50,50,"Right"
4,5,15,"Red_Up","Yellow_Up","Green_Right","Blue_Up",100,100,0,50,"Right"
4,5,16,"Red_Down","Yellow_Down","Green_Up","Blue_Up",-150,-1150,0,50,"Left"
4,5,17,"Red_Left","Yellow_Right","Green_Left","Blue_Up",100,100,0,50,"Right"
4,5,18,"Red_Left","Yellow_Left","Green_Down","Blue_Up",-150,100,0,50,"Down"
4,5,19,"Red_Right","Yellow_Left","Green_Right","Blue_Down",100,100,0,50,"Down"
4,5,20,"Red_Up","Yellow_Right","Green_Up","Blue_Left",-150,100,50,-200,"Down"
4,5,21,"Red_Down","Yellow_Down","Green_Right","Blue_Up",100,100,50,-200,"Left"
4,5,22,"Red_Up","Yellow_Left","Green_Down","Blue_Left",-150,100,0,50,"Right"
4,5,23,"Red_Left","Yellow_Down","Green_Down","Blue_Down",-150,100,0,50,"Left"
4,5,24,"Red_Down","Yellow_Right","Green_Left","Blue_Left",100,100,0,50,"Left"
4,5,25,"Red_Left","Yellow_Left","Green_Down","Blue_Left",-150,100,0,50,"Down"
4,5,26,"Red_Left","Yellow_Left","Green_Left","Blue_Right",-150,100,0,50,"Right"
4,5,27,"Red_Right","Yellow_Up","Green_Right","Blue_Left",-150,100,50,50,"Up"
4,5,28,"Red_Down","Yellow_Right","Green_Up","Blue_Down",-150,100,0,50,"Left"
4,5,29,"Red_Down","Yellow_Right","Green_Up","Blue_Up",-150,-1150,0,-200,"Left"
4,5,30,"Red_Down","Yellow_Left","Green_Right","Blue_Left",100,100,0,50,"Left"
4,5,31,"Red_Right","Yellow_Right","Green_Down","Blue_Right",100,100,50,50,"Left"
4,5,32,"Red_Down","Yellow_Right","Green_Down","Blue_Right",100,100,50,50,"Left"
4,5,33,"Red_Right","Yellow_Up","Green_Down","Blue_Left",-150,100,0,50,"Left"
4,5,34,"Red_Right","Yellow_Right","Green_Down","Blue_Down",100,100,50,-200,"Right"
4,5,35,"Red_Right","Yellow_Right","Green_Right","Blue_Left",100,100,50,50,"Right"
4,5,36,"Red_Left","Yellow_Left","Green_Right","Blue_Down",100,100,50,50,"Up"
4,5,37,"Red_Left","Yellow_Left","Green_Left","Blue_Down",100,100,50,50,"Up"
4,5,38,"Red_Up","Yellow_Up","Green_Right","Blue_Down",-150,100,0,50,"Right"
4,5,39,"Red_Right","Yellow_Down","Green_Right","Blue_Right",100,-1150,50,-200,"Up"
4,5,40,"Red_Down","Yellow_Right","Green_Down","Blue_Up",100,100,0,50,"Up"
4,5,41,"Red_Left","Yellow_Up","Green_Up","Blue_Down",100,-1150,50,50,"Up"
4,5,42,"Red_Up","Yellow_Left","Green_Up","Blue_Down",100,100,50,50,"Down"
4,5,43,"Red_Right","Yellow_Right","Green_Down","Blue_Up",-150,100,50,50,"Up"
4,5,44,"Red_Right","Yellow_Down","Green_Left","Blue_Up",100,100,0,50,"Down"
4,5,45,"Red_Down","Yellow_Up","Green_Left","Blue_Up",100,100,0,50,"Down"
4,5,46,"Red_Down","Yellow_Left","Green_Down","Blue_Left",100,100,0,50,"Right"
4,5,47,"Red_Up","Yellow_Down","Green_Right","Blue_Right",-150,-1150,50,50,"Right"
4,5,48,"Red_Up","Yellow_Left","Green_Up","Blue_Up",-150,100,0,50,"Right"
4,5,49,"Red_Up","Yellow_Down","Green_Right","Blue_Left",100,100,0,50,"Right"
4,5,50,"Red_Right","Yellow_Right","Green_Right","Blue_Left",-150,100,50,50,"Right"
4,6,1,"Red_Up","Yellow_Right","Green_Up","Blue_Down",100,100,0,50,"Left"
4,6,2,"Red_Right","Yellow_Down","Green_Right","Blue_Right",100,100,0,-200,"Right"
4,6,3,"Red_Left","Yellow_Down","Green_Up","Blue_Right",100,100,0,50,"Left"
4,6,4,"Red_Up","Yellow_Down","Green_Right","Blue_Right",-150,100,0,50,"Up"
4,6,5,"Red_Down","Yellow_Left","Green_Up","Blue_Left",-150,100,0,50,"Down"
4,6,6,"Red_Right","Yellow_Up","Green_Left","Blue_Left",100,-1150,0,50,"Down"
4,6,7,"Red_Up","Yellow_Right","Green_Down","Blue_Left",100,100,50,50,"Up"
4,6,8,"Red_Left","Yellow_Down","Green_Up","Blue_Down",-150,100,50,50,"Right"
4,6,9,"Red_Down","Yellow_Up","Green_Right","Blue_Left",100,100,50,50,"Left"
4,6,10,"Red_Down","Yellow_Down","Green_Up","Blue_Down",100,100,50,50,"Left"
4,6,11,"Red_Up","Yellow_Left","Green_Right","Blue_Left",100,100,0,50,"Right"
4,6,12,"Red_Down","Yellow_Down","Green_Left","Blue_Down",-150,100,0,50,"Down"
4,6,13,"Red_Left","Yellow_Up","Green_Right","Blue_Down",-150,100,0,-200,"Up"
4,6,14,"Red_Right","Yellow_Left","Green_Up","Blue_Left",100,100,50,50,"Right"
4,6,15,"Red_Left","Yellow_Up","Green_Down","Blue_Left",-150,100,50,50,"Left"
4,6,16,"Red_Up","Yellow_Left","Green_Up","Blue_Left",-150,100,0,50,"Down"
4,6,17,"Red_Left","Yellow_Left","Green_Down","Blue_Up",100,100,0,50,"Up"
4,6,18,"Red_Left","Yellow_Up","Green_Down","Blue_Down",-150,100,50,50,"Left"
4,6,19,"Red_Down","Yellow_Down","Green_Right","Blue_Right",100,100,50,50,"Right"
4,6,20,"Red_Left","Yellow_Up","Green_Left","Blue_Right",100,100,50,50,"Down"
4,6,21,"Red_Right","Yellow_Right","Green_Down","Blue_Up",-150,100,0,50,"Right"
4,6,22,"Red_Up","Yellow_Left","Green_Left","Blue_Up",100,100,0,50,"Down"
4,6,23,"Red_Right","Yellow_Up","Green_Left","Blue_Down",100,100,50,50,"Right"
4,6,24,"Red_Up","Yellow_Down","Green_Right","Blue_Right",100,-1150,50,-200,"Right"
4,6,25,"Red_Left","Yellow_Down","Green_Down","Blue_Left",100,100,0,50,"Right"
4,6,26,"Red_Up","Yellow_Down","Green_Down","Blue_Down",-150,100,0,50,"Down"
4,6,27,"Red_Right","Yellow_Up","Green_Down","Blue_Left",100,100,50,50,"Down"
4,6,28,"Red_Up","Yellow_Left","Green_Right","Blue_Down",-150,100,0,-200,"Down"
4,6,29,"Red_Down","Yellow_Up","Green_Down","Blue_Up",-150,100,50,50,"Up"
4,6,30,"Red_Right","Yellow_Left","Green_Left","Blue_Left",-150,100,50,50,"Up"
4,6,31,"Red_Up","Yellow_Right","Green_Right","Blue_Right",-150,100,50,50,"Left"
4,6,32,"Red_Left","Yellow_Down","Green_Up","Blue_Up",-150,100,50,50,"Up"
4,6,33,"Red_Down","Yellow_Up","Green_Up","Blue_Right",100,-1150,50,50,"Up"
4,6,34,"Red_Left","Yellow_Up","Green_Up","Blue_Left",100,-1150,50,-200,"Left"
4,6,35,"Red_Down","Yellow_Up","Green_Left","Blue_Right",100,100,50,50,"Up"
4,6,36,"Red_Down","Yellow_Up","Green_Left","Blue_Right",100,100,50,50,"Right"
4,6,37,"Red_Left","Yellow_Down","Green_Down","Blue_Right",100,100,0,50,"Right"
4,6,38,"Red_Right","Yellow_Down","Green_Up","Blue_Up",100,100,0,50,"Down"
4,6,39,"Red_Up","Yellow_Down","Green_Right","Blue_Right",-150,100,0,50,"Left"
4,6,40,"Red_Left","Yellow_Right","Green_Down","Blue_Up",-150,100,50,50,"Left"
4,6,41,"Red_Down","Yellow_Right","Green_Down","Blue_Right",-150,100,0,50,"Down"
4,6,42,"Red_Up","Yellow_Left","Green_Right","Blue_Right",100,100,50,50,"Down"
4,6,43,"Red_Up","Yellow_Down","Green_Right","Blue_Left",-150,100,50,50,"Up"
4,6,44,"Red_Up","Yellow_Down","Green_Left","Blue_Left",-150,100,50,50,"Right"
4,6,45,"Red_Left","Yellow_Left","Green_Right","Blue_Up",-150,100,0,50,"Left"
4,6,46,"Red_Left","Yellow_Down","Green_Left","Blue_Right",-150,100,0,50,"Left"
4,6,47,"Red_Left","Yellow_Up","Green_Left","Blue_Down",-150,100,0,50,"Up"
4,6,48,"Red_Right","Yellow_Down","Green_Right","Blue_Right",-150,100,0,50,"Right"
4,6,49,"Red_Down","Yellow_Right","Green_Left","Blue_Left",100,-1150,50,50,"Left"
4,6,50,"Red_Up","Yellow_Down","Green_Up","Blue_Right",-150,100,0,50,"Up"
5,1,1,"Red_Left","Yellow_Right","Green_Up","Blue_Left",100,100,50,50,"Up"
5,1,2,"Red_Left","Yellow_Up","Green_Left","Blue_Right",100,100,50,50,"Right"
5,1,3,"Red_Up","Yellow_Right","Green_Down","Blue_Down",100,100,50,50,"Down"
5,1,4,"Red_Left","Yellow_Left","Green_Right","Blue_Up",-150,100,0,50,"Up"
5,1,5,"Red_Left","Yellow_Left","Green_Right","Blue_Up",100,100,0,50,"Up"
5,1,6,"Red_Left","Yellow_Right","Green_Left","Blue_Left",-150,100,0,50,"Up"
5,1,7,"Red_Left","Yellow_Right","Green_Left","Blue_Left",-150,100,0,50,"Right"
5,1,8,"Red_Left","Yellow_Right","Green_Down","Blue_Up",100,-1150,0,50,"Up"
5,1,9,"Red_Right","Yellow_Left","Green_Up","Blue_Down",-150,-1150,0,50,"Up"
5,1,10,"Red_Left","Yellow_Right","Green_Down","Blue_Down",100,100,50,50,"Up"
5,1,11,"Red_Left","Yellow_Down","Green_Right","Blue_Down",-150,-1150,0,50,"Left"
5,1,12,"Red_Right","Yellow_Down","Green_Down","Blue_Down",-150,100,0,50,"Left"
5,1,13,"Red_Up","Yellow_Right","Green_Left","Blue_Down",100,100,0,50,"Right"
5,1,14,"Red_Up","Yellow_Up","Green_Left","Blue_Down",100,100,50,50,"Up"
5,1,15,"Red_Up","Yellow_Right","Green_Right","Blue_Left",-150,100,50,50,"Right"
5,1,16,"Red_Down","Yellow_Up","Green_Left","Blue_Right",-150,100,50,50,"Up"
5,1,17,"Red_Right","Yellow_Up","Green_Up","Blue_Up",-150,100,0,50,"Left"
5,1,18,"Red_Up","Yellow_Right","Green_Left","Blue_Right",100,100,50,50,"Right"
5,1,19,"Red_Right","Yellow_Up","Green_Right","Blue_Left",100,100,0,50,"Right"
5,1,20,"Red_Left","Yellow_Down","Green_Up","Blue_Down",-150,100,50,50,"Right"
5,1,21,"Red_Right","Yellow_Right","Green_Left","Blue_Down",-150,100,50,50,"Down"
5,1,22,"Red_Left","Yellow_Right","Green_Down","Blue_Right",-150,100,0,-200,"Down"
5,1,23,"Red_Right","Yellow_Down","Green_Up","Blue_Down",-150,100,0,50,"Right"
5,1,24,"Red_Left","Yellow_Up","Green_Left","Blue_Down",-150,100,50,50,"Right"
5,1,25,"Red_Up","Yellow_Up","Green_Left","Blue_Up",-150,100,50,50,"Left"
5,1,26,"Red_Up","Yellow_Up","Green_Left","Blue_Left",100,100,0,-200,"Left"
5,1,27,"Red_Left","Yellow_Up","Green_Left","Blue_Down",-150,100,0,50,"Down"
5,1,28,"Red_Right","Yellow_Up","Green_Down","Blue_Right",-150,-1150,50,50,"Right"
5,1,29,"Red_Up","Yellow_Right","Green_Up","Blue_Down",-150,-1150,0,50,"Left"
5,1,30,"Red_Right","Yellow_Left","Green_Right","Blue_Right",100,100,50,50,"Right"
5,1,31,"Red_Up","Yellow_Down","Green_Down","Blue_Down",100,100,50,50,"Right"
5,1,32,"Red_Up","Yellow_Up","Green_Down","Blue_Right",100,100,0,-200,"Left"
5,1,33,"Red_Up","Yellow_Down","Green_Down","Blue_Left",-150,100,50,-200,"Up"
5,1,34,"Red_Up","Yellow_Left","Green_Right","Blue_Left",100,100,0,50,"Down"
5,1,35,"Red_Right","Yellow_Down","Green_Left","Blue_Down",100,100,50,50,"Right"
5,1,36,"Red_Left","Yellow_Right","Green_Up","Blue_Up",100,100,50,50,"Down"
5,1,37,"Red_Down","Yellow_Right","Green_Left","Blue_Right",100,100,50,50,"Down"
5,1,38,"Red_Left","Yellow_Right","Green_Down","Blue_Down",-150,100,0,50,"Down"
5,1,39,"Red_Up","Yellow_Left","Green_Left","Blue_Down",100,100,0,50,"Right"
5,1,40,"Red_Down","Yellow_Right","Green_Left","Blue_Left",-150,100,50,50,"Up"
5,1,41,"Red_Left","Yellow_Up","Green_Up","Blue_Up",100,100,0,50,"Up"
5,1,42,"Red_Down","Yellow_Down","Green_Up","Blue_Left",-150,100,0,50,"Down"
5,1,43,"Red_Up","Yellow_Right","Green_Left","Blue_Down",100,100,0,50,"Down"
5,1,44,"Red_Left","Yellow_Right","Green_Right","Blue_Up",-150,100,0,50,"Right"
5,1,45,"Red_Right","Yellow_Right","Green_Down","Blue_Right",-150,100,0,50,"Up"
5,1,46,"Red_Right","Yellow_Left","Green_Right","Blue_Left",100,100,50,50,"Right"
5,1,47,"Red_Right","Yellow_Right","Green_Left","Blue_Down",-150,100,50,50,"Left"
5,1,48,"Red_Left","Yellow_Down","Green_Down","Blue_Left",100,100,50,-200,"Up"
5,1,49,"Red_Left","Yellow_Down","Green_Down","Blue_Down",100,100,50,50,"Left"
5,1,50,"Red_Down","Yellow_Down","Green_Left","Blue_Down",100,100,50,50,"Left"
5,2,1,"Red_Up","Yellow_Right","Green_Down","Blue_Right",-150,100,50,50,"Down"
5,2,2,"Red_Up","Yellow_Down","Green_Left","Blue_Left",100,100,50,50,"Left"
5,2,3,"Red_Down","Yellow_Up","Green_Down","Blue_Left",100,100,0,50,"Left"
5,2,4,"Red_Right","Yellow_Up","Green_Down","Blue_Down",-150,100,50,50,"Right"
5,2,5,"Red_Down","Yellow_Up","Green_Left","Blue_Left",-150,100,50,50,"Left"
5,2,6,"Red_Up","Yellow_Left","Green_Up","Blue_Up",100,100,50,50,"Up"
5,2,7,"Red_Right","Yellow_Left","Green_Left","Blue_Up",100,100,50,50,"Left"
5,2,8,"Red_Up","Yellow_Right","Green_Right","Blue_Right",100,100,50,50,"Up"
5,2,9,"Red_Left","Yellow_Down","Green_Down","Blue_Down",-150,100,0,50,"Left"
5,2,10,"Red_Right","Yellow_Up","Green_Left","Blue_Left",-150,100,0,-200,"Up"
5,2,11,"Red_Up","Yellow_Right","Green_Left","Blue_Down",-150,100,50,50,"Up"
5,2,12,"Red_Right","Yellow_Right","Green_Right","Blue_Up",-150,100,0,50,"Down"
5,2,13,"Red_Up","Yellow_Up","Green_Down","Blue_Up",-150,100,50,-200,"Down"
5,2,14,"Red_Right","Yellow_Down","Green_Up","Blue_Right",-150,-1150,0,50,"Up"
5,2,15,"Red_Left","Yellow_Up","Green_Right","Blue_Right",100,100,0,50,"Up"
5,2,16,"Red_Up","Yellow_Right","Green_Right","Blue_Down",100,100,50,50,"Up"
5,2,17,"Red_Down","Yellow_Down","Green_Right","Blue_Right",100,100,50,50,"Left"
5,2,18,"Red_Left","Yellow_Down","Green_Up","Blue_Up",-150,100,0,-200,"Up"
5,2,19,"Red_Down","Yellow_Down","Green_Up","Blue_Left",-150,100,50,50,"Up"
5,2,20,"Red_Up","Yellow_Down","Green_Up","Blue_Down",-150,100,0,50,"Down"
5,2,21,"Red_Right","Yellow_Up","Green_Down","Blue_Up",-150,100,50,50,"Up"
5,2,22,"Red_Up","Yellow_Down","Green_Left","Blue_Down",-150,100,0,50,"Up"
5,2,23,"Red_Down","Yellow_Down","Green_Down","Blue_Down",-150,100,50,50,"Left"
5,2,24,"Red_Right","Yellow_Down","Green_Right","Blue_Up",-150,100,50,50,"Down"
5,2,25,"Red_Down","Yellow_Left","Green_Up","Blue_Up",100,-1150,50,50,"Right"
5,2,26,"Red_Right","Yellow_Right","Green_Down","Blue_Right",100,100,50,50,"Right"
5,2,27,"Red_Left","Yellow_Right","Green_Up","Blue_Left",100,100,0,50,"Left"
5,2,28,"Red_Up","Yellow_Down","Green_Left","Blue_Up",100,100,50,50,"Down"
5,2,29,"Red_Left","Yellow_Up","Green_Right","Blue_Down",100,-1150,0,50,"Right"
5,2,30,"Red_Right","Yellow_Left","Green_Right","Blue_Up",100,100,0,50,"Left"
5,2,31,"Red_Right","Yellow_Up","Green_Right","Blue_Up",-150,100,50,50,"Up"
5,2,32,"Red_Down","Yellow_Up","Green_Up","Blue_Up",100,100,50,50,"Right"
5,2,33,"Red_Left","Yellow_Left","Green_Left","Blue_Down",100,100,50,50,"Down"
5,2,34,"Red_Up","Yellow_Left","Green_Up","Blue_Left",100,100,50,50,"Right"
5,2,35,"Red_Down","Yellow_Left","Green_Right","Blue_Down",-150,100,50,50,"Down"
5,2,36,"Red_Down","Yellow_Left","Green_Left","Blue_Left",100,100,0,-200,"Down"
5,2,37,"Red_Down","Yellow_Down","Green_Right","Blue_Down",-150,100,0,50,"Down"
5,2,38,"Red_Left","Yellow_Right","Green_Up","Blue_Up",-150,100,50,50,"Down"
5,2,39,"Red_Left","Yellow_Left","Green_Up","Blue_Up",100,-1150,0,50,"Right"
5,2,40,"Red_Left","Yellow_Up","Green_Up","Blue_Left",-150,100,0,50,"Up"
5,2,41,"Red_Up","Yellow_Left","Green_Right","Blue_Up",-150,100,0,50,"Left"
5,2,42,"Red_Down","Yellow_Down","Green_Up","Blue_Up",100,-1150,0,50,"Down"
5,2,43,"Red_Down","Yellow_Left","Green_Left","Blue_Up",-150,100,0,50,"Left"
5,2,44,"Red_Right","Yellow_Left","Green_Left","Blue_Right",100,100,0,50,"Down"
5,2,45,"Red_Right","Yellow_Up","Green_Up","Blue_Up",100,100,0,50,"Up"
5,2,46,"Red_Right","Yellow_Up","Green_Left","Blue_Right",100,100,0,50,"Left"
5,2,47,"Red_Right","Yellow_Up","Green_Up","Blue_Down",100,100,50,50,"Down"
5,2,48,"Red_Right","Yellow_Left","Green_Down","Blue_Down",-150,100,0,50,"Right"
5,2,49,"Red_Left","Yellow_Left","Green_Right","Blue_Up",100,100,0,-200,"Left"
5,2,50,"Red_Down","Yellow_Down","Green_Down","Blue_Right",-150,100,0,50,"Down"
5,3,1,"Red_Right","Yellow_Left","Green_Left","Blue_Right",100,100,0,50,"Left"
5,3,2,"Red_Up","Yellow_Up","Green_Right","Blue_Right",-150,100,0,50,"Left"
5,3,3,"Red_Up","Yellow_Left","Green_Left","Blue_Down",100,100,50,50,"Down"
5,3,4,"Red_Right","Yellow_Left","Green_Left","Blue_Left",100,100,0,50,"Right"
5,3,5,"Red_Right","Yellow_Down","Green_Down","Blue_Right",100,100,0,50,"Down"
5,3,6,"Red_Down","Yellow_Right","Green_Down","Blue_Right",-150,100,50,50,"Right"
5,3,7,"Red_Right","Yellow_Right","Green_Left","Blue_Down",100,-1150,50,50,"Right"
5,3,8,"Red_Down","Yellow_Left","Green_Left","Blue_Down",-150,-1150,50,50,"Down"
5,3,9,"Red_Up","Yellow_Down","Green_Down","Blue_Left",100,100,0,50,"Left"
5,3,10,"Red_Right","Yellow_Left","Green_Right","Blue_Left",-150,100,50,50,"Up"
5,3,11,"Red_Down","Yellow_Left","Green_Up","Blue_Right",100,100,0,50,"Right"
5,3,12,"Red_Left","Yellow_Up","Green_Right","Blue_Left",-150,100,50,50,"Up"
5,3,13,"Red_Right","Yellow_Down","Green_Down","Blue_Right",100,100,50,50,"Up"
5,3,14,"Red_Down","Yellow_Down","Green_Down","Blue_Left",100,100,50,50,"Right"
5,3,15,"Red_Left","Yellow_Right","Green_Up","Blue_Down",-150,100,50,50,"Left"
5,3,16,"Red_Down","Yellow_Right","Green_Up","Blue_Left",-150,100,50,50,"Up"
5,3,17,"Red_Left","Yellow_Down","Green_Down","Blue_Right",-150,100,0,50,"Down"
5,3,18,"Red_Down","Yellow_Left","Green_Up","Blue_Left",100,100,0,-200,"Left"
5,3,19,"Red_Left","Yellow_Down","Green_Left","Blue_Right",-150,-1150,50,50,"Up"
5,3,20,"Red_Up","Yellow_Down","Green_Up","Blue_Up",-150,100,0,50,"Down"
5,3,21,"Red_Left","Yellow_Up","Green_Down","Blue_Up",-150,100,0,-200,"Down"
5,3,22,"Red_Right","Yellow_Right","Green_Down","Blue_Up",100,100,50,50,"Left"
5,3,23,"Red_Right","Yellow_Left","Green_Right","Blue_Down",100,100,50,50,"Down"
5,3,24,"Red_Right","Yellow_Up","Green_Left","Blue_Down",100,100,0,50,"Right"
5,3,25,"Red_Right","Yellow_Down","Green_Up","Blue_Up",100,100,50,50,"Down"
5,3,26,"Red_Down","Yellow_Left","Green_Left","Blue_Left",100,100,50,50,"Left"
5,3,27,"Red_Left","Yellow_Left","Green_Left","Blue_Left",100,100,50,50,"Down"
5,3,28,"Red_Right","Yellow_Left","Green_Down","Blue_Left",100,100,50,-200,"Right"
5,3,29,"Red_Left","Yellow_Right","Green_Up","Blue_Down",-150,100,0,50,"Right"
5,3,30,"Red_Right","Yellow_Left","Green_Up","Blue_Right",-150,100,50,50,"Right"
5,3,31,"Red_Right","Yellow_Up","Green_Down","Blue_Up",-150,100,0,50,"Up"
5,3,32,"Red_Down","Yellow_Left","Green_Left","Blue_Up",100,100,0,50,"Left"
5,3,33,"Red_Left","Yellow_Right","Green_Up","Blue_Down",100,100,50,50,"Up"
5,3,34,"Red_Down","Yellow_Left","Green_Down","Blue_Right",100,100,50,50,"Left"
5,3,35,"Red_Left","Yellow_Up","Green_Right","Blue_Right",-150,100,0,50,"Left"
5,3,36,"Red_Left","Yellow_Right","Green_Down","Blue_Down",-150,100,0,50,"Down"
5,3,37,"Red_Left","Yellow_Left","Green_Down","Blue_Up",-150,-1150,0,50,"Right"
5,3,38,"Red_Right","Yellow_Down","Green_Left","Blue_Right",-150,100,0,50,"Left"
5,3,39,"Red_Up","Yellow_Right","Green_Up","Blue_Down",-150,100,50,50,"Left"
5,3,40,"Red_Down","Yellow_Up","Green_Up","Blue_Down",100,100,0,50,"Down"
5,3,41,"Red_Up","Yellow_Left","Green_Down","Blue_Right",-150,100,0,50,"Right"
5,3,42,"Red_Right","Yellow_Right","Green_Right","Blue_Down",100,100,0,50,"Left"
5,3,43,"Red_Left","Yellow_Down","Green_Up","Blue_Up",100,-1150,0,50,"Up"
5,3,44,"Red_Up","Yellow_Up","Green_Left","Blue_Up",-150,100,0,50,"Down"
5,3,45,"Red_Down","Yellow_Up","Green_Left","Blue_Down",-150,100,50,50,"Down"
5,3,46,"Red_Up","Yellow_Right","Green_Left","Blue_Up",100,100,0,-200,"Up"
5,3,47,"Red_Right","Yellow_Down","Green_Down","Blue_Up",100,100,0,50,"Up"
5,3,48,"Red_Right","Yellow_Down","Green_Left","Blue_Left",-150,100,50,-200,"Left"
5,3,49,"Red_Right","Yellow_Down","Green_Up","Blue_Up",-150,100,50,50,"Left"
5,3,50,"Red_Down","Yellow_Left","Green_Up","Blue_Right",-150,100,50,50,"Left"
5,4,1,"Red_Left","Yellow_Down","Green_Right","Blue_Down",-150,100,0,50,"Right"
5,4,2,"Red_Left","Yellow_Down","Green_Left","Blue_Left",100,100,0,50,"Down"
5,4,3,"Red_Down","Yellow_Right","Green_Left","Blue_Down",100,100,50,-200,"Left"
5,4,4,"Red_Up","Yellow_Up","Green_Left","Blue_Right",100,100,50,50,"Left"
5,4,5,"Red_Left","Yellow_Right","Green_Down","Blue_Down",-150,100,0,50,"Down"
5,4,6,"Red_Down","Yellow_Up","Green_Right","Blue_Left",100,100,50,50,"Left"
5,4,7,"Red_Down","Yellow_Down","Green_Left","Blue_Left",-150,100,0,50,"Up"
5,4,8,"Red_Left","Yellow_Up","Green_Down","Blue_Up",-150,100,0,50,"Left"
5,4,9,"Red_Down","Yellow_Right","Green_Down","Blue_Left",-150,-1150,50,50,"Left"
5,4,10,"Red_Right","Yellow_Right","Green_Left","Blue_Right",-150,100,0,50,"Left"
5,4,11,"Red_Up","Yellow_Up","Green_Up","Blue_Right",100,100,50,50,"Down"
5,4,12,"Red_Up","Yellow_Down","Green_Down","Blue_Down",-150,100,50,50,"Down"
5,4,13,"Red_Right","Yellow_Right","Green_Left","Blue_Left",100,100,0,50,"Up"
5,4,14,"Red_Left","Yellow_Up","Green_Up","Blue_Down",100,100,50,50,"Up"
5,4,15,"Red_Down","Yellow_Left","Green_Left","Blue_Down",-150,100,0,50,"Left"
5,4,16,"Red_Right","Yellow_Right","Green_Left","Blue_Up",-150,100,50,-200,"Down"
5,4,17,"Red_Right","Yellow_Down","Green_Left","Blue_Up",-150,100,0,50,"Right"
5,4,18,"Red_Left","Yellow_Down","Green_Left","Blue_Down",-150,100,50,50,"Right"
5,4,19,"Red_Up","Yellow_Down","Green_Up","Blue_Right",-150,-1150,0,50,"Left"
5,4,20,"Red_Right","Yellow_Right","Green_Down","Blue_Down",100,100,50,50,"Left"
5,4,21,"Red_Up","Yellow_Up","Green_Down","Blue_Right",-150,100,50,50,"Right"
5,4,22,"Red_Right","Yellow_Right","Green_Up","Blue_Right",100,100,0,50,"Up"
5,4,23,"Red_Left","Yellow_Right","Green_Down","Blue_Right",100,100,50,50,"Down"
5,4,24,"Red_Up","Yellow_Up","Green_Up","Blue_Right",-150,100,0,50,"Left"
5,4,25,"Red_Up","Yellow_Left","Green_Down","Blue_Up",100,100,0,50,"Up"
5,4,26,"Red_Right","Yellow_Down","Green_Down","Blue_Down",-150,100,50,50,"Left"
5,4,27,"Red_Up","Yellow_Left","Green_Right","Blue_Down",-150,100,50,50,"Down"
5,4,28,"Red_Up","Yellow_Up","Green_Up","Blue_Down",-150,100,50,50,"Down"
5,4,29,"Red_Left","Yellow_Up","Green_Down","Blue_Up",100,100,0,50,"Left"
5,4,30,"Red_Right","Yellow_Down","Green_Left","Blue_Right",100,-1150,50,50,"Up"
5,4,31,"Red_Left","Yellow_Left","Green_Right","Blue_Right",-150,100,0,50,"Up"
5,4,32,"Red_Down","Yellow_Down","Green_Right","Blue_Up",100,100,50,50,"Right"
5,4,33,"Red_Up","Yellow_Down","Green_Right","Blue_Up",100,100,0,-200,"Left"
5,4,34,"Red_Up","Yellow_Right","Green_Right","Blue_Down",100,100,50,50,"Right"
5,4,35,"Red_Right","Yellow_Down","Green_Left","Blue_Left",-150,-1150,0,50,"Right"
5,4,36,"Red_Left","Yellow_Up","Green_Down","Blue_Left",100,100,50,-200,"Right"
5,4,37,"Red_Left","Yellow_Right","Green_Down","Blue_Right",100,100,50,50,"Left"
5,4,38,"Red_Right","Yellow_Left","Green_Right","Blue_Down",100,100,0,50,"Down"
5,4,39,"Red_Up","Yellow_Right","Green_Right","Blue_Down",100,100,0,50,"Right"
5,4,40,"Red_Right","Yellow_Down","Green_Right","Blue_Up",100,-1150,50,-200,"Left"
5,4,41,"Red_Up","Yellow_Down","Green_Up","Blue_Right",-150,100,50,50,"Left"
5,4,42,"Red_Down","Yellow_Right","Green_Down","Blue_Down",100,100,0,50,"Left"
5,4,43,"Red_Down","Yellow_Up","Green_Right","Blue_Up",100,100,0,50,"Up"
5,4,44,"Red_Up","Yellow_Left","Green_Left","Blue_Left",-150,100,0,50,"Right"
5,4,45,"Red_Down","Yellow_Right","Green_Up","Blue_Right",-150,100,50,50,"Up"
5,4,46,"Red_Left","Yellow_Down","Green_Down","Blue_Right",100,100,0,50,"Left"
5,4,47,"Red_Up","Yellow_Right","Green_Down","Blue_Right",-150,100,0,50,"Up"
5,4,48,"Red_Up","Yellow_Up","Green_Left","Blue_Right",100,100,50,50,"Up"
5,4,49,"Red_Down","Yellow_Left","Green_Right","Blue_Up",-150,100,0,50,"Left"
5,4,50,"Red_Up","Yellow_Left","Green_Down","Blue_Left",-150,100,50,50,"Down"
5,5,1,"Red_Left","Yellow_Left","Green_Right","Blue_Left",100,-1150,50,50,"Down"
5,5,2,"Red_Left","Yellow_Up","Green_Up","Blue_Down",100,100,0,50,"Up"
5,5,3,"Red_Right","Yellow_Down","Green_Left","Blue_Right",100,100,50,50,"Down"
5,5,4,"Red_Up","Yellow_Right","Green_Right","Blue_Left",100,100,50,50,"Right"
5,5,5,"Red_Right","Yellow_Right","Green_Up","Blue_Left",-150,100,50,50,"Left"
5,5,6,"Red_Down","Yellow_Right","Green_Down","Blue_Down",-150,100,50,50,"Up"
5,5,7,"Red_Up","Yellow_Left","Green_Down","Blue_Up",-150,100,50,-200,"Up"
5,5,8,"Red_Down","Yellow_Left","Green_Left","Blue_Up",100,100,0,50,"Up"
5,5,9,"Red_Right","Yellow_Right","Green_Left","Blue_Right",-150,100,0,50,"Right"
5,5,10,"Red_Up","Yellow_Down","Green_Right","Blue_Up",-150,100,50,50,"Up"
5,5,11,"Red_Left","Yellow_Left","Green_Right","Blue_Right",100,100,0,50,"Right"
5,5,12,"Red_Right","Yellow_Up","Green_Down","Blue_Up",100,100,0,50,"Up"
5,5,13,"Red_Down","Yellow_Right","Green_Right","Blue_Down",-150,100,50,50,"Up"
5,5,14,"Red_Down","Yellow_Up","Green_Up","Blue_Right",-150,-1150,50,50,"Down"
5,5,15,"Red_Up","Yellow_Left","Green_Down","Blue_Up",-150,100,0,50,"Down"
5,5,16,"Red_Left","Yellow_Right","Green_Down","Blue_Down",-150,100,50,50,"Down"
5,5,17,"Red_Right","Yellow_Down","Green_Right","Blue_Right",-150,100,0,50,"Right"
5,5,18,"Red_Left","Yellow_Up","Green_Up","Blue_Down",-150,100,0,50,"Left"
5,5,19,"Red_Left","Yellow_Up","Green_Up","Blue_Right",-150,100,0,50,"Down"
5,5,20,"Red_Left","Yellow_Right","Green_Left","Blue_Left",100,100,0,-200,"Right"
5,5,21,"Red_Right","Yellow_Left","Green_Down","Blue_Left",-150,100,0,50,"Down"
5,5,22,"Red_Up","Yellow_Right","Green_Right","Blue_Right",100,100,0,50,"Down"
5,5,23,"Red_Right","Yellow_Left","Green_Down","Blue_Down",-150,100,0,50,"Up"
5,5,24,"Red_Down","Yellow_Down","Green_Left","Blue_Left",100,-1150,50,50,"Down"
5,5,25,"Red_Up","Yellow_Right","Green_Right","Blue_Left",100,100,0,50,"Right"
5,5,26,"Red_Up","Yellow_Up","Green_Left","Blue_Down",-150,100,50,50,"Left"
5,5,27,"Red_Right","Yellow_Up","Green_Right","Blue_Up",100,100,0,50,"Right"
5,5,28,"Red_Down","Yellow_Up","Green_Left","Blue_Left",-150,100,0,50,"Up"
5,5,29,"Red_Down","Yellow_Down","Green_Up","Blue_Down",-150,100,50,50,"Left"
5,5,30,"Red_Right","Yellow_Left","Green_Down","Blue_Up",-150,100,50,50,"Left"
5,5,31,"Red_Right","Yellow_Right","Green_Right","Blue_Right",100,100,0,50,"Left"
5,5,32,"Red_Left","Yellow_Left","Green_Up","Blue_Left",100,-1150,0,50,"Up"
5,5,33,"Red_Right","Yellow_Left","Green_Down","Blue_Down",100,100,50,50,"Right"
5,5,34,"Red_Left","Yellow_Down","Green_Right","Blue_Down",-150,100,50,-200,"Left"
5,5,35,"Red_Left","Yellow_Right","Green_Down","Blue_Left",100,100,50,50,"Down"
5,5,36,"Red_Down","Yellow_Up","Green_Left","Blue_Right",-150,100,0,-200,"Right"
5,5,37,"Red_Up","Yellow_Left","Green_Down","Blue_Down",100,100,50,50,"Up"
5,5,38,"Red_Down","Yellow_Down","Green_Down","Blue_Up",100,100,0,50,"Left"
5,5,39,"Red_Left","Yellow_Down","Green_Up","Blue_Up",-150,100,50,50,"Down"
5,5,40,"Red_Left","Yellow_Right","Green_Left","Blue_Up",-150,100,50,50,"Down"
5,5,41,"Red_Right","Yellow_Down","Green_Down","Blue_Up",100,100,0,50,"Left"
5,5,42,"Red_Left","Yellow_Up","Green_Down","Blue_Left",-150,100,50,50,"Left"
5,5,43,"Red_Left","Yellow_Up","Green_Left","Blue_Left",-150,-1150,50,50,"Left"
5,5,44,"Red_Right","Yellow_Left","Green_Up","Blue_Down",100,100,0,-200,"Up"
5,5,45,"Red_Left","Yellow_Up","Green_Right","Blue_Right",100,100,0,50,"Up"
5,5,46,"Red_Left","Yellow_Right","Green_Up","Blue_Up",100,100,50,50,"Right"
5,5,47,"Red_Left","Yellow_Up","Green_Up","Blue_Left",-150,100,0,50,"Left"
5,5,48,"Red_Down","Yellow_Up","Green_Up","Blue_Down",100,100,50,50,"Left"
5,5,49,"Red_Right","Yellow_Down","Green_Up","Blue_Right",100,100,0,50,"Up"
5,5,50,"Red_Down","Yellow_Right","Green_Right","Blue_Down",100,100,50,50,"Left"
5,6,1,"Red_Down","Yellow_Left","Green_Up","Blue_Right",100,100,0,50,"Right"
5,6,2,"Red_Down","Yellow_Up","Green_Left","Blue_Up",100,-1150,50,-200,"Right"
5,6,3,"Red_Down","Yellow_Up","Green_Left","Blue_Left",100,100,50,50,"Down"
5,6,4,"Red_Right","Yellow_Left","Green_Left","Blue_Right",100,100,0,50,"Left"
5,6,5,"Red_Down","Yellow_Right","Green_Left","Blue_Right",-150,100,50,50,"Right"
5,6,6,"Red_Up","Yellow_Up","Green_Right","Blue_Down",100,100,0,50,"Left"
5,6,7,"Red_Right","Yellow_Up","Green_Up","Blue_Left",-150,100,0,50,"Up"
5,6,8,"Red_Down","Yellow_Left","Green_Right","Blue_Down",100,100,50,50,"Up"
5,6,9,"Red_Right","Yellow_Down","Green_Up","Blue_Down",-150,100,50,-200,"Up"
5,6,10,"Red_Right","Yellow_Down","Green_Right","Blue_Right",100,100,0,50,"Up"
5,6,11,"Red_Up","Yellow_Left","Green_Left","Blue_Up",100,100,0,50,"Down"
5,6,12,"Red_Left","Yellow_Left","Green_Left","Blue_Down",-150,100,0,50,"Down"
5,6,13,"Red_Left","Yellow_Up","Green_Down","Blue_Right",-150,100,50,-200,"Left"
5,6,14,"Red_Right","Yellow_Left","Green_Down","Blue_Right",100,100,0,50,"Left"
5,6,15,"Red_Right","Yellow_Up","Green_Right","Blue_Right",100,100,0,50,"Down"
5,6,16,"Red_Right","Yellow_Left","Green_Down","Blue_Left",-150,100,50,50,"Up"
5,6,17,"Red_Up","Yellow_Left","Green_Left","Blue_Left",-150,100,0,50,"Right"
5,6,18,"Red_Left","Yellow_Left","Green_Right","Blue_Down",100,-1150,0,50,"Right"
5,6,19,"Red_Down","Yellow_Up","Green_Right","Blue_Up",-150,100,50,50,"Right"
5,6,20,"Red_Up","Yellow_Up","Green_Down","Blue_Left",-150,100,50,50,"Up"
5,6,21,"Red_Left","Yellow_Left","Green_Up","Blue_Down",100,100,50,50,"Left"
5,6,22,"Red_Down","Yellow_Up","Green_Right","Blue_Left",100,100,50,50,"Down"
5,6,23,"Red_Down","Yellow_Right","Green_Up","Blue_Up",-150,100,0,50,"Up"
5,6,24,"Red_Left","Yellow_Up","Green_Down","Blue_Left",-150,100,50,50,"Right"
5,6,25,"Red_Down","Yellow_Right","Green_Down","Blue_Up",-150,100,0,-200,"Up"
5,6,26,"Red_Right","Yellow_Down","Green_Down","Blue_Down",100,100,50,50,"Down"
5,6,27,"Red_Right","Yellow_Down","Green_Right","Blue_Right",-150,100,50,50,"Left"
5,6,28,"Red_Up","Yellow_Left","Green_Up","Blue_Down",-150,100,0,50,"Up"
5,6,29,"Red_Right","Yellow_Left","Green_Right","Blue_Down",-150,100,50,50,"Right"
5,6,30,"Red_Down","Yellow_Right","Green_Right","Blue_Down",100,100,50,50,"Down"
5,6,31,"Red_Down","Yellow_Right","Green_Down","Blue_Left",100,100,0,50,"Right"
5,6,32,"Red_Left","Yellow_Left","Green_Down","Blue_Left",-150,100,50,50,"Right"
5,6,33,"Red_Down","Yellow_Up","Green_Right","Blue_Right",-150,-1150,50,50,"Right"
5,6,34,"Red_Right","Yellow_Up","Green_Up","Blue_Down",-150,100,50,50,"Up"
5,6,35,"Red_Right","Yellow_Up","Green_Right","Blue_Left",-150,100,0,50,"Down"
5,6,36,"Red_Left","Yellow_Right","Green_Left","Blue_Up",-150,-1150,50,50,"Left"
5,6,37,"Red_Up","Yellow_Up","Green_Right","Blue_Down",100,100,0,50,"Down"
5,6,38,"Red_Right","Yellow_Right","Green_Left","Blue_Down",100,100,50,50,"Up"
5,6,39,"Red_Left","Yellow_Down","Green_Right","Blue_Up",100,100,0,-200,"Right"
5,6,40,"Red_Down","Yellow_Down","Green_Down","Blue_Right",100,100,0,50,"Left"
5,6,41,"Red_Left","Yellow_Right","Green_Up","Blue_Up",-150,100,0,50,"Left"
5,6,42,"Red_Left","Yellow_Right","Green_Left","Blue_Up",-150,100,0,50,"Right"
5,6,43,"Red_Up","Yellow_Up","Green_Right","Blue_Left",100,-1150,50,50,"Right"
5,6,44,"Red_Up","Yellow_Down","Green_Right","Blue_Left",-150,100,0,50,"Up"
5,6,45,"Red_Up","Yellow_Down","Green_Left","Blue_Right",-150,100,50,50,"Down"
5,6,46,"Red_Up","Yellow_Left","Green_Up","Blue_Right",100,100,0,50,"Up"
5,6,47,"Red_Left","Yellow_Left","Green_Left","Blue_Down",100,100,0,50,"Up"
5,6,48,"Red_Up","Yellow_Left","Green_Right","Blue_Up",100,100,50,50,"Up"
5,6,49,"Red_Left","Yellow_Up","Green_Up","Blue_Right",-150,100,50,50,"Left"
5,6,50,"Red_Down","Yellow_Right","Green_Right","Blue_Up",100,100,0,50,"Right"
6,1,1,"Red_Left","Yellow_Left","Green_Left","Blue_Right",-150,100,0,50,"Left"
6,1,2,"Red_Up","Yellow_Down","Green_Down","Blue_Right",100,100,0,50,"Down"
6,1,3,"Red_Down","Yellow_Left","Green_Down","Blue_Right",100,100,0,50,"Down"
6,1,4,"Red_Left","Yellow_Right","Green_Up","Blue_Left",100,-1150,50,50,"Down"
6,1,5,"Red_Down","Yellow_Up","Green_Down","Blue_Left",-150,100,0,50,"Right"
6,1,6,"Red_Up","Yellow_Right","Green_Left","Blue_Up",-150,100,0,50,"Right"
6,1,7,"Red_Left","Yellow_Up","Green_Down","Blue_Right",100,-1150,50,50,"Right"
6,1,8,"Red_Right","Yellow_Right","Green_Left","Blue_Down",100,-1150,0,50,"Left"
6,1,9,"Red_Down","Yellow_Right","Green_Up","Blue_Down",100,100,50,50,"Down"
6,1,10,"Red_Down","Yellow_Down","Green_Right","Blue_Down",100,100,0,-200,"Right"
6,1,11,"Red_Left","Yellow_Right","Green_Right","Blue_Right",-150,100,0,50,"Right"
6,1,12,"Red_Down","Yellow_Down","Green_Down","Blue_Down",-150,100,0,50,"Up"
6,1,13,"Red_Left","Yellow_Left","Green_Down","Blue_Right",100,100,50,50,"Up"
6,1,14,"Red_Left","Yellow_Down","Green_Right","Blue_Left",100,100,0,50,"Right"
6,1,15,"Red_Right","Yellow_Left","Green_Up","Blue_Up",-150,100,0,50,"Up"
6,1,16,"Red_Right","Yellow_Right","Green_Down","Blue_Up",-150,100,50,50,"Up"
6,1,17,"Red_Right","Yellow_Left","Green_Up","Blue_Right",100,-1150,50,50,"Left"
6,1,18,"Red_Up","Yellow_Down","Green_Right","Blue_Down",100,100,50,50,"Down"
6,1,19,"Red_Right","Yellow_Down","Green_Down","Blue_Right",100,100,50,50,"Right"
6,1,20,"Red_Up","Yellow_Left","Green_Up","Blue_Right",100,100,50,50,"Down"
6,1,21,"Red_Down","Yellow_Down","Green_Left","Blue_Up",-150,100,50,50,"Up"
6,1,22,"Red_Up","Yellow_Left","Green_Down","Blue_Right",100,100,50,50,"Left"
6,1,23,"Red_Left","Yellow_Down","Green_Down","Blue_Right",-150,100,0,50,"Up"
6,1,24,"Red_Down","Yellow_Right","Green_Up","Blue_Right",100,100,0,-200,"Right"
6,1,25,"Red_Right","Yellow_Left","Green_Right","Blue_Right",-150,100,0,50,"Left"
6,1,26,"Red_Up","Yellow_Down","Green_Left","Blue_Down",-150,100,50,50,"Down"
6,1,27,"Red_Up","Yellow_Right","Green_Right","Blue_Left",-150,100,0,-200,"Down"
6,1,28,"Red_Right","Yellow_Up","Green_Up","Blue_Left",-150,100,0,50,"Down"
6,1,29,"Red_Up","Yellow_Down","Green_Left","Blue_Right",-150,100,50,-200,"Left"
6,1,30,"Red_Right","Yellow_Right","Green_Left","Blue_Left",-150,100,50,50,"Up"
6,1,31,"Red_Right","Yellow_Left","Green_Down","Blue_Down",100,100,0,50,"Up"
6,1,32,"Red_Up","Yellow_Left","Green_Up","Blue_Up",100,100,50,50,"Up"
6,1,33,"Red_Left","Yellow_Right","Green_Right","Blue_Left",-150,100,50,50,"Down"
6,1,34,"Red_Right","Yellow_Up","Green_Left","Blue_Up",100,100,0,50,"Right"
6,1,35,"Red_Up","Yellow_Left","Green_Right","Blue_Down",-150,100,50,50,"Right"
6,1,36,"Red_Up","Yellow_Right","Green_Down","Blue_Up",100,100,0,50,"Up"
6,1,37,"Red_Right","Yellow_Left","Green_Up","Blue_Right",100,100,50,50,"Right"
6,1,38,"Red_Down","Yellow_Up","Green_Right","Blue_Right",100,100,0,50,"Down"
6,1,39,"Red_Right","Yellow_Right","Green_Left","Blue_Down",-150,100,0,50,"Down"
6,1,40,"Red_Down","Yellow_Left","Green_Down","Blue_Right",100,-1150,50,50,"Down"
6,1,41,"Red_Right","Yellow_Right","Green_Down","Blue_Right",-150,100,0,50,"Right"
6,1,42,"Red_Down","Yellow_Up","Green_Right","Blue_Right",-150,100,0,50,"Left"
6,1,43,"Red_Down","Yellow_Right","Green_Right","Blue_Right",-150,100,0,50,"Up"
6,1,44,"Red_Up","Yellow_Down","Green_Up","Blue_Up",-150,100,50,50,"Down"
6,1,45,"Red_Left","Yellow_Up","Green_Right","Blue_Down",-150,100,50,50,"Right"
6,1,46,"Red_Left","Yellow_Left","Green_Up","Blue_Down",100,100,50,50,"Right"
6,1,47,"Red_Down","Yellow_Right","Green_Up","Blue_Up",100,100,50,50,"Right"
6,1,48,"Red_Right","Yellow_Right","Green_Up","Blue_Right",-150,100,50,-200,"Left"
6,1,49,"Red_Left","Yellow_Down","Green_Down","Blue_Down",-150,100,0,50,"Up"
6,1,50,"Red_Down","Yellow_Right","Green_Down","Blue_Right",100,100,50,50,"Left"
6,2,1,"Red_Right","Yellow_Left","Green_Down","Blue_Left",-150,-1150,50,50,"Up"
6,2,2,"Red_Up","Yellow_Up","Green_Down","Blue_Left",-150,100,50,50,"Left"
6,2,3,"Red_Down","Yellow_Left","Green_Down","Blue_Down",100,100,0,50,"Down"
6,2,4,"Red_Left","Yellow_Up","Green_Down","Blue_Left",100,100,50,50,"Right"
6,2,5,"Red_Down","Yellow_Right","Green_Down","Blue_Left",100,100,0,50,"Up"
6,2,6,"Red_Right","Yellow_Down","Green_Down","Blue_Left",100,100,0,50,"Down"
6,2,7,"Red_Down","Yellow_Right","Green_Down","Blue_Down",100,-1150,0,-200,"Down"
6,2,8,"Red_Down","Yellow_Up","Green_Up","Blue_Down",-150,100,0,50,"Up"
6,2,9,"Red_Down","Yellow_Up","Green_Up","Blue_Left",-150,100,0,50,"Down"
6,2,10,"Red_Left","Yellow_Down","Green_Up","Blue_Down",-150,100,0,50,"Right"
6,2,11,"Red_Right","Yellow_Up","Green_Left","Blue_Down",-150,100,50,50,"Up"
6,2,12,"Red_Right","Yellow_Right","Green_Up","Blue_Left",100,100,0,50,"Down"
6,2,13,"Red_Down","Yellow_Right","Green_Up","Blue_Down",-150,-1150,50,50,"Left"
6,2,14,"Red_Left","Yellow_Left","Green_Up","Blue_Up",100,100,0,50,"Down"
6,2,15,"Red_Left","Yellow_Down","Green_Left","Blue_Left",-150,100,50,50,"Left"
6,2,16,"Red_Down","Yellow_Down","Green_Up","Blue_Up",100,100,0,50,"Left"
6,2,17,"Red_Up","Yellow_Up","Green_Left","Blue_Left",100,100,0,50,"Down"
6,2,18,"Red_Down","Yellow_Left","Green_Left","Blue_Up",-150,100,0,50,"Down"
6,2,19,"Red_Up","Yellow_Right","Green_Right","Blue_Left",-150,100,0,50,"Down"
6,2,20,"Red_Left","Yellow_Right","Green_Down","Blue_Up",-150,100,50,50,"Up"
6,2,21,"Red_Up","Yellow_Up","Green_Down","Blue_Up",100,100,0,50,"Left"
6,2,22,"Red_Right","Yellow_Right","Green_Left","Blue_Up",-150,100,0,50,"Up"
6,2,23,"Red_Up","Yellow_Down","Green_Right","Blue_Up",-150,100,0,50,"Left"
6,2,24,"Red_Right","Yellow_Left","Green_Right","Blue_Up",100,100,50,50,"Down"
6,2,25,"Red_Right","Yellow_Left","Green_Right","Blue_Down",100,100,50,50,"Down"
6,2,26,"Red_Left","Yellow_Left","Green_Left","Blue_Left",100,100,50,50,"Right"
6,2,27,"Red_Right","Yellow_Left","Green_Left","Blue_Up",-150,100,0,50,"Down"
6,2,28,"Red_Left","Yellow_Left","Green_Right","Blue_Up",100,100,0,50,"Down"
6,2,29,"Red_Down","Yellow_Up","Green_Up","Blue_Right",-150,100,50,50,"Left"
6,2,30,"Red_Up","Yellow_Right","Green_Right","Blue_Right",-150,100,0,50,"Down"
6,2,31,"Red_Up","Yellow_Right","Green_Up","Blue_Down",-150,100,50,50,"Left"
6,2,32,"Red_Left","Yellow_Up","Green_Down","Blue_Left",-150,100,50,50,"Left"
6,2,33,"Red_Up","Yellow_Left","Green_Right","Blue_Left",-150,100,0,50,"Right"
6,2,34,"Red_Right","Yellow_Down","Green_Down","Blue_Left",100,100,50,-200,"Left"
6,2,35,"Red_Up","Yellow_Left","Green_Up","Blue_Left",100,100,50,50,"Up"
6,2,36,"Red_Down","Yellow_Down","Green_Right","Blue_Down",-150,100,0,50,"Up"
6,2,37,"Red_Right","Yellow_Right","Green_Up","Blue_Up",100,100,50,-200,"Down"
6,2,38,"Red_Left","Yellow_Up","Green_Right","Blue_Right",100,100,50,50,"Down"
6,2,39,"Red_Up","Yellow_Down","Green_Left","Blue_Left",-150,100,50,50,"Up"
6,2,40,"Red_Right","Yellow_Right","Green_Left","Blue_Left",-150,100,0,50,"Up"
6,2,41,"Red_Right","Yellow_Right","Green_Left","Blue_Left",100,100,50,-200,"Left"
6,2,42,"Red_Left","Yellow_Left","Green_Right","Blue_Up",100,100,0,50,"Left"
6,2,43,"Red_Left","Yellow_Up","Green_Up","Blue_Down",-150,-1150,50,50,"Up"
6,2,44,"Red_Down","Yellow_Up","Green_Up","Blue_Right",-150,100,50,50,"Down"
6,2,45,"Red_Right","Yellow_Down","Green_Left","Blue_Left",100,100,0,50,"Up"
6,2,46,"Red_Left","Yellow_Down","Green_Right","Blue_Left",100,100,50,50,"Up"
6,2,47,"Red_Left","Yellow_Down","Green_Down","Blue_Down",100,100,50,50,"Down"
6,2,48,"Red_Up","Yellow_Up","Green_Down","Blue_Right",100,-1150,0,50,"Right"
6,2,49,"Red_Down","Yellow_Right","Green_Up","Blue_Right",-150,100,50,-200,"Down"
6,2,50,"Red_Up","Yellow_Up","Green_Down","Blue_Left",100,100,50,50,"Right"
6,3,1,"Red_Right","Yellow_Left","Green_Left","Blue_Right",-150,100,0,50,"Down"
6,3,2,"Red_Left","Yellow_Up","Green_Right","Blue_Left",100,100,0,50,"Up"
6,3,3,"Red_Left","Yellow_Left","Green_Right","Blue_Up",100,100,50,50,"Down"
6,3,4,"Red_Down","Yellow_Up","Green_Right","Blue_Up",-150,100,50,50,"Down"
6,3,5,"Red_Right","Yellow_Up","Green_Left","Blue_Left",100,100,0,50,"Up"
6,3,6,"Red_Up","Yellow_Right","Green_Left","Blue_Left",100,100,0,50,"Right"
6,3,7,"Red_Left","Yellow_Right","Green_Down","Blue_Up",100,100,50,50,"Left"
6,3,8,"Red_Right","Yellow_Up","Green_Right","Blue_Left",-150,100,50,-200,"Down"
6,3,9,"Red_Left","Yellow_Down","Green_Down","Blue_Down",-150,100,0,50,"Up"
6,3,10,"Red_Down","Yellow_Right","Green_Right","Blue_Down",-150,100,0,50,"Down"
6,3,11,"Red_Down","Yellow_Down","Green_Right","Blue_Left",-150,100,50,50,"Left"
6,3,12,"Red_Left","Yellow_Right","Green_Left","Blue_Left",-150,100,50,-200,"Right"
6,3,13,"Red_Up","Yellow_Up","Green_Right","Blue_Up",100,100,50,50,"Up"
6,3,14,"Red_Down","Yellow_Up","Green_Left","Blue_Down",-150,100,0,50,"Down"
6,3,15,"Red_Right","Yellow_Left","Green_Left","Blue_Up",-150,100,50,50,"Right"
6,3,16,"Red_Left","Yellow_Down","Green_Left","Blue_Left",100,100,50,50,"Left"
6,3,17,"Red_Left","Yellow_Up","Green_Up","Blue_Right",-150,100,0,50,"Down"
6,3,18,"Red_Right","Yellow_Down","Green_Right","Blue_Up",-150,100,0,50,"Down"
6,3,19,"Red_Down","Yellow_Right","Green_Up","Blue_Right",100,-1150,0,50,"Left"
6,3,20,"Red_Up","Yellow_Up","Green_Down","Blue_Up",-150,100,50,50,"Up"
6,3,21,"Red_Down","Yellow_Up","Green_Left","Blue_Up",100,100,0,50,"Down"
6,3,22,"Red_Right","Yellow_Up","Green_Down","Blue_Up",100,100,0,50,"Up"
6,3,23,"Red_Up","Yellow_Down","Green_Down","Blue_Left",-150,-1150,0,50,"Left"
6,3,24,"Red_Right","Yellow_Right","Green_Left","Blue_Right",-150,100,50,50,"Right"
6,3,25,"Red_Right","Yellow_Left","Green_Left","Blue_Right",100,100,50,50,"Right"
6,3,26,"Red_Down","Yellow_Up","Green_Down","Blue_Down",100,100,0,50,"Up"
6,3,27,"Red_Down","Yellow_Right","Green_Up","Blue_Left",100,-1150,50,50,"Right"
6,3,28,"Red_Down","Yellow_Up","Green_Left","Blue_Down",-150,100,50,-200,"Right"
6,3,29,"Red_Left","Yellow_Left","Green_Right","Blue_Down",-150,100,0,50,"Right"
6,3,30,"Red_Right","Yellow_Up","Green_Up","Blue_Down",-150,100,0,50,"Left"
6,3,31,"Red_Right","Yellow_Down","Green_Left","Blue_Down",100,100,0,50,"Up"
6,3,32,"Red_Right","Yellow_Down","Green_Down","Blue_Right",-150,100,50,50,"Up"
6,3,33,"Red_Down","Yellow_Right","Green_Up","Blue_Left",-150,100,50,50,"Right"
6,3,34,"Red_Up","Yellow_Right","Green_Left","Blue_Down",100,-1150,50,-200,"Down"
6,3,35,"Red_Left","Yellow_Down","Green_Left","Blue_Left",100,100,0,50,"Left"
6,3,36,"Red_Right","Yellow_Left","Green_Down","Blue_Right",100,100,50,50,"Right"
6,3,37,"Red_Up","Yellow_Down","Green_Down","Blue_Down",100,100,0,50,"Right"
6,3,38,"Red_Right","Yellow_Right","Green_Left","Blue_Left",100,100,50,50,"Right"
6,3,39,"Red_Up","Yellow_Up","Green_Left","Blue_Left",-150,100,50,50,"Left"
6,3,40,"Red_Down","Yellow_Right","Green_Down","Blue_Down",100,100,50,50,"Left"
6,3,41,"Red_Right","Yellow_Up","Green_Up","Blue_Up",100,100,50,50,"Left"
6,3,42,"Red_Left","Yellow_Down","Green_Up","Blue_Right",-150,100,0,50,"Left"
6,3,43,"Red_Up","Yellow_Up","Green_Up","Blue_Up",100,100,0,-200,"Right"
6,3,44,"Red_Up","Yellow_Up","Green_Left","Blue_Up",-150,100,0,50,"Down"
6,3,45,"Red_Down","Yellow_Left","Green_Left","Blue_Right",100,100,50,50,"Left"
6,3,46,"Red_Left","Yellow_Down","Green_Left","Blue_Up",100,100,50,50,"Left"
6,3,47,"Red_Up","Yellow_Left","Green_Left","Blue_Down",100,100,0,50,"Down"
6,3,48,"Red_Down","Yellow_Left","Green_Left","Blue_Up",-150,-1150,0,50,"Left"
6,3,49,"Red_Up","Yellow_Right","Green_Up","Blue_Left",-150,100,0,50,"Right"
6,3,50,"Red_Up","Yellow_Up","Green_Up","Blue_Right",-150,100,50,50,"Down"
6,4,1,"Red_Right","Yellow_Down","Green_Up","Blue_Right",-150,100,50,50,"Left"
6,4,2,"Red_Down","Yellow_Right","Green_Down","Blue_Up",-150,100,0,50,"Right"
6,4,3,"Red_Down","Yellow_Down","Green_Up","Blue_Left",100,-1150,50,50,"Left"
6,4,4,"Red_Right","Yellow_Right","Green_Right","Blue_Right",100,100,0,50,"Down"
6,4,5,"Red_Down","Yellow_Up","Green_Right","Blue_Left",100,100,50,50,"Right"
6,4,6,"Red_Down","Yellow_Left","Green_Left","Blue_Down",-150,100,50,50,"Down"
6,4,7,"Red_Right","Yellow_Up","Green_Left","Blue_Down",-150,100,50,-200,"Left"
6,4,8,"Red_Left","Yellow_Right","Green_Right","Blue_Left",100,100,0,50,"Right"
6,4,9,"Red_Left","Yellow_Left","Green_Left","Blue_Up",100,100,50,50,"Up"
6,4,10,"Red_Left","Yellow_Right","Green_Up","Blue_Left",100,100,0,50,"Right"
6,4,11,"Red_Up","Yellow_Right","Green_Up","Blue_Right",100,100,50,50,"Up"
6,4,12,"Red_Up","Yellow_Right","Green_Left","Blue_Left",100,100,0,50,"Up"
6,4,13,"Red_Up","Yellow_Up","Green_Up","Blue_Down",-150,100,50,50,"Right"
6,4,14,"Red_Left","Yellow_Right","Green_Right","Blue_Up",100,100,0,50,"Left"
6,4,15,"Red_Down","Yellow_Left","Green_Up","Blue_Right",100,100,0,50,"Left"
6,4,16,"Red_Down","Yellow_Up","Green_Right","Blue_Left",100,100,50,50,"Left"
6,4,17,"Red_Right","Yellow_Left","Green_Left","Blue_Up",100,100,50,50,"Right"
6,4,18,"Red_Up","Yellow_Down","Green_Up","Blue_Right",-150,100,50,50,"Up"
6,4,19,"Red_Left","Yellow_Down","Green_Right","Blue_Down",-150,100,0,50,"Up"
6,4,20,"Red_Right","Yellow_Up","Green_Up","Blue_Left",-150,100,50,50,"Left"
6,4,21,"Red_Up","Yellow_Left","Green_Right","Blue_Left",-150,-1150,0,50,"Right"
6,4,22,"Red_Left","Yellow_Left","Green_Right","Blue_Down",100,100,0,50,"Left"
6,4,23,"Red_Down","Yellow_Left","Green_Up","Blue_Right",-150,100,50,50,"Right"
6,4,24,"Red_Left","Yellow_Down","Green_Left","Blue_Down",-150,100,0,-200,"Left"
6,4,25,"Red_Left","Yellow_Left","Green_Left","Blue_Up",-150,100,50,-200,"Up"
6,4,26,"Red_Down","Yellow_Left","Green_Right","Blue_Up",-150,-1150,0,-200,"Up"
6,4,27,"Red_Down","Yellow_Up","Green_Down","Blue_Down",100,100,0,50,"Up"
6,4,28,"Red_Down","Yellow_Up","Green_Left","Blue_Left",-150,-1150,0,50,"Up"
6,4,29,"Red_Left","Yellow_Right","Green_Down","Blue_Right",100,100,50,50,"Up"
6,4,30,"Red_Left","Yellow_Up","Green_Down","Blue_Left",100,100,50,50,"Left"
6,4,31,"Red_Up","Yellow_Left","Green_Left","Blue_Down",100,100,50,50,"Right"
6,4,32,"Red_Up","Yellow_Up","Green_Right","Blue_Right",-150,100,0,50,"Down"
6,4,33,"Red_Right","Yellow_Up","Green_Up","Blue_Left",-150,100,50,50,"Left"
6,4,34,"Red_Up","Yellow_Down","Green_Right","Blue_Right",100,100,0,50,"Right"
6,4,35,"Red_Left","Yellow_Up","Green_Left","Blue_Up",100,100,50,50,"Left"
6,4,36,"Red_Down","Yellow_Right","Green_Right","Blue_Left",100,100,0,50,"Left"
6,4,37,"Red_Left","Yellow_Up","Green_Down","Blue_Right",-150,-1150,0,50,"Left"
6,4,38,"Red_Right","Yellow_Right","Green_Down","Blue_Down",100,100,0,50,"Up"
6,4,39,"Red_Left","Yellow_Right","Green_Left","Blue_Up",-150,100,0,50,"Down"
6,4,40,"Red_Down","Yellow_Left","Green_Up","Blue_Right",-150,100,50,50,"Down"
6,4,41,"Red_Up","Yellow_Right","Green_Down","Blue_Left",-150,100,0,50,"Right"
6,4,42,"Red_Right","Yellow_Left","Green_Right","Blue_Up",100,100,50,50,"Left"
6,4,43,"Red_Left","Yellow_Left","Green_Up","Blue_Left",-150,100,0,-200,"Left"
6,4,44,"Red_Left","Yellow_Up","Green_Down","Blue_Right",-150,100,0,50,"Down"
6,4,45,"Red_Right","Yellow_Down","Green_Down","Blue_Up",-150,100,0,50,"Up"
6,4,46,"Red_Up","Yellow_Up","Green_Right","Blue_Up",100,100,50,50,"Up"
6,4,47,"Red_Left","Yellow_Down","Green_Up","Blue_Up",-150,100,50,50,"Up"
6,4,48,"Red_Right","Yellow_Up","Green_Down","Blue_Down",100,100,50,50,"Left"
6,4,49,"Red_Up","Yellow_Left","Green_Right","Blue_Left",-150,100,50,50,"Right"
6,4,50,"Red_Down","Yellow_Up","Green_Right","Blue_Right",100,100,0,50,"Up"
6,5,1,"Red_Left","Yellow_Up","Green_Left","Blue_Up",100,100,0,50,"Down"
6,5,2,"Red_Left","Yellow_Left","Green_Right","Blue_Left",-150,100,0,50,"Right"
6,5,3,"Red_Down","Yellow_Right","Green_Down","Blue_Down",100,100,50,50,"Down"
6,5,4,"Red_Up","Yellow_Left","Green_Left","Blue_Right",-150,100,50,-200,"Right"
6,5,5,"Red_Left","Yellow_Right","Green_Up","Blue_Left",-150,100,0,50,"Down"
6,5,6,"Red_Up","Yellow_Right","Green_Down","Blue_Left",-150,100,50,50,"Up"
6,5,7,"Red_Left","Yellow_Down","Green_Left","Blue_Right",100,100,50,-200,"Down"
6,5,8,"Red_Down","Yellow_Up","Green_Left","Blue_Left",100,100,0,50,"Left"
6,5,9,"Red_Up","Yellow_Down","Green_Up","Blue_Left",100,100,50,50,"Left"
6,5,10,"Red_Right","Yellow_Up","Green_Down","Blue_Up",100,100,50,50,"Right"
6,5,11,"Red_Down","Yellow_Up","Green_Left","Blue_Right",-150,100,50,50,"Up"
6,5,12,"Red_Up","Yellow_Left","Green_Up","Blue_Down",100,100,0,50,"Right"
6,5,13,"Red_Up","Yellow_Left","Green_Left","Blue_Left",100,-1150,0,50,"Left"
6,5,14,"Red_Down","Yellow_Up","Green_Down","Blue_Down",-150,-1150,0,50,"Left"
6,5,15,"Red_Up","Yellow_Down","Green_Left","Blue_Left",-150,-1150,50,50,"Left"
6,5,16,"Red_Up","Yellow_Left","Green_Up","Blue_Up",-150,100,50,50,"Up"
6,5,17,"Red_Down","Yellow_Up","Green_Down","Blue_Down",100,100,50,50,"Down"
6,5,18,"Red_Left","Yellow_Left","Green_Right","Blue_Down",-150,100,0,50,"Down"
6,5,19,"Red_Right","Yellow_Right","Green_Right","Blue_Right",-150,100,0,50,"Down"
6,5,20,"Red_Left","Yellow_Right","Green_Up","Blue_Down",100,100,50,-200,"Right"
6,5,21,"Red_Down","Yellow_Left","Green_Up","Blue_Up",100,100,50,50,"Right"
6,5,22,"Red_Up","Yellow_Up","Green_Right","Blue_Down",-150,100,0,50,"Down"
6,5,23,"Red_Left","Yellow_Left","Green_Down","Blue_Up",100,100,0,50,"Up"
6,5,24,"Red_Right","Yellow_Left","Green_Down","Blue_Right",-150,100,50,50,"Down"
6,5,25,"Red_Left","Yellow_Down","Green_Up","Blue_Right",-150,100,0,50,"Up"
6,5,26,"Red_Left","Yellow_Up","Green_Down","Blue_Right",-150,100,0,50,"Down"
6,5,27,"Red_Left","Yellow_Left","Green_Down","Blue_Left",100,100,50,50,"Right"
6,5,28,"Red_Up","Yellow_Left","Green_Right","Blue_Down",-150,100,0,-200,"Up"
6,5,29,"Red_Up","Yellow_Down","Green_Up","Blue_Down",100,100,50,50,"Down"
6,5,30,"Red_Up","Yellow_Right","Green_Down","Blue_Left",100,100,0,50,"Up"
6,5,31,"Red_Right","Yellow_Right","Green_Down","Blue_Up",-150,100,0,50,"Left"
6,5,32,"Red_Down","Yellow_Right","Green_Down","Blue_Left",100,100,0,50,"Down"
6,5,33,"Red_Down","Yellow_Down","Green_Left","Blue_Right",100,100,0,50,"Right"
6,5,34,"Red_Down","Yellow_Up","Green_Up","Blue_Up",100,100,0,50,"Up"
6,5,35,"Red_Up","Yellow_Up","Green_Down","Blue_Down",-150,100,50,50,"Up"
6,5,36,"Red_Left","Yellow_Right","Green_Down","Blue_Down",-150,100,0,50,"Right"
6,5,37,"Red_Up","Yellow_Right","Green_Down","Blue_Left",-150,-1150,50,50,"Up"
6,5,38,"Red_Left","Yellow_Up","Green_Left","Blue_Right",-150,100,0,50,"Down"
6,5,39,"Red_Up","Yellow_Right","Green_Up","Blue_Left",-150,100,50,50,"Right"
6,5,40,"Red_Left","Yellow_Right","Green_Left","Blue_Right",100,100,50,50,"Up"
6,5,41,"Red_Right","Yellow_Up","Green_Up","Blue_Down",-150,100,0,50,"Right"
6,5,42,"Red_Down","Yellow_Right","Green_Down","Blue_Left",-150,100,0,50,"Up"
6,5,43,"Red_Left","Yellow_Down","Green_Right","Blue_Up",-150,100,0,50,"Left"
6,5,44,"Red_Left","Yellow_Down","Green_Down","Blue_Left",100,100,50,50,"Right"
6,5,45,"Red_Up","Yellow_Right","Green_Right","Blue_Right",100,100,50,50,"Down"
6,5,46,"Red_Left","Yellow_Right","Green_Down","Blue_Right",100,100,50,-200,"Right"
6,5,47,"Red_Left","Yellow_Left","Green_Down","Blue_Right",100,100,0,50,"Left"
6,5,48,"Red_Down","Yellow_Right","Green_Left","Blue_Up",100,100,50,50,"Right"
6,5,49,"Red_Right","Yellow_Up","Green_Right","Blue_Left",-150,-1150,50,50,"Left"
6,5,50,"Red_Up","Yellow_Left","Green_Down","Blue_Right",100,100,50,50,"Left"
6,6,1,"Red_Down","Yellow_Down","Green_Right","Blue_Down",100,100,50,50,"Down"
6,6,2,"Red_Up","Yellow_Right","Green_Down","Blue_Right",-150,100,50,50,"Up"
6,6,3,"Red_Left","Yellow_Down","Green_Right","Blue_Right",-150,100,50,50,"Left"
6,6,4,"Red_Up","Yellow_Up","Green_Left","Blue_Right",-150,100,50,50,"Down"
6,6,5,"Red_Right","Yellow_Down","Green_Left","Blue_Right",100,100,0,-200,"Up"
6,6,6,"Red_Left","Yellow_Down","Green_Left","Blue_Up",100,-1150,0,50,"Left"
6,6,7,"Red_Down","Yellow_Down","Green_Up","Blue_Down",-150,100,0,50,"Down"
6,6,8,"Red_Left","Yellow_Up","Green_Down","Blue_Up",100,100,0,50,"Left"
6,6,9,"Red_Left","Yellow_Down","Green_Up","Blue_Left",-150,100,0,50,"Left"
6,6,10,"Red_Left","Yellow_Right","Green_Left","Blue_Down",100,100,50,50,"Right"
6,6,11,"Red_Right","Yellow_Left","Green_Up","Blue_Right",-150,100,50,50,"Left"
6,6,12,"Red_Right","Yellow_Up","Green_Left","Blue_Up",100,100,0,-200,"Left"
6,6,13,"Red_Up","Yellow_Right","Green_Up","Blue_Down",100,-1150,0,50,"Right"
6,6,14,"Red_Down","Yellow_Up","Green_Up","Blue_Right",-150,-1150,50,50,"Right"
6,6,15,"Red_Left","Yellow_Left","Green_Right","Blue_Up",-150,100,0,50,"Down"
6,6,16,"Red_Right","Yellow_Up","Green_Down","Blue_Down",100,100,0,50,"Right"
6,6,17,"Red_Right","Yellow_Up","Green_Up","Blue_Right",-150,100,0,-200,"Left"
6,6,18,"Red_Down","Yellow_Up","Green_Right","Blue_Up",-150,100,50,50,"Right"
6,6,19,"Red_Up","Yellow_Right","Green_Left","Blue_Left",100,100,0,-200,"Left"
6,6,20,"Red_Down","Yellow_Left","Green_Left","Blue_Right",100,100,50,50,"Left"
6,6,21,"Red_Right","Yellow_Down","Green_Up","Blue_Right",100,100,50,50,"Down"
6,6,22,"Red_Right","Yellow_Left","Green_Up","Blue_Right",100,100,0,50,"Up"
6,6,23,"Red_Left","Yellow_Right","Green_Left","Blue_Left",-150,100,0,50,"Up"
6,6,24,"Red_Right","Yellow_Up","Green_Down","Blue_Right",-150,100,50,50,"Right"
6,6,25,"Red_Down","Yellow_Left","Green_Down","Blue_Up",100,100,0,50,"Right"
6,6,26,"Red_Up","Yellow_Up","Green_Up","Blue_Up",-150,100,50,50,"Down"
6,6,27,"Red_Left","Yellow_Left","Green_Left","Blue_Left",-150,100,0,50,"Down"
6,6,28,"Red_Down","Yellow_Up","Green_Down","Blue_Right",100,-1150,50,50,"Left"
6,6,29,"Red_Left","Yellow_Down","Green_Up","Blue_Left",-150,100,0,50,"Up"
6,6,30,"Red_Up","Yellow_Left","Green_Down","Blue_Up",-150,100,50,50,"Up"
6,6,31,"Red_Left","Yellow_Down","Green_Down","Blue_Right",100,-1150,0,50,"Up"
6,6,32,"Red_Up","Yellow_Right","Green_Left","Blue_Left",100,100,0,50,"Right"
6,6,33,"Red_Up","Yellow_Left","Green_Left","Blue_Down",-150,100,0,50,"Up"
6,6,34,"Red_Left","Yellow_Down","Green_Up","Blue_Down",-150,100,0,50,"Up"
6,6,35,"Red_Left","Yellow_Up","Green_Left","Blue_Right",100,100,50,50,"Left"
6,6,36,"Red_Down","Yellow_Left","Green_Down","Blue_Up",-150,100,0,50,"Right"
6,6,37,"Red_Left","Yellow_Up","Green_Right","Blue_Down",-150,100,50,-200,"Down"
6,6,38,"Red_Left","Yellow_Right","Green_Left","Blue_Left",100,100,0,50,"Left"
6,6,39,"Red_Right","Yellow_Left","Green_Down","Blue_Down",-150,100,50,50,"Down"
6,6,40,"Red_Down","Yellow_Up","Green_Left","Blue_Down",100,100,50,50,"Up"
6,6,41,"Red_Right","Yellow_Down","Green_Left","Blue_Down",-150,100,50,50,"Up"
6,6,42,"Red_Right","Yellow_Right","Green_Left","Blue_Up",-150,100,50,50,"Right"
6,6,43,"Red_Down","Yellow_Up","Green_Right","Blue_Up",100,100,50,50,"Down"
6,6,44,"Red_Left","Yellow_Up","Green_Up","Blue_Left",100,100,50,50,"Up"
6,6,45,"Red_Right","Yellow_Up","Green_Left","Blue_Up",100,100,0,50,"Up"
6,6,46,"Red_Right","Yellow_Up","Green_Up","Blue_Up",100,100,50,50,"Left"
6,6,47,"Red_Down","Yellow_Down","Green_Right","Blue_Up",100,100,0,50,"Down"
6,6,48,"Red_Right","Yellow_Right","Green_Up","Blue_Up",-150,100,0,50,"Right"
6,6,49,"Red_Up","Yellow_Down","Green_Left","Blue_Left",-150,100,50,50,"Up"
6,6,50,"Red_Down","Yellow_Right","Green_Left","Blue_Down",100,100,50,50,"Down"
7,1,1,"Red_Down","Yellow_Right","Green_Down","Blue_Up",100,100,0,-200,"Right"
7,1,2,"Red_Down","Yellow_Down","Green_Left","Blue_Up",-150,100,50,50,"Down"
7,1,3,"Red_Down","Yellow_Left","Green_Down","Blue_Left",-150,100,50,50,"Down"
7,1,4,"Red_Down","Yellow_Down","Green_Left","Blue_Right",100,100,50,50,"Up"
7,1,5,"Red_Right","Yellow_Down","Green_Right","Blue_Down",100,100,0,50,"Down"
7,1,6,"Red_Up","Yellow_Right","Green_Down","Blue_Left",-150,100,50,50,"Up"
7,1,7,"Red_Right","Yellow_Up","Green_Right","Blue_Up",100,-1150,50,-200,"Right"
7,1,8,"Red_Up","Yellow_Down","Green_Right","Blue_Left",-150,100,50,50,"Left"
7,1,9,"Red_Down","Yellow_Up","Green_Down","Blue_Right",100,100,0,50,"Right"
7,1,10,"Red_Down","Yellow_Down","Green_Down","Blue_Up",100,100,50,50,"Left"
7,1,11,"Red_Right","Yellow_Down","Green_Right","Blue_Up",-150,100,0,50,"Up"
7,1,12,"Red_Up","Yellow_Right","Green_Up","Blue_Down",-150,100,0,50,"Down"
7,1,13,"Red_Left","Yellow_Up","Green_Down","Blue_Up",-150,100,0,50,"Left"
7,1,14,"Red_Right","Yellow_Down","Green_Left","Blue_Down",-150,100,0,50,"Down"
7,1,15,"Red_Down","Yellow_Left","Green_Right","Blue_Right",-150,100,50,-200,"Left"
7,1,16,"Red_Up","Yellow_Down","Green_Down","Blue_Up",-150,100,0,50,"Right"
7,1,17,"Red_Right","Yellow_Down","Green_Right","Blue_Right",-150,100,50,50,"Up"
7,1,18,"Red_Up","Yellow_Left","Green_Right","Blue_Down",100,100,0,50,"Right"
7,1,19,"Red_Down","Yellow_Down","Green_Right","Blue_Up",-150,100,0,50,"Right"
7,1,20,"Red_Left","Yellow_Right","Green_Left","Blue_Down",-150,100,50,50,"Left"
7,1,21,"Red_Down","Yellow_Up","Green_Right","Blue_Left",100,-1150,50,50,"Right"
7,1,22,"Red_Up","Yellow_Down","Green_Up","Blue_Up",100,100,50,50,"Down"
7,1,23,"Red_Right","Yellow_Down","Green_Left","Blue_Up",100,100,50,50,"Left"
7,1,24,"Red_Down","Yellow_Left","Green_Down","Blue_Left",100,-1150,0,50,"Left"
7,1,25,"Red_Up","Yellow_Right","Green_Left","Blue_Up",-150,100,50,50,"Left"
7,1,26,"Red_Right","Yellow_Right","Green_Up","Blue_Down",100,100,0,50,"Up"
7,1,27,"Red_Right","Yellow_Down","Green_Down","Blue_Right",100,-1150,50,50,"Up"
7,1,28,"Red_Up","Yellow_Left","Green_Down","Blue_Right",100,100,50,50,"Down"
7,1,29,"Red_Up","Yellow_Right","Green_Right","Blue_Up",-150,100,50,50,"Right"
7,1,30,"Red_Down","Yellow_Left","Green_Left","Blue_Down",100,100,50,50,"Left"
7,1,31,"Red_Right","Yellow_Up","Green_Right","Blue_Left",-150,-1150,0,-200,"Up"
7,1,32,"Red_Up","Yellow_Down","Green_Down","Blue_Right",-150,100,0,50,"Up"
7,1,33,"Red_Right","Yellow_Right","Green_Down","Blue_Right",-150,100,50,50,"Down"
7,1,34,"Red_Down","Yellow_Down","Green_Left","Blue_Left",100,100,0,50,"Up"
7,1,35,"Red_Right","Yellow_Up","Green_Down","Blue_Up",-150,100,50,50,"Up"
7,1,36,"Red_Right","Yellow_Left","Green_Left","Blue_Left",100,100,50,50,"Right"
7,1,37,"Red_Left","Yellow_Down","Green_Left","Blue_Up",-150,100,0,50,"Down"
7,1,38,"Red_Down","Yellow_Right","Green_Right","Blue_Down",100,100,0,50,"Right"
7,1,39,"Red_Left","Yellow_Right","Green_Right","Blue_Right",100,100,0,50,"Up"
7,1,40,"Red_Left","Yellow_Left","Green_Right","Blue_Down",-150,100,50,50,"Left"
7,1,41,"Red_Right","Yellow_Down","Green_Right","Blue_Left",-150,100,0,-200,"Up"
7,1,42,"Red_Right","Yellow_Up","Green_Right","Blue_Right",-150,100,50,50,"Down"
7,1,43,"Red_Left","Yellow_Up","Green_Down","Blue_Right",100,100,50,50,"Left"
7,1,44,"Red_Left","Yellow_Down","Green_Left","Blue_Up",100,100,50,50,"Down"
7,1,45,"Red_Left","Yellow_Up","Green_Up","Blue_Left",-150,100,0,50,"Up"
7,1,46,"Red_Up","Yellow_Left","Green_Down","Blue_Down",100,100,0,50,"Left"
7,1,47,"Red_Up","Yellow_Left","Green_Down","Blue_Up",100,100,0,50,"Right"
7,1,48,"Red_Down","Yellow_Down","Green_Down","Blue_Down",100,100,0,50,"Down"
7,1,49,"Red_Down","Yellow_Up","Green_Right","Blue_Left",100,100,0,50,"Down"
7,1,50,"Red_Left","Yellow_Down","Green_Left","Blue_Up",-150,100,0,50,"Up"
7,2,1,"Red_Left","Yellow_Down","Green_Right","Blue_Left",100,100,50,50,"Down"
7,2,2,"Red_Down","Yellow_Up","Green_Right","Blue_Left",100,100,0,50,"Right"
7,2,3,"Red_Left","Yellow_Right","Green_Right","Blue_Down",-150,100,0,50,"Right"
7,2,4,"Red_Up","Yellow_Left","Green_Down","Blue_Right",-150,100,50,50,"Right"
7,2,5,"Red_Right","Yellow_Right","Green_Down","Blue_Down",100,100,0,-200,"Left"
7,2,6,"Red_Down","Yellow_Left","Green_Down","Blue_Up",100,-1150,50,50,"Right"
7,2,7,"Red_Left","Yellow_Up","Green_Down","Blue_Right",-150,100,0,50,"Right"
7,2,8,"Red_Down","Yellow_Right","Green_Right","Blue_Up",100,100,50,50,"Up"
7,2,9,"Red_Right","Yellow_Down","Green_Left","Blue_Left",100,-1150,0,50,"Right"
7,2,10,"Red_Up","Yellow_Down","Green_Up","Blue_Down",100,100,0,50,"Down"
7,2,11,"Red_Down","Yellow_Up","Green_Up","Blue_Up",100,-1150,50,50,"Down"
7,2,12,"Red_Left","Yellow_Right","Green_Right","Blue_Right",-150,100,50,50,"Right"
7,2,13,"Red_Left","Yellow_Left","Green_Left","Blue_Down",100,100,0,50,"Left"
7,2,14,"Red_Left","Yellow_Right","Green_Down","Blue_Left",100,100,0,-200,"Up"
7,2,15,"Red_Right","Yellow_Right","Green_Down","Blue_Up",-150,100,0,50,"Left"
7,2,16,"Red_Right","Yellow_Left","Green_Right","Blue_Left",-150,100,50,50,"Right"
7,2,17,"Red_Up","Yellow_Down","Green_Right","Blue_Up",-150,100,50,50,"Up"
7,2,18,"Red_Left","Yellow_Right","Green_Down","Blue_Up",-150,100,50,50,"Up"
7,2,19,"Red_Right","Yellow_Left","Green_Right","Blue_Right",100,100,0,50,"Right"
7,2,20,"Red_Down","Yellow_Right","Green_Up","Blue_Left",-150,100,0,50,"Down"
7,2,21,"Red_Left","Yellow_Left","Green_Left","Blue_Down",-150,100,0,50,"Left"
7,2,22,"Red_Up","Yellow_Left","Green_Left","Blue_Up",100,100,50,50,"Left"
7,2,23,"Red_Up","Yellow_Left","Green_Left","Blue_Up",100,100,0,50,"Up"
7,2,24,"Red_Down","Yellow_Right","Green_Left","Blue_Down",100,100,50,50,"Down"
7,2,25,"Red_Left","Yellow_Left","Green_Down","Blue_Left",-150,100,50,50,"Right"
7,2,26,"Red_Right","Yellow_Left","Green_Right","Blue_Right",100,100,50,-200,"Down"
7,2,27,"Red_Up","Yellow_Up","Green_Down","Blue_Left",-150,-1150,50,50,"Left"
7,2,28,"Red_Down","Yellow_Right","Green_Up","Blue_Down",100,100,0,50,"Right"
7,2,29,"Red_Up","Yellow_Down","Green_Up","Blue_Up",-150,100,50,-200,"Right"
7,2,30,"Red_Left","Yellow_Left","Green_Up","Blue_Down",100,100,50,50,"Right"
7,2,31,"Red_Left","Yellow_Down","Green_Up","Blue_Right",-150,100,0,50,"Down"
7,2,32,"Red_Left","Yellow_Up","Green_Up","Blue_Right",-150,-1150,0,50,"Right"
7,2,33,"Red_Up","Yellow_Down","Green_Down","Blue_Down",100,100,50,50,"Right"
7,2,34,"Red_Up","Yellow_Left","Green_Up","Blue_Left",100,100,0,50,"Down"
7,2,35,"Red_Up","Yellow_Up","Green_Right","Blue_Up",-150,100,0,50,"Up"
7,2,36,"Red_Right","Yellow_Right","Green_Right","Blue_Left",-150,100,50,50,"Up"
7,2,37,"Red_Up","Yellow_Left","Green_Left","Blue_Down",100,100,0,50,"Up"
7,2,38,"Red_Up","Yellow_Up","Green_Down","Blue_Up",-150,100,50,50,"Up"
7,2,39,"Red_Left","Yellow_Left","Green_Left","Blue_Right",100,100,50,50,"Up"
7,2,40,"Red_Right","Yellow_Down","Green_Down","Blue_Right",100,100,0,50,"Right"
7,2,41,"Red_Down","Yellow_Down","Green_Right","Blue_Right",-150,100,50,50,"Up"
7,2,42,"Red_Right","Yellow_Right","Green_Left","Blue_Left",-150,100,50,50,"Left"
7,2,43,"Red_Right","Yellow_Down","Green_Left","Blue_Up",-150,100,50,50,"Up"
7,2,44,"Red_Down","Yellow_Left","Green_Up","Blue_Right",-150,100,0,50,"Left"
7,2,45,"Red_Down","Yellow_Left","Green_Right","Blue_Down",-150,100,50,50,"Up"
7,2,46,"Red_Up","Yellow_Left","Green_Up","Blue_Left",-150,100,0,50,"Up"
7,2,47,"Red_Right","Yellow_Down","Green_Down","Blue_Left",100,100,0,50,"Up"
7,2,48,"Red_Up","Yellow_Left","Green_Left","Blue_Left",-150,100,50,50,"Left"
7,2,49,"Red_Down","Yellow_Up","Green_Down","Blue_Up",100,100,0,-200,"Down"
7,2,50,"Red_Right","Yellow_Right","Green_Up","Blue_Up",100,100,0,50,"Up"
7,3,1,"Red_Down","Yellow_Right","Green_Down","Blue_Up",100,100,50,50,"Left"
7,3,2,"Red_Left","Yellow_Left","Green_Right","Blue_Down",-150,100,50,50,"Left"
7,3,3,"Red_Up","Yellow_Up","Green_Left","Blue_Up",-150,100,0,50,"Up"
7,3,4,"Red_Left","Yellow_Right","Green_Left","Blue_Right",100,100,50,50,"Up"
7,3,5,"Red_Up","Yellow_Up","Green_Up","Blue_Down",100,100,50,50,"Left"
7,3,6,"Red_Left","Yellow_Left","Green_Up","Blue_Up",-150,100,0,50,"Left"
7,3,7,"Red_Down","Yellow_Up","Green_Left","Blue_Up",-150,100,50,50,"Down"
7,3,8,"Red_Right","Yellow_Left","Green_Up","Blue_Left",-150,100,0,50,"Down"
7,3,9,"Red_Up","Yellow_Left","Green_Down","Blue_Left",100,100,50,50,"Up"
7,3,10,"Red_Down","Yellow_Left","Green_Down","Blue_Right",100,100,50,50,"Up"
7,3,11,"Red_Up","Yellow_Up","Green_Down","Blue_Right",-150,100,50,-200,"Right"
7,3,12,"Red_Left","Yellow_Right","Green_Up","Blue_Down",-150,-1150,0,-200,"Left"
7,3,13,"Red_Right","Yellow_Up","Green_Left","Blue_Left",-150,100,0,50,"Up"
7,3,14,"Red_Up","Yellow_Right","Green_Right","Blue_Down",-150,100,0,50,"Down"
7,3,15,"Red_Down","Yellow_Left","Green_Left","Blue_Left",-150,-1150,50,50,"Up"
7,3,16,"Red_Up","Yellow_Left","Green_Down","Blue_Down",-150,100,50,50,"Right"
7,3,17,"Red_Right","Yellow_Right","Green_Up","Blue_Up",100,100,0,50,"Up"
7,3,18,"Red_Left","Yellow_Down","Green_Left","Blue_Down",-150,100,50,50,"Down"
7,3,19,"Red_Up","Yellow_Left","Green_Left","Blue_Down",-150,100,50,50,"Left"
7,3,20,"Red_Right","Yellow_Left","Green_Down","Blue_Left",100,100,50,50,"Left"
7,3,21,"Red_Right","Yellow_Up","Green_Left","Blue_Up",100,100,0,50,"Down"
7,3,22,"Red_Right","Yellow_Down","Green_Down","Blue_Down",100,100,50,50,"Right"
7,3,23,"Red_Down","Yellow_Left","Green_Right","Blue_Right",-150,100,0,50,"Up"
7,3,24,"Red_Left","Yellow_Down","Green_Up","Blue_Down",100,100,0,50,"Down"
7,3,25,"Red_Left","Yellow_Right","Green_Up","Blue_Left",100,100,50,50,"Up"
7,3,26,"Red_Left","Yellow_Left","Green_Down","Blue_Left",-150,100,50,50,"Down"
7,3,27,"Red_Down","Yellow_Left","Green_Up","Blue_Down",100,100,50,50,"Down"
7,3,28,"Red_Right","Yellow_Down","Green_Right","Blue_Left",100,100,50,50,"Up"
7,3,29,"Red_Down","Yellow_Up","Green_Left","Blue_Down",-150,-1150,0,-200,"Down"
7,3,30,"Red_Up","Yellow_Left","Green_Up","Blue_Left",100,100,50,50,"Up"
7,3,31,"Red_Up","Yellow_Up","Green_Down","Blue_Up",100,100,0,50,"Left"
7,3,32,"Red_Up","Yellow_Right","Green_Right","Blue_Down",-150,100,0,50,"Down"
7,3,33,"Red_Up","Yellow_Down","Green_Right","Blue_Down",-150,100,0,50,"Left"
7,3,34,"Red_Down","Yellow_Down","Green_Left","Blue_Left",-150,100,50,-200,"Up"
7,3,35,"Red_Left","Yellow_Down","Green_Down","Blue_Left",100,100,50,50,"Right"
7,3,36,"Red_Left","Yellow_Up","Green_Down","Blue_Right",-150,100,0,50,"Up"
7,3,37,"Red_Left","Yellow_Down","Green_Right","Blue_Down",100,100,50,50,"Left"
7,3,38,"Red_Down","Yellow_Right","Green_Left","Blue_Up",-150,100,0,50,"Down"
7,3,39,"Red_Up","Yellow_Up","Green_Up","Blue_Down",100,100,0,-200,"Down"
7,3,40,"Red_Right","Yellow_Left","Green_Left","Blue_Right",100,-1150,50,50,"Down"
7,3,41,"Red_Up","Yellow_Right","Green_Left","Blue_Up",-150,100,0,50,"Left"
7,3,42,"Red_Up","Yellow_Down","Green_Right","Blue_Left",100,100,0,50,"Up"
7,3,43,"Red_Right","Yellow_Down","Green_Left","Blue_Right",100,100,0,50,"Left"
7,3,44,"Red_Up","Yellow_Left","Green_Left","Blue_Right",100,100,0,50,"Up"
7,3,45,"Red_Right","Yellow_Up","Green_Down","Blue_Left",-150,100,0,50,"Down"
7,3,46,"Red_Right","Yellow_Up","Green_Down","Blue_Up",-150,-1150,0,50,"Down"
7,3,47,"Red_Left","Yellow_Up","Green_Down","Blue_Up",100,100,0,50,"Down"
7,3,48,"Red_Up","Yellow_Down","Green_Left","Blue_Down",-150,100,50,50,"Right"
7,3,49,"Red_Down","Yellow_Right","Green_Down","Blue_Up",100,100,0,50,"Right"
7,3,50,"Red_Left","Yellow_Left","Green_Left","Blue_Left",100,100,50,50,"Down"
7,4,1,"Red_Right","Yellow_Down","Green_Left","Blue_Down",-150,100,0,50,"Up"
7,4,2,"Red_Down","Yellow_Up","Green_Left","Blue_Right",-150,100,0,50,"Right"
7,4,3,"Red_Right","Yellow_Right","Green_Right","Blue_Up",-150,100,0,50,"Down"
7,4,4,"Red_Down","Yellow_Up","Green_Right","Blue_Up",100,100,50,50,"Down"
7,4,5,"Red_Down","Yellow_Up","Green_Right","Blue_Right",100,100,0,50,"Left"
7,4,6,"Red_Right","Yellow_Down","Green_Up","Blue_Right",-150,-1150,50,50,"Right"
7,4,7,"Red_Up","Yellow_Up","Green_Right","Blue_Up",-150,100,50,50,"Left"
7,4,8,"Red_Right","Yellow_Down","Green_Left","Blue_Right",100,-1150,50,50,"Down"
7,4,9,"Red_Left","Yellow_Right","Green_Left","Blue_Right",-150,100,0,50,"Left"
7,4,10,"Red_Right","Yellow_Left","Green_Right","Blue_Left",100,100,50,50,"Down"
7,4,11,"Red_Down","Yellow_Down","Green_Up","Blue_Up",-150,100,50,50,"Left"
7,4,12,"Red_Down","Yellow_Left","Green_Up","Blue_Down",-150,100,50,50,"Up"
7,4,13,"Red_Left","Yellow_Down","Green_Down","Blue_Left",100,100,50,50,"Up"
7,4,14,"Red_Left","Yellow_Up","Green_Right","Blue_Up",-150,100,50,50,"Left"
7,4,15,"Red_Left","Yellow_Down","Green_Up","Blue_Down",-150,-1150,50,50,"Right"
7,4,16,"Red_Down","Yellow_Down","Green_Right","Blue_Down",-150,100,0,50,"Up"
7,4,17,"Red_Up","Yellow_Down","Green_Right","Blue_Right",100,100,50,50,"Right"
7,4,18,"Red_Right","Yellow_Up","Green_Up","Blue_Right",100,100,0,50,"Down"
7,4,19,"Red_Left","Yellow_Up","Green_Down","Blue_Down",100,100,0,50,"Down"
7,4,20,"Red_Down","Yellow_Right","Green_Up","Blue_Up",100,100,50,50,"Right"
7,4,21,"Red_Up","Yellow_Down","Green_Up","Blue_Left",100,100,0,50,"Left"
7,4,22,"Red_Left","Yellow_Down","Green_Left","Blue_Up",-150,100,50,50,"Left"
7,4,23,"Red_Down","Yellow_Left","Green_Right","Blue_Up",100,100,50,-200,"Up"
7,4,24,"Red_Down","Yellow_Down","Green_Down","Blue_Left",-150,100,0,50,"Right"
7,4,25,"Red_Up","Yellow_Up","Green_Left","Blue_Right",100,100,0,50,"Left"
7,4,26,"Red_Up","Yellow_Left","Green_Up","Blue_Down",100,100,0,50,"Left"
7,4,27,"Red_Down","Yellow_Right","Green_Right","Blue_Right",-150,100,0,50,"Right"
7,4,28,"Red_Up","Yellow_Left","Green_Up","Blue_Up",-150,100,50,50,"Left"
7,4,29,"Red_Right","Yellow_Up","Green_Up","Blue_Down",100,100,50,50,"Up"
7,4,30,"Red_Right","Yellow_Up","Green_Up","Blue_Up",-150,100,50,50,"Down"
7,4,31,"Red_Down","Yellow_Down","Green_Right","Blue_Right",-150,100,0,50,"Left"
7,4,32,"Red_Right","Yellow_Right","Green_Left","Blue_Up",-150,100,0,50,"Right"
7,4,33,"Red_Down","Yellow_Down","Green_Up","Blue_Up",100,100,50,50,"Up"
7,4,34,"Red_Down","Yellow_Right","Green_Down","Blue_Right",100,100,50,50,"Right"
7,4,35,"Red_Left","Yellow_Up","Green_Down","Blue_Left",-150,100,0,50,"Up"
7,4,36,"Red_Left","Yellow_Left","Green_Right","Blue_Right",100,100,50,50,"Down"
7,4,37,"Red_Down","Yellow_Left","Green_Up","Blue_Down",-150,100,0,50,"Down"
7,4,38,"Red_Right","Yellow_Right","Green_Up","Blue_Left",100,100,0,-200,"Up"
7,4,39,"Red_Left","Yellow_Left","Green_Left","Blue_Left",100,100,0,50,"Down"
7,4,40,"Red_Right","Yellow_Up","Green_Right","Blue_Up",100,100,50,50,"Up"
7,4,41,"Red_Right","Yellow_Right","Green_Left","Blue_Down",-150,100,50,50,"Left"
7,4,42,"Red_Up","Yellow_Up","Green_Up","Blue_Right",-150,100,0,50,"Left"
7,4,43,"Red_Down","Yellow_Right","Green_Up","Blue_Left",100,-1150,0,50,"Down"
7,4,44,"Red_Left","Yellow_Right","Green_Down","Blue_Right",-150,100,0,-200,"Right"
7,4,45,"Red_Left","Yellow_Left","Green_Down","Blue_Down",-150,100,0,50,"Up"
7,4,46,"Red_Right","Yellow_Up","Green_Down","Blue_Down",100,100,50,-200,"Right"
7,4,47,"Red_Down","Yellow_Right","Green_Down","Blue_Right",100,100,0,50,"Down"
7,4,48,"Red_Left","Yellow_Left","Green_Right","Blue_Up",100,100,50,50,"Up"
7,4,49,"Red_Down","Yellow_Down","Green_Down","Blue_Up",100,100,50,50,"Right"
7,4,50,"Red_Right","Yellow_Up","Green_Right","Blue_Up",-150,-1150,0,-200,"Up"
7,5,1,"Red_Right","Yellow_Left","Green_Up","Blue_Right",100,100,0,50,"Up"
7,5,2,"Red_Left","Yellow_Right","Green_Left","Blue_Left",100,100,50,50,"Left"
7,5,3,"Red_Down","Yellow_Right","Green_Left","Blue_Left",100,100,50,-200,"Up"
7,5,4,"Red_Left","Yellow_Up","Green_Up","Blue_Down",100,100,0,50,"Down"
7,5,5,"Red_Up","Yellow_Down","Green_Left","Blue_Down",-150,100,50,50,"Down"
7,5,6,"Red_Right","Yellow_Left","Green_Down","Blue_Up",100,100,0,50,"Up"
7,5,7,"Red_Right","Yellow_Right","Green_Left","Blue_Right",100,100,50,50,"Left"
7,5,8,"Red_Right","Yellow_Left","Green_Up","Blue_Left",-150,-1150,50,50,"Up"
7,5,9,"Red_Left","Yellow_Up","Green_Down","Blue_Left",-150,100,0,50,"Down"
7,5,10,"Red_Down","Yellow_Right","Green_Up","Blue_Up",100,100,0,50,"Left"
7,5,11,"Red_Left","Yellow_Down","Green_Left","Blue_Up",100,100,50,50,"Up"
7,5,12,"Red_Right","Yellow_Left","Green_Up","Blue_Left",-150,100,0,50,"Up"
7,5,13,"Red_Down","Yellow_Up","Green_Down","Blue_Down",-150,100,50,50,"Down"
7,5,14,"Red_Up","Yellow_Left","Green_Right","Blue_Down",-150,100,0,50,"Down"
7,5,15,"Red_Right","Yellow_Right","Green_Right","Blue_Right",-150,100,0,50,"Left"
7,5,16,"Red_Right","Yellow_Down","Green_Right","Blue_Up",100,-1150,50,50,"Down"
7,5,17,"Red_Left","Yellow_Down","Green_Down","Blue_Up",100,-1150,0,50,"Left"
7,5,18,"Red_Down","Yellow_Left","Green_Up","Blue_Down",100,100,50,50,"Down"
7,5,19,"Red_Down","Yellow_Up","Green_Left","Blue_Up",-150,100,0,50,"Right"
7,5,20,"Red_Left","Yellow_Right","Green_Left","Blue_Right",-150,100,50,50,"Right"
7,5,21,"Red_Down","Yellow_Left","Green_Down","Blue_Down",-150,100,50,50,"Right"
7,5,22,"Red_Down","Yellow_Left","Green_Right","Blue_Down",-150,-1150,0,50,"Up"
7,5,23,"Red_Down","Yellow_Down","Green_Down","Blue_Down",100,100,50,50,"Up"
7,5,24,"Red_Up","Yellow_Down","Green_Right","Blue_Right",-150,100,50,50,"Up"
7,5,25,"Red_Right","Yellow_Up","Green_Left","Blue_Up",-150,100,0,50,"Down"
7,5,26,"Red_Down","Yellow_Up","Green_Right","Blue_Left",-150,100,0,50,"Up"
7,5,27,"Red_Left","Yellow_Down","Green_Right","Blue_Down",-150,100,0,50,"Right"
7,5,28,"Red_Down","Yellow_Up","Green_Left","Blue_Up",100,100,50,50,"Left"
7,5,29,"Red_Right","Yellow_Right","Green_Left","Blue_Up",-150,100,50,50,"Down"
7,5,30,"Red_Right","Yellow_Up","Green_Left","Blue_Up",-150,100,50,-200,"Right"
7,5,31,"Red_Left","Yellow_Right","Green_Right","Blue_Right",-150,100,0,-200,"Left"
7,5,32,"Red_Up","Yellow_Up","Green_Down","Blue_Right",100,100,50,50,"Right"
7,5,33,"Red_Down","Yellow_Right","Green_Down","Blue_Left",100,100,50,50,"Left"
7,5,34,"Red_Left","Yellow_Down","Green_Down","Blue_Left",-150,100,0,50,"Down"
7,5,35,"Red_Down","Yellow_Up","Green_Up","Blue_Left",100,100,0,50,"Left"
7,5,36,"Red_Up","Yellow_Left","Green_Right","Blue_Up",100,100,50,-200,"Right"
7,5,37,"Red_Down","Yellow_Left","Green_Up","Blue_Right",-150,100,50,50,"Left"
7,5,38,"Red_Up","Yellow_Right","Green_Up","Blue_Up",100,100,50,50,"Left"
7,5,39,"Red_Right","Yellow_Right","Green_Down","Blue_Right",-150,100,0,50,"Left"
7,5,40,"Red_Left","Yellow_Right","Green_Left","Blue_Down",100,100,0,50,"Down"
7,5,41,"Red_Down","Yellow_Up","Green_Down","Blue_Left",100,100,50,50,"Down"
7,5,42,"Red_Left","Yellow_Left","Green_Up","Blue_Left",100,100,50,50,"Left"
7,5,43,"Red_Left","Yellow_Left","Green_Left","Blue_Down",100,-1150,0,50,"Right"
7,5,44,"Red_Right","Yellow_Down","Green_Up","Blue_Left",-150,100,50,50,"Up"
7,5,45,"Red_Down","Yellow_Left","Green_Left","Blue_Down",-150,100,0,-200,"Down"
7,5,46,"Red_Up","Yellow_Left","Green_Down","Blue_Right",-150,100,0,50,"Down"
7,5,47,"Red_Left","Yellow_Up","Green_Right","Blue_Left",100,100,0,50,"Down"
7,5,48,"Red_Up","Yellow_Left","Green_Down","Blue_Up",-150,100,0,50,"Right"
7,5,49,"Red_Left","Yellow_Up","Green_Down","Blue_Down",100,100,50,50,"Up"
7,5,50,"Red_Down","Yellow_Down","Green_Up","Blue_Down",100,100,0,50,"Up"
7,6,1,"Red_Down","Yellow_Up","Green_Up","Blue_Up",100,100,50,50,"Up"
7,6,2,"Red_Left","Yellow_Left","Green_Right","Blue_Up",-150,100,0,50,"Up"
7,6,3,"Red_Up","Yellow_Up","Green_Left","Blue_Up",-150,100,50,-200,"Down"
7,6,4,"Red_Right","Yellow_Down","Green_Down","Blue_Left",100,100,50,50,"Down"
7,6,5,"Red_Left","Yellow_Right","Green_Right","Blue_Right",-150,100,0,50,"Right"
7,6,6,"Red_Up","Yellow_Up","Green_Right","Blue_Right",-150,100,0,50,"Down"
7,6,7,"Red_Up","Yellow_Right","Green_Right","Blue_Up",-150,100,0,50,"Down"
7,6,8,"Red_Down","Yellow_Right","Green_Down","Blue_Right",-150,100,0,50,"Left"
7,6,9,"Red_Right","Yellow_Right","Green_Down","Blue_Up",100,100,0,50,"Down"
7,6,10,"Red_Left","Yellow_Up","Green_Up","Blue_Up",-150,100,0,50,"Down"
7,6,11,"Red_Left","Yellow_Right","Green_Right","Blue_Left",100,100,50,50,"Up"
7,6,12,"Red_Right","Yellow_Up","Green_Up","Blue_Down",-150,100,50,50,"Left"
7,6,13,"Red_Up","Yellow_Right","Green_Up","Blue_Left",100,100,50,50,"Left"
7,6,14,"Red_Left","Yellow_Right","Green_Right","Blue_Up",-150,100,50,50,"Right"
7,6,15,"Red_Left","Yellow_Right","Green_Left","Blue_Left",-150,100,0,50,"Up"
7,6,16,"Red_Up","Yellow_Up","Green_Down","Blue_Right",100,100,50,50,"Down"
7,6,17,"Red_Right","Yellow_Left","Green_Up","Blue_Up",100,-1150,50,50,"Left"
7,6,18,"Red_Right","Yellow_Up","Green_Left","Blue_Up",-150,100,0,-200,"Down"
7,6,19,"Red_Up","Yellow_Right","Green_Right","Blue_Down",100,100,0,50,"Up"
7,6,20,"Red_Down","Yellow_Down","Green_Right","Blue_Down",100,100,50,50,"Up"
7,6,21,"Red_Up","Yellow_Up","Green_Left","Blue_Right",-150,100,50,-200,"Left"
7,6,22,"Red_Left","Yellow_Up","Green_Left","Blue_Up",-150,100,50,50,"Up"
7,6,23,"Red_Left","Yellow_Down","Green_Right","Blue_Right",100,100,50,50,"Up"
7,6,24,"Red_Up","Yellow_Left","Green_Right","Blue_Down",-150,100,0,50,"Down"
7,6,25,"Red_Left","Yellow_Left","Green_Right","Blue_Left",-150,100,0,50,"Down"
7,6,26,"Red_Down","Yellow_Left","Green_Right","Blue_Left",-150,100,0,50,"Down"
7,6,27,"Red_Up","Yellow_Right","Green_Right","Blue_Left",-150,100,0,50,"Left"
7,6,28,"Red_Right","Yellow_Right","Green_Left","Blue_Left",-150,100,0,50,"Left"
7,6,29,"Red_Down","Yellow_Up","Green_Up","Blue_Down",100,100,0,50,"Down"
7,6,30,"Red_Up","Yellow_Right","Green_Right","Blue_Up",100,100,50,50,"Left"
7,6,31,"Red_Left","Yellow_Left","Green_Right","Blue_Right",100,100,50,50,"Right"
7,6,32,"Red_Down","Yellow_Right","Green_Right","Blue_Right",100,100,50,50,"Up"
7,6,33,"Red_Left","Yellow_Left","Green_Up","Blue_Up",100,100,50,-200,"Up"
7,6,34,"Red_Left","Yellow_Right","Green_Down","Blue_Left",-150,100,0,50,"Left"
7,6,35,"Red_Left","Yellow_Down","Green_Left","Blue_Left",100,100,50,-200,"Down"
7,6,36,"Red_Right","Yellow_Right","Green_Down","Blue_Up",100,-1150,50,50,"Left"
7,6,37,"Red_Down","Yellow_Right","Green_Right","Blue_Left",-150,100,0,50,"Down"
7,6,38,"Red_Left","Yellow_Down","Green_Up","Blue_Right",-150,100,50,50,"Up"
7,6,39,"Red_Left","Yellow_Up","Green_Right","Blue_Right",100,100,0,50,"Right"
7,6,40,"Red_Left","Yellow_Down","Green_Up","Blue_Up",100,100,0,50,"Up"
7,6,41,"Red_Left","Yellow_Left","Green_Down","Blue_Right",-150,100,50,50,"Down"
7,6,42,"Red_Down","Yellow_Right","Green_Up","Blue_Up",100,100,50,50,"Left"
7,6,43,"Red_Down","Yellow_Up","Green_Down","Blue_Right",100,100,0,50,"Left"
7,6,44,"Red_Left","Yellow_Left","Green_Down","Blue_Left",-150,-1150,50,50,"Down"
7,6,45,"Red_Left","Yellow_Down","Green_Up","Blue_Up",-150,-1150,0,50,"Right"
7,6,46,"Red_Right","Yellow_Down","Green_Down","Blue_Right",100,100,50,50,"Up"
7,6,47,"Red_Up","Yellow_Up","Green_Up","Blue_Left",100,100,0,50,"Up"
7,6,48,"Red_Down","Yellow_Right","Green_Down","Blue_Left",-150,100,50,50,"Left"
7,6,49,"Red_Up","Yellow_Left","Green_Down","Blue_Left",100,-1150,0,50,"Down"
7,6,50,"Red_Down","Yellow_Up","Green_Down","Blue_Right",100,100,0,50,"Up"
8,1,1,"Red_Up","Yellow_Up","Green_Up","Blue_Up",100,100,0,50,"Down"
8,1,2,"Red_Down","Yellow_Left","Green_Right","Blue_Left",100,100,50,-200,"Down"
8,1,3,"Red_Right","Yellow_Left","Green_Left","Blue_Up",100,100,50,50,"Left"
8,1,4,"Red_Up","Yellow_Down","Green_Left","Blue_Up",100,100,0,50,"Down"
8,1,5,"Red_Up","Yellow_Up","Green_Up","Blue_Down",-150,100,50,-200,"Down"
8,1,6,"Red_Left","Yellow_Left","Green_Left","Blue_Down",-150,100,50,50,"Down"
8,1,7,"Red_Up","Yellow_Down","Green_Up","Blue_Left",-150,100,0,50,"Left"
8,1,8,"Red_Down","Yellow_Right","Green_Down","Blue_Right",-150,100,0,50,"Right"
8,1,9,"Red_Up","Yellow_Up","Green_Left","Blue_Left",-150,100,0,-200,"Down"
8,1,10,"Red_Up","Yellow_Right","Green_Down","Blue_Left",-150,100,0,50,"Right"
8,1,11,"Red_Left","Yellow_Left","Green_Up","Blue_Right",100,-1150,0,-200,"Right"
8,1,12,"Red_Left","Yellow_Right","Green_Left","Blue_Up",100,100,50,50,"Right"
8,1,13,"Red_Up","Yellow_Right","Green_Down","Blue_Left",-150,100,50,50,"Down"
8,1,14,"Red_Right","Yellow_Down","Green_Up","Blue_Up",-150,100,0,50,"Up"
8,1,15,"Red_Right","Yellow_Up","Green_Right","Blue_Up",-150,100,50,50,"Down"
8,1,16,"Red_Left","Yellow_Up","Green_Down","Blue_Right",100,100,0,50,"Left"
8,1,17,"Red_Down","Yellow_Right","Green_Left","Blue_Up",-150,100,50,50,"Left"
8,1,18,"Red_Left","Yellow_Down","Green_Up","Blue_Down",-150,100,0,50,"Left"
8,1,19,"Red_Down","Yellow_Right","Green_Down","Blue_Right",100,100,0,50,"Right"
8,1,20,"Red_Right","Yellow_Right","Green_Right","Blue_Right",-150,100,0,50,"Up"
8,1,21,"Red_Up","Yellow_Down","Green_Left","Blue_Up",100,100,0,50,"Left"
8,1,22,"Red_Up","Yellow_Left","Green_Left","Blue_Left",-150,100,50,50,"Left"
8,1,23,"Red_Up","Yellow_Left","Green_Up","Blue_Down",100,100,50,50,"Left"
8,1,24,"Red_Down","Yellow_Up","Green_Up","Blue_Down",100,100,50,50,"Left"
8,1,25,"Red_Left","Yellow_Right","Green_Left","Blue_Right",-150,100,0,50,"Down"
8,1,26,"Red_Right","Yellow_Right","Green_Left","Blue_Left",100,100,50,50,"Left"
8,1,27,"Red_Right","Yellow_Left","Green_Up","Blue_Left",100,100,50,50,"Right"
8,1,28,"Red_Left","Yellow_Up","Green_Right","Blue_Down",100,100,0,50,"Up"
8,1,29,"Red_Right","Yellow_Up","Green_Up","Blue_Down",100,100,50,50,"Left"
8,1,30,"Red_Down","Yellow_Down","Green_Right","Blue_Down",100,100,50,50,"Down"
8,1,31,"Red_Right","Yellow_Right","Green_Down","Blue_Down",100,100,50,50,"Right"
8,1,32,"Red_Up","Yellow_Down","Green_Down","Blue_Down",-150,100,0,50,"Up"
8,1,33,"Red_Down","Yellow_Right","Green_Left","Blue_Up",-150,100,0,50,"Left"
8,1,34,"Red_Up","Yellow_Down","Green_Up","Blue_Right",-150,-1150,50,-200,"Up"
8,1,35,"Red_Left","Yellow_Down","Green_Down","Blue_Up",100,-1150,50,50,"Right"
8,1,36,"Red_Up","Yellow_Right","Green_Down","Blue_Up",-150,100,0,50,"Left"
8,1,37,"Red_Left","Yellow_Left","Green_Left","Blue_Left",100,100,50,50,"Down"
8,1,38,"Red_Down","Yellow_Right","Green_Left","Blue_Left",100,-1150,50,50,"Up"
8,1,39,"Red_Right","Yellow_Down","Green_Right","Blue_Right",-150,100,50,50,"Right"
8,1,40,"Red_Left","Yellow_Right","Green_Down","Blue_Up",-150,100,0,50,"Down"
8,1,41,"Red_Right","Yellow_Right","Green_Right","Blue_Down",-150,100,0,50,"Right"
8,1,42,"Red_Left","Yellow_Down","Green_Right","Blue_Down",100,100,50,50,"Left"
8,1,43,"Red_Up","Yellow_Up","Green_Up","Blue_Left",-150,100,50,50,"Right"
8,1,44,"Red_Right","Yellow_Left","Green_Down","Blue_Right",-150,100,50,50,"Left"
8,1,45,"Red_Left","Yellow_Right","Green_Down","Blue_Up",100,100,50,50,"Down"
8,1,46,"Red_Down","Yellow_Right","Green_Up","Blue_Down",100,100,0,50,"Down"
8,1,47,"Red_Left","Yellow_Down","Green_Left","Blue_Right",100,100,0,50,"Right"
8,1,48,"Red_Right","Yellow_Up","Green_Up","Blue_Up",-150,100,0,50,"Right"
8,1,49,"Red_Up","Yellow_Down","Green_Up","Blue_Right",100,100,0,50,"Up"
8,1,50,"Red_Down","Yellow_Up","Green_Right","Blue_Left",-150,-1150,0,50,"Left"
8,2,1,"Red_Left","Yellow_Down","Green_Right","Blue_Left",100,100,0,50,"Down"
8,2,2,"Red_Up","Yellow_Up","Green_Left","Blue_Left",-150,100,0,50,"Left"
8,2,3,"Red_Left","Yellow_Down","Green_Right","Blue_Right",-150,100,0,50,"Left"
8,2,4,"Red_Down","Yellow_Left","Green_Down","Blue_Right",100,100,50,50,"Up"
8,2,5,"Red_Left","Yellow_Right","Green_Up","Blue_Down",-150,-1150,50,50,"Left"
8,2,6,"Red_Down","Yellow_Up","Green_Right","Blue_Up",-150,100,50,50,"Left"
8,2,7,"Red_Left","Yellow_Up","Green_Left","Blue_Down",100,100,0,50,"Down"
8,2,8,"Red_Down","Yellow_Right","Green_Right","Blue_Up",-150,100,0,-200,"Left"
8,2,9,"Red_Up","Yellow_Left","Green_Down","Blue_Left",100,100,0,50,"Right"
8,2,10,"Red_Up","Yellow_Right","Green_Up","Blue_Down",-150,100,50,50,"Left"
8,2,11,"Red_Up","Yellow_Up","Green_Left","Blue_Down",-150,100,50,-200,"Right"
8,2,12,"Red_Up","Yellow_Left","Green_Right","Blue_Up",100,100,50,50,"Left"
8,2,13,"Red_Right","Yellow_Down","Green_Up","Blue_Down",-150,100,0,50,"Left"
8,2,14,"Red_Right","Yellow_Left","Green_Down","Blue_Down",-150,100,0,50,"Up"
8,2,15,"Red_Down","Yellow_Down","Green_Left","Blue_Right",-150,-1150,0,-200,"Up"
8,2,16,"Red_Up","Yellow_Down","Green_Up","Blue_Down",100,100,50,50,"Right"
8,2,17,"Red_Up","Yellow_Left","Green_Right","Blue_Up",-150,-1150,0,50,"Right"
8,2,18,"Red_Left","Yellow_Up","Green_Down","Blue_Up",-150,100,0,50,"Down"
8,2,19,"Red_Down","Yellow_Left","Green_Right","Blue_Up",100,100,50,50,"Up"
8,2,20,"Red_Down","Yellow_Down","Green_Right","Blue_Up",100,100,50,50,"Left"
8,2,21,"Red_Up","Yellow_Right","Green_Right","Blue_Left",100,100,50,-200,"Right"
8,2,22,"Red_Up","Yellow_Left","Green_Up","Blue_Up",-150,100,0,50,"Up"
8,2,23,"Red_Up","Yellow_Left","Green_Down","Blue_Right",-150,100,50,50,"Left"
8,2,24,"Red_Down","Yellow_Down","Green_Down","Blue_Right",-150,100,50,50,"Left"
8,2,25,"Red_Right","Yellow_Down","Green_Down","Blue_Left",100,100,50,50,"Left"
8,2,26,"Red_Up","Yellow_Right","Green_Left","Blue_Left",-150,100,50,50,"Down"
8,2,27,"Red_Down","Yellow_Right","Green_Left","Blue_Up",100,100,0,50,"Up"
8,2,28,"Red_Left","Yellow_Up","Green_Down","Blue_Left",100,100,0,50,"Up"
8,2,29,"Red_Up","Yellow_Up","Green_Left","Blue_Left",100,100,0,50,"Left"
8,2,30,"Red_Up","Yellow_Left","Green_Left","Blue_Down",100,100,50,50,"Up"
8,2,31,"Red_Up","Yellow_Left","Green_Right","Blue_Left",100,100,50,50,"Down"
8,2,32,"Red_Up","Yellow_Down","Green_Down","Blue_Down",-150,100,50,50,"Left"
8,2,33,"Red_Down","Yellow_Right","Green_Down","Blue_Up",-150,100,0,50,"Right"
8,2,34,"Red_Left","Yellow_Left","Green_Down","Blue_Up",100,100,50,50,"Down"
8,2,35,"Red_Left","Yellow_Up","Green_Down","Blue_Down",100,100,50,50,"Up"
8,2,36,"Red_Left","Yellow_Left","Green_Left","Blue_Up",-150,100,50,50,"Left"
8,2,37,"Red_Left","Yellow_Up","Green_Up","Blue_Up",-150,100,0,50,"Down"
8,2,38,"Red_Up","Yellow_Down","Green_Left","Blue_Left",-150,100,50,50,"Down"
8,2,39,"Red_Left","Yellow_Down","Green_Left","Blue_Down",100,100,0,50,"Right"
8,2,40,"Red_Left","Yellow_Up","Green_Right","Blue_Down",-150,-1150,0,50,"Up"
8,2,41,"Red_Down","Yellow_Right","Green_Right","Blue_Right",-150,100,50,50,"Up"
8,2,42,"Red_Right","Yellow_Up","Green_Down","Blue_Left",-150,100,0,50,"Right"
8,2,43,"Red_Up","Yellow_Down","Green_Down","Blue_Right",100,100,50,50,"Left"
8,2,44,"Red_Left","Yellow_Right","Green_Down","Blue_Left",-150,100,0,50,"Right"
8,2,45,"Red_Down","Yellow_Left","Green_Up","Blue_Right",100,100,50,50,"Down"
8,2,46,"Red_Right","Yellow_Down","Green_Left","Blue_Up",100,-1150,0,50,"Up"
8,2,47,"Red_Left","Yellow_Left","Green_Left","Blue_Down",100,100,0,50,"Right"
8,2,48,"Red_Right","Yellow_Right","Green_Left","Blue_Up",100,100,0,50,"Right"
8,2,49,"Red_Right","Yellow_Down","Green_Left","Blue_Down",100,100,50,-200,"Up"
8,2,50,"Red_Left","Yellow_Down","Green_Right","Blue_Down",100,100,0,50,"Right"
8,3,1,"Red_Right","Yellow_Left","Green_Left","Blue_Left",-150,100,50,50,"Left"
8,3,2,"Red_Right","Yellow_Right","Green_Left","Blue_Right",-150,100,50,50,"Left"
8,3,3,"Red_Up","Yellow_Right","Green_Left","Blue_Up",100,100,50,50,"Right"
8,3,4,"Red_Up","Yellow_Right","Green_Left","Blue_Up",100,100,0,50,"Up"
8,3,5,"Red_Down","Yellow_Down","Green_Up","Blue_Down",-150,-1150,50,50,"Right"
8,3,6,"Red_Up","Yellow_Right","Green_Up","Blue_Up",-150,100,0,50,"Down"
8,3,7,"Red_Up","Yellow_Down","Green_Right","Blue_Right",-150,100,50,50,"Up"
8,3,8,"Red_Left","Yellow_Right","Green_Left","Blue_Up",-150,100,50,50,"Left"
8,3,9,"Red_Down","Yellow_Down","Green_Right","Blue_Right",100,100,50,50,"Up"
8,3,10,"Red_Up","Yellow_Up","Green_Up","Blue_Down",100,-1150,50,50,"Left"
8,3,11,"Red_Up","Yellow_Down","Green_Left","Blue_Down",100,100,50,50,"Down"
8,3,12,"Red_Left","Yellow_Down","Green_Down","Blue_Left",100,100,50,50,"Right"
8,3,13,"Red_Right","Yellow_Up","Green_Right","Blue_Down",100,100,0,50,"Up"
8,3,14,"Red_Up","Yellow_Left","Green_Left","Blue_Right",-150,100,0,50,"Left"
8,3,15,"Red_Right","Yellow_Left","Green_Up","Blue_Up",-150,-1150,50,50,"Right"
8,3,16,"Red_Right","Yellow_Down","Green_Down","Blue_Up",100,100,0,50,"Right"
8,3,17,"Red_Up","Yellow_Up","Green_Left","Blue_Left",100,100,0,50,"Left"
8,3,18,"Red_Down","Yellow_Right","Green_Right","Blue_Left",100,100,50,50,"Left"
8,3,19,"Red_Right","Yellow_Left","Green_Down","Blue_Right",-150,100,0,50,"Down"
8,3,20,"Red_Up","Yellow_Left","Green_Left","Blue_Down",100,100,0,50,"Right"
8,3,21,"Red_Left","Yellow_Up","Green_Left","Blue_Up",-150,100,0,50,"Down"
8,3,22,"Red_Up","Yellow_Down","Green_Right","Blue_Right",100,100,0,50,"Right"
8,3,23,"Red_Down","Yellow_Down","Green_Up","Blue_Left",-150,100,0,50,"Up"
8,3,24,"Red_Left","Yellow_Up","Green_Right","Blue_Left",100,100,0,50,"Down"
8,3,25,"Red_Up","Yellow_Right","Green_Up","Blue_Right",100,-1150,0,50,"Down"
8,3,26,"Red_Down","Yellow_Down","Green_Left","Blue_Right",100,100,50,50,"Right"
8,3,27,"Red_Down","Yellow_Down","Green_Down","Blue_Up",100,100,0,50,"Down"
8,3,28,"Red_Down","Yellow_Down","Green_Up","Blue_Right",100,-1150,50,50,"Down"
8,3,29,"Red_Left","Yellow_Up","Green_Up","Blue_Left",-150,100,50,50,"Left"
8,3,30,"Red_Up","Yellow_Up","Green_Left","Blue_Up",-150,100,50,-200,"Left"
8,3,31,"Red_Up","Yellow_Up","Green_Right","Blue_Up",100,100,0,50,"Up"
8,3,32,"Red_Down","Yellow_Left","Green_Down","Blue_Up",-150,100,0,50,"Down"
8,3,33,"Red_Right","Yellow_Left","Green_Right","Blue_Left",-150,100,50,50,"Left"
8,3,34,"Red_Down","Yellow_Up","Green_Down","Blue_Down",100,100,0,-200,"Up"
8,3,35,"Red_Up","Yellow_Down","Green_Left","Blue_Left",-150,100,0,50,"Down"
8,3,36,"Red_Left","Yellow_Up","Green_Right","Blue_Left",100,100,50,50,"Up"
8,3,37,"Red_Down","Yellow_Down","Green_Down","Blue_Right",-150,100,0,50,"Down"
8,3,38,"Red_Right","Yellow_Left","Green_Left","Blue_Left",-150,100,0,50,"Left"
8,3,39,"Red_Up","Yellow_Right","Green_Left","Blue_Up",-150,100,0,50,"Right"
8,3,40,"Red_Left","Yellow_Up","Green_Down","Blue_Right",-150,100,50,50,"Left"
8,3,41,"Red_Right","Yellow_Up","Green_Down","Blue_Up",-150,100,0,50,"Left"
8,3,42,"Red_Down","Yellow_Up","Green_Down","Blue_Up",-150,100,0,50,"Right"
8,3,43,"Red_Up","Yellow_Down","Green_Left","Blue_Down",-150,100,50,-200,"Up"
8,3,44,"Red_Up","Yellow_Down","Green_Up","Blue_Right",100,100,0,-200,"Up"
8,3,45,"Red_Up","Yellow_Up","Green_Up","Blue_Left",100,100,50,50,"Down"
8,3,46,"Red_Right","Yellow_Up","Green_Right","Blue_Down",100,100,50,50,"Right"
8,3,47,"Red_Up","Yellow_Left","Green_Down","Blue_Right",100,100,0,50,"Up"
8,3,48,"Red_Right","Yellow_Up","Green_Down","Blue_Down",-150,100,50,50,"Down"
8,3,49,"Red_Right","Yellow_Down","Green_Down","Blue_Right",-150,100,50,50,"Left"
8,3,50,"Red_Down","Yellow_Up","Green_Down","Blue_Up",100,100,50,-200,"Down"
8,4,1,"Red_Up","Yellow_Left","Green_Left","Blue_Down",-150,100,50,-200,"Up"
8,4,2,"Red_Up","Yellow_Down","Green_Down","Blue_Down",100,100,50,50,"Left"
8,4,3,"Red_Right","Yellow_Down","Green_Down","Blue_Down",-150,100,50,50,"Up"
8,4,4,"Red_Right","Yellow_Right","Green_Down","Blue_Left",-150,100,0,50,"Up"
8,4,5,"Red_Left","Yellow_Up","Green_Right","Blue_Right",-150,100,0,50,"Right"
8,4,6,"Red_Up","Yellow_Right","Green_Up","Blue_Left",100,100,0,50,"Left"
8,4,7,"Red_Right","Yellow_Up","Green_Up","Blue_Left",-150,100,0,50,"Up"
8,4,8,"Red_Left","Yellow_Down","Green_Right","Blue_Right",100,100,0,50,"Right"
8,4,9,"Red_Up","Yellow_Right","Green_Right","Blue_Right",-150,-1150,0,50,"Left"
8,4,10,"Red_Down","Yellow_Up","Green_Down","Blue_Up",100,100,0,-200,"Up"
8,4,11,"Red_Left","Yellow_Down","Green_Up","Blue_Right",100,-1150,50,50,"Right"
8,4,12,"Red_Down","Yellow_Left","Green_Right","Blue_Down",-150,100,50,50,"Right"
8,4,13,"Red_Right","Yellow_Left","Green_Right","Blue_Down",100,100,50,50,"Down"
8,4,14,"Red_Up","Yellow_Right","Green_Right","Blue_Down",-150,100,50,50,"Right"
8,4,15,"Red_Up","Yellow_Left","Green_Left","Blue_Down",-150,-1150,50,50,"Right"
8,4,16,"Red_Left","Yellow_Up","Green_Up","Blue_Down",-150,100,0,50,"Right"
8,4,17,"Red_Down","Yellow_Left","Green_Left","Blue_Down",100,100,0,-200,"Right"
8,4,18,"Red_Right","Yellow_Up","Green_Up","Blue_Down",100,100,0,50,"Up"
8,4,19,"Red_Left","Yellow_Left","Green_Up","Blue_Down",-150,100,0,50,"Down"
8,4,20,"Red_Up","Yellow_Down","Green_Right","Blue_Down",-150,100,50,50,"Left"
8,4,21,"Red_Right","Yellow_Right","Green_Down","Blue_Right",100,100,50,50,"Up"
8,4,22,"Red_Down","Yellow_Left","Green_Right","Blue_Left",-150,100,0,50,"Left"
8,4,23,"Red_Down","Yellow_Up","Green_Left","Blue_Down",-150,100,50,50,"Right"
8,4,24,"Red_Right","Yellow_Left","Green_Right","Blue_Up",-150,-1150,50,50,"Down"
8,4,25,"Red_Up","Yellow_Right","Green_Down","Blue_Down",100,100,0,50,"Down"
8,4,26,"Red_Up","Yellow_Right","Green_Up","Blue_Down",-150,100,0,50,"Right"
8,4,27,"Red_Up","Yellow_Left","Green_Down","Blue_Up",100,100,0,50,"Left"
8,4,28,"Red_Left","Yellow_Right","Green_Right","Blue_Up",-150,100,50,50,"Right"
8,4,29,"Red_Right","Yellow_Left","Green_Left","Blue_Right",100,100,0,50,"Left"
8,4,30,"Red_Right","Yellow_Down","Green_Down","Blue_Down",100,100,50,50,"Right"
8,4,31,"Red_Down","Yellow_Left","Green_Left","Blue_Down",-150,100,50,50,"Down"
8,4,32,"Red_Down","Yellow_Right","Green_Left","Blue_Down",100,100,50,50,"Left"
8,4,33,"Red_Right","Yellow_Down","Green_Left","Blue_Down",100,100,0,50,"Down"
8,4,34,"Red_Up","Yellow_Up","Green_Right","Blue_Down",100,100,50,50,"Right"
8,4,35,"Red_Left","Yellow_Right","Green_Up","Blue_Left",-150,100,50,50,"Up"
8,4,36,"Red_Up","Yellow_Up","Green_Right","Blue_Down",100,-1150,0,50,"Left"
8,4,37,"Red_Left","Yellow_Left","Green_Right","Blue_Up",100,100,0,50,"Down"
8,4,38,"Red_Left","Yellow_Down","Green_Left","Blue_Left",-150,100,50,-200,"Down"
8,4,39,"Red_Down","Yellow_Left","Green_Up","Blue_Down",-150,100,50,50,"Down"
8,4,40,"Red_Up","Yellow_Up","Green_Right","Blue_Down",100,100,50,50,"Right"
8,4,41,"Red_Down","Yellow_Left","Green_Right","Blue_Right",100,100,0,50,"Down"
8,4,42,"Red_Right","Yellow_Left","Green_Right","Blue_Up",100,100,50,50,"Down"
8,4,43,"Red_Down","Yellow_Left","Green_Down","Blue_Down",100,100,0,50,"Left"
8,4,44,"Red_Right","Yellow_Up","Green_Up","Blue_Left",-150,100,50,50,"Right"
8,4,45,"Red_Up","Yellow_Right","Green_Right","Blue_Left",-150,100,0,50,"Down"
8,4,46,"Red_Left","Yellow_Down","Green_Left","Blue_Right",-150,100,0,50,"Left"
8,4,47,"Red_Left","Yellow_Down","Green_Up","Blue_Left",100,100,50,50,"Up"
8,4,48,"Red_Right","Yellow_Up","Green_Up","Blue_Up",100,100,0,-200,"Right"
8,4,49,"Red_Left","Yellow_Left","Green_Right","Blue_Down",-150,100,0,50,"Right"
8,4,50,"Red_Down","Yellow_Down","Green_Right","Blue_Left",100,100,50,50,"Right"
8,5,1,"Red_Up","Yellow_Right","Green_Up","Blue_Left",-150,100,0,50,"Right"
8,5,2,"Red_Down","Yellow_Up","Green_Left","Blue_Right",-150,100,50,50,"Up"
8,5,3,"Red_Down","Yellow_Down","Green_Up","Blue_Up",-150,100,0,50,"Up"
8,5,4,"Red_Up","Yellow_Right","Green_Right","Blue_Down",-150,100,50,50,"Left"
8,5,5,"Red_Down","Yellow_Down","Green_Down","Blue_Down",-150,-1150,50,50,"Left"
8,5,6,"Red_Up","Yellow_Left","Green_Left","Blue_Right",-150,100,50,50,"Left"
8,5,7,"Red_Left","Yellow_Left","Green_Left","Blue_Right",100,100,50,50,"Right"
8,5,8,"Red_Right","Yellow_Right","Green_Down","Blue_Left",100,100,50,-200,"Down"
8,5,9,"Red_Down","Yellow_Right","Green_Down","Blue_Down",-150,-1150,50,50,"Down"
8,5,10,"Red_Left","Yellow_Right","Green_Right","Blue_Right",-150,100,50,50,"Right"
8,5,11,"Red_Up","Yellow_Down","Green_Right","Blue_Up",100,100,0,50,"Right"
8,5,12,"Red_Left","Yellow_Down","Green_Right","Blue_Left",100,100,50,50,"Right"
8,5,13,"Red_Left","Yellow_Up","Green_Down","Blue_Left",100,100,0,50,"Right"
8,5,14,"Red_Down","Yellow_Down","Green_Down","Blue_Down",-150,100,50,50,"Right"
8,5,15,"Red_Left","Yellow_Right","Green_Down","Blue_Left",100,100,0,-200,"Right"
8,5,16,"Red_Down","Yellow_Down","Green_Down","Blue_Left",-150,100,0,50,"Right"
8,5,17,"Red_Up","Yellow_Right","Green_Down","Blue_Up",-150,100,0,50,"Left"
8,5,18,"Red_Right","Yellow_Up","Green_Down","Blue_Left",100,100,50,-200,"Down"
8,5,19,"Red_Up","Yellow_Right","Green_Up","Blue_Right",100,100,50,50,"Up"
8,5,20,"Red_Right","Yellow_Right","Green_Down","Blue_Down",-150,100,50,50,"Up"
8,5,21,"Red_Right","Yellow_Down","Green_Up","Blue_Up",100,-1150,0,50,"Up"
8,5,22,"Red_Down","Yellow_Up","Green_Left","Blue_Down",-150,100,0,50,"Down"
8,5,23,"Red_Up","Yellow_Left","Green_Left","Blue_Up",100,100,50,50,"Up"
8,5,24,"Red_Left","Yellow_Right","Green_Left","Blue_Right",-150,-1150,50,50,"Right"
8,5,25,"Red_Up","Yellow_Right","Green_Down","Blue_Left",100,100,50,50,"Up"
8,5,26,"Red_Left","Yellow_Right","Green_Down","Blue_Up",-150,-1150,0,50,"Left"
8,5,27,"Red_Right","Yellow_Up","Green_Right","Blue_Right",-150,100,0,50,"Left"
8,5,28,"Red_Up","Yellow_Down","Green_Left","Blue_Right",-150,100,0,50,"Down"
8,5,29,"Red_Up","Yellow_Left","Green_Up","Blue_Up",100,100,0,50,"Right"
8,5,30,"Red_Right","Yellow_Left","Green_Down","Blue_Left",100,100,0,-200,"Up"
8,5,31,"Red_Right","Yellow_Up","Green_Up","Blue_Down",-150,100,50,50,"Left"
8,5,32,"Red_Right","Yellow_Down","Green_Right","Blue_Right",100,100,50,50,"Left"
8,5,33,"Red_Down","Yellow_Right","Green_Right","Blue_Up",-150,100,0,50,"Left"
8,5,34,"Red_Left","Yellow_Left","Green_Down","Blue_Down",100,100,50,50,"Right"
8,5,35,"Red_Up","Yellow_Down","Green_Left","Blue_Left",100,100,0,50,"Up"
8,5,36,"Red_Left","Yellow_Up","Green_Down","Blue_Right",100,100,0,-200,"Down"
8,5,37,"Red_Left","Yellow_Left","Green_Left","Blue_Right",-150,100,50,50,"Right"
8,5,38,"Red_Up","Yellow_Right","Green_Up","Blue_Down",100,100,50,50,"Left"
8,5,39,"Red_Up","Yellow_Down","Green_Right","Blue_Up",100,100,0,50,"Left"
8,5,40,"Red_Right","Yellow_Left","Green_Up","Blue_Left",-150,100,0,50,"Up"
8,5,41,"Red_Right","Yellow_Up","Green_Left","Blue_Down",100,100,0,50,"Left"
8,5,42,"Red_Right","Yellow_Up","Green_Right","Blue_Right",-150,100,0,50,"Left"
8,5,43,"Red_Down","Yellow_Up","Green_Down","Blue_Right",-150,100,50,50,"Right"
8,5,44,"Red_Right","Yellow_Left","Green_Down","Blue_Down",100,100,0,50,"Up"
8,5,45,"Red_Left","Yellow_Up","Green_Right","Blue_Right",100,100,50,50,"Right"
8,5,46,"Red_Up","Yellow_Down","Green_Down","Blue_Up",-150,100,50,50,"Up"
8,5,47,"Red_Left","Yellow_Right","Green_Up","Blue_Left",100,100,0,50,"Up"
8,5,48,"Red_Right","Yellow_Up","Green_Up","Blue_Left",100,100,50,50,"Right"
8,5,49,"Red_Left","Yellow_Right","Green_Down","Blue_Up",100,100,0,50,"Down"
8,5,50,"Red_Left","Yellow_Left","Green_Down","Blue_Left",-150,100,0,50,"Up"
8,6,1,"Red_Left","Yellow_Up","Green_Down","Blue_Down",-150,100,0,50,"Left"
8,6,2,"Red_Up","Yellow_Right","Green_Left","Blue_Left",100,-1150,50,-200,"Right"
8,6,3,"Red_Down","Yellow_Down","Green_Left","Blue_Right",-150,100,50,50,"Up"
8,6,4,"Red_Right","Yellow_Left","Green_Down","Blue_Down",100,100,0,50,"Right"
8,6,5,"Red_Up","Yellow_Down","Green_Up","Blue_Up",100,-1150,0,-200,"Up"
8,6,6,"Red_Right","Yellow_Down","Green_Left","Blue_Right",100,100,50,50,"Left"
8,6,7,"Red_Up","Yellow_Down","Green_Up","Blue_Left",100,100,50,50,"Right"
8,6,8,"Red_Right","Yellow_Up","Green_Right","Blue_Down",100,100,50,50,"Left"
8,6,9,"Red_Right","Yellow_Left","Green_Right","Blue_Up",100,100,0,50,"Up"
8,6,10,"Red_Right","Yellow_Right","Green_Up","Blue_Right",-150,100,50,50,"Down"
8,6,11,"Red_Up","Yellow_Left","Green_Up","Blue_Up",-150,100,0,50,"Up"
8,6,12,"Red_Up","Yellow_Down","Green_Up","Blue_Down",100,100,0,50,"Right"
8,6,13,"Red_Up","Yellow_Down","Green_Left","Blue_Left",-150,100,50,50,"Up"
8,6,14,"Red_Left","Yellow_Left","Green_Right","Blue_Left",100,100,50,50,"Right"
8,6,15,"Red_Left","Yellow_Down","Green_Down","Blue_Down",-150,100,50,50,"Down"
8,6,16,"Red_Right","Yellow_Up","Green_Up","Blue_Left",100,100,0,50,"Down"
8,6,17,"Red_Left","Yellow_Up","Green_Left","Blue_Right",100,100,50,50,"Left"
8,6,18,"Red_Right","Yellow_Right","Green_Down","Blue_Left",-150,100,0,50,"Right"
8,6,19,"Red_Up","Yellow_Right","Green_Left","Blue_Right",100,100,0,50,"Down"
8,6,20,"Red_Right","Yellow_Right","Green_Right","Blue_Left",-150,100,0,50,"Down"
8,6,21,"Red_Left","Yellow_Right","Green_Right","Blue_Left",100,100,50,50,"Left"
8,6,22,"Red_Right","Yellow_Down","Green_Down","Blue_Left",-150,100,50,50,"Down"
8,6,23,"Red_Up","Yellow_Down","Green_Up","Blue_Right",-150,100,0,50,"Up"
8,6,24,"Red_Right","Yellow_Down","Green_Down","Blue_Down",-150,100,0,50,"Right"
8,6,25,"Red_Left","Yellow_Down","Green_Left","Blue_Right",100,100,0,50,"Up"
8,6,26,"Red_Left","Yellow_Up","Green_Down","Blue_Right",-150,100,50,50,"Up"
8,6,27,"Red_Down","Yellow_Down","Green_Right","Blue_Right",-150,100,50,50,"Left"
8,6,28,"Red_Left","Yellow_Up","Green_Up","Blue_Up",-150,100,0,50,"Right"
8,6,29,"Red_Down","Yellow_Right","Green_Left","Blue_Up",100,100,50,50,"Down"
8,6,30,"Red_Right","Yellow_Up","Green_Left","Blue_Left",-150,100,50,50,"Right"
8,6,31,"Red_Up","Yellow_Down","Green_Left","Blue_Up",100,-1150,0,-200,"Left"
8,6,32,"Red_Down","Yellow_Right","Green_Right","Blue_Right",-150,100,0,50,"Right"
8,6,33,"Red_Down","Yellow_Down","Green_Up","Blue_Down",-150,100,0,50,"Right"
8,6,34,"Red_Down","Yellow_Down","Green_Up","Blue_Right",100,100,0,50,"Left"
8,6,35,"Red_Right","Yellow_Right","Green_Down","Blue_Down",-150,100,0,50,"Down"
8,6,36,"Red_Left","Yellow_Up","Green_Left","Blue_Left",100,100,50,50,"Down"
8,6,37,"Red_Down","Yellow_Down","Green_Left","Blue_Up",-150,100,50,50,"Down"
8,6,38,"Red_Left","Yellow_Right","Green_Left","Blue_Left",100,100,50,50,"Right"
8,6,39,"Red_Right","Yellow_Up","Green_Right","Blue_Up",100,100,0,50,"Right"
8,6,40,"Red_Left","Yellow_Up","Green_Right","Blue_Right",100,100,50,50,"Up"
8,6,41,"Red_Up","Yellow_Left","Green_Up","Blue_Down",100,100,50,50,"Left"
8,6,42,"Red_Down","Yellow_Down","Green_Left","Blue_Up",-150,100,50,50,"Left"
8,6,43,"Red_Right","Yellow_Left","Green_Right","Blue_Up",-150,100,50,-200,"Right"
8,6,44,"Red_Down","Yellow_Right","Green_Left","Blue_Down",-150,100,0,-200,"Left"
8,6,45,"Red_Right","Yellow_Right","Green_Down","Blue_Left",-150,100,0,50,"Left"
8,6,46,"Red_Down","Yellow_Left","Green_Right","Blue_Down",-150,-1150,50,50,"Right"
8,6,47,"Red_Left","Yellow_Left","Green_Up","Blue_Up",100,100,0,50,"Down"
8,6,48,"Red_Left","Yellow_Up","Green_Left","Blue_Down",-150,100,50,50,"Down"
8,6,49,"Red_Right","Yellow_Up","Green_Right","Blue_Right",100,-1150,0,50,"Up"
8,6,50,"Red_Right","Yellow_Right","Green_Down","Blue_Up",100,100,0,50,"Right"
9,1,1,"Red_Up","Yellow_Up","Green_Left","Blue_Up",-150,100,0,50,"Down"
9,1,2,"Red_Left","Yellow_Left","Green_Right","Blue_Left",100,100,0,-200,"Left"
9,1,3,"Red_Down","Yellow_Right","Green_Down","Blue_Up",100,100,50,50,"Up"
9,1,4,"Red_Down","Yellow_Up","Green_Left","Blue_Left",100,100,0,50,"Left"
9,1,5,"Red_Left","Yellow_Down","Green_Right","Blue_Left",100,100,0,50,"Down"
9,1,6,"Red_Left","Yellow_Left","Green_Right","Blue_Up",-150,-1150,50,50,"Left"
9,1,7,"Red_Left","Yellow_Right","Green_Up","Blue_Left",-150,100,0,50,"Down"
9,1,8,"Red_Right","Yellow_Left","Green_Up","Blue_Left",-150,100,50,50,"Up"
9,1,9,"Red_Up","Yellow_Up","Green_Right","Blue_Down",-150,100,0,50,"Up"
9,1,10,"Red_Left","Yellow_Left","Green_Down","Blue_Right",-150,100,0,50,"Up"
9,1,11,"Red_Up","Yellow_Left","Green_Right","Blue_Up",100,100,50,50,"Down"
9,1,12,"Red_Up","Yellow_Left","Green_Left","Blue_Up",-150,100,0,-200,"Up"
9,1,13,"Red_Down","Yellow_Down","Green_Up","Blue_Up",-150,100,0,50,"Down"
9,1,14,"Red_Right","Yellow_Up","Green_Up","Blue_Down",-150,100,50,50,"Up"
9,1,15,"Red_Left","Yellow_Down","Green_Up","Blue_Right",-150,100,50,50,"Left"
9,1,16,"Red_Down","Yellow_Down","Green_Down","Blue_Left",100,-1150,50,50,"Up"
9,1,17,"Red_Right","Yellow_Up","Green_Down","Blue_Up",-150,100,0,50,"Left"
9,1,18,"Red_Up","Yellow_Left","Green_Down","Blue_Left",-150,100,50,50,"Right"
9,1,19,"Red_Right","Yellow_Left","Green_Right","Blue_Left",-150,100,0,50,"Left"
9,1,20,"Red_Left","Yellow_Up","Green_Left","Blue_Right",-150,100,50,50,"Right"
9,1,21,"Red_Left","Yellow_Left","Green_Left","Blue_Down",100,100,50,50,"Down"
9,1,22,"Red_Up","Yellow_Up","Green_Right","Blue_Right",-150,100,50,50,"Down"
9,1,23,"Red_Up","Yellow_Left","Green_Down","Blue_Right",100,-1150,0,50,"Down"
9,1,24,"Red_Right","Yellow_Up","Green_Up","Blue_Down",100,100,0,50,"Right"
9,1,25,"Red_Up","Yellow_Down","Green_Left","Blue_Left",-150,100,50,50,"Left"
9,1,26,"Red_Down","Yellow_Up","Green_Down","Blue_Up",100,100,50,50,"Up"
9,1,27,"Red_Right","Yellow_Up","Green_Down","Blue_Down",-150,100,50,-200,"Up"
9,1,28,"Red_Left","Yellow_Up","Green_Left","Blue_Down",100,100,50,50,"Left"
9,1,29,"Red_Down","Yellow_Up","Green_Up","Blue_Up",-150,100,50,50,"Right"
9,1,30,"Red_Right","Yellow_Right","Green_Right","Blue_Left",100,-1150,0,-200,"Up"
9,1,31,"Red_Down","Yellow_Right","Green_Up","Blue_Right",-150,100,50,-200,"Up"
9,1,32,"Red_Up","Yellow_Right","Green_Left","Blue_Down",100,100,50,50,"Up"
9,1,33,"Red_Left","Yellow_Up","Green_Down","Blue_Down",100,-1150,50,50,"Down"
9,1,34,"Red_Left","Yellow_Right","Green_Left","Blue_Left",-150,100,0,50,"Up"
9,1,35,"Red_Left","Yellow_Down","Green_Down","Blue_Left",100,100,0,50,"Down"
9,1,36,"Red_Right","Yellow_Left","Green_Down","Blue_Right",-150,100,0,50,"Left"
9,1,37,"Red_Left","Yellow_Up","Green_Down","Blue_Left",100,100,50,50,"Up"
9,1,38,"Red_Up","Yellow_Down","Green_Left","Blue_Up",100,100,50,50,"Right"
9,1,39,"Red_Down","Yellow_Left","Green_Down","Blue_Up",100,100,0,50,"Right"
9,1,40,"Red_Left","Yellow_Right","Green_Up","Blue_Up",-150,100,0,50,"Left"
9,1,41,"Red_Down","Yellow_Left","Green_Right","Blue_Right",100,100,50,50,"Up"
9,1,42,"Red_Right","Yellow_Down","Green_Up","Blue_Left",100,100,0,50,"Left"
9,1,43,"Red_Right","Yellow_Left","Green_Right","Blue_Right",-150,100,50,50,"Left"
9,1,44,"Red_Left","Yellow_Up","Green_Down","Blue_Up",-150,100,50,50,"Down"
9,1,45,"Red_Left","Yellow_Left","Green_Right","Blue_Right",100,100,0,50,"Up"
9,1,46,"Red_Down","Yellow_Left","Green_Down","Blue_Down",100,100,0,50,"Left"
9,1,47,"Red_Right","Yellow_Right","Green_Down","Blue_Down",-150,100,0,50,"Left"
9,1,48,"Red_Left","Yellow_Up","Green_Up","Blue_Right",100,100,0,50,"Right"
9,1,49,"Red_Left","Yellow_Up","Green_Up","Blue_Right",100,100,0,50,"Up"
9,1,50,"Red_Left","Yellow_Up","Green_Left","Blue_Left",100,100,50,50,"Down"
9,2,1,"Red_Right","Yellow_Up","Green_Right","Blue_Right",100,-1150,0,50,"Down"
9,2,2,"Red_Left","Yellow_Down","Green_Left","Blue_Right",100,100,50,-200,"Right"
9,2,3,"Red_Down","Yellow_Left","Green_Up","Blue_Up",100,100,50,50,"Down"
9,2,4,"Red_Up","Yellow_Left","Green_Down","Blue_Down",-150,100,50,50,"Right"
9,2,5,"Red_Up","Yellow_Up","Green_Down","Blue_Up",100,100,50,50,"Left"
9,2,6,"Red_Right","Yellow_Right","Green_Right","Blue_Up",-150,100,0,50,"Right"
9,2,7,"Red_Right","Yellow_Right","Green_Up","Blue_Left",-150,100,0,50,"Left"
9,2,8,"Red_Left","Yellow_Down","Green_Left","Blue_Right",100,100,50,50,"Right"
9,2,9,"Red_Up","Yellow_Down","Green_Up","Blue_Down",-150,-1150,50,50,"Left"
9,2,10,"Red_Down","Yellow_Down","Green_Right","Blue_Up",100,100,0,50,"Right"
9,2,11,"Red_Left","Yellow_Left","Green_Up","Blue_Right",100,100,0,50,"Up"
9,2,12,"Red_Down","Yellow_Right","Green_Left","Blue_Left",100,100,0,50,"Right"
9,2,13,"Red_Left","Yellow_Down","Green_Down","Blue_Left",-150,100,50,50,"Down"
9,2,14,"Red_Left","Yellow_Up","Green_Left","Blue_Right",100,100,50,50,"Down"
9,2,15,"Red_Up","Yellow_Right","Green_Left","Blue_Right",100,100,0,50,"Up"
9,2,16,"Red_Left","Yellow_Left","Green_Up","Blue_Right",100,100,50,50,"Up"
9,2,17,"Red_Down","Yellow_Up","Green_Up","Blue_Left",-150,100,50,50,"Up"
9,2,18,"Red_Right","Yellow_Down","Green_Down","Blue_Right",100,100,0,50,"Down"
9,2,19,"Red_Up","Yellow_Right","Green_Down","Blue_Left",-150,-1150,50,50,"Left"
9,2,20,"Red_Right","Yellow_Right","Green_Left","Blue_Right",-150,100,50,50,"Left"
9,2,21,"Red_Down","Yellow_Right","Green_Right","Blue_Right",-150,100,0,50,"Left"
9,2,22,"Red_Down","Yellow_Up","Green_Down","Blue_Right",-150,100,0,50,"Right"
9,2,23,"Red_Left","Yellow_Down","Green_Up","Blue_Right",100,100,0,50,"Left"
9,2,24,"Red_Right","Yellow_Right","Green_Down","Blue_Left",100,100,0,50,"Up"
9,2,25,"Red_Up","Yellow_Left","Green_Down","Blue_Up",100,-1150,50,-200,"Up"
9,2,26,"Red_Right","Yellow_Up","Green_Down","Blue_Right",-150,-1150,50,50,"Left"
9,2,27,"Red_Right","Yellow_Up","Green_Left","Blue_Left",-150,100,50,50,"Up"
9,2,28,"Red_Right","Yellow_Down","Green_Up","Blue_Right",100,100,50,50,"Right"
9,2,29,"Red_Left","Yellow_Right","Green_Up","Blue_Down",-150,100,50,50,"Up"
9,2,30,"Red_Left","Yellow_Down","Green_Down","Blue_Right",-150,100,0,50,"Right"
9,2,31,"Red_Right","Yellow_Up","Green_Up","Blue_Up",-150,100,50,50,"Up"
9,2,32,"Red_Up","Yellow_Right","Green_Down","Blue_Up",-150,100,0,50,"Right"
9,2,33,"Red_Down","Yellow_Up","Green_Down","Blue_Left",-150,100,0,50,"Right"
9,2,34,"Red_Down","Yellow_Left","Green_Right","Blue_Up",100,100,0,50,"Right"
9,2,35,"Red_Left","Yellow_Left","Green_Left","Blue_Down",-150,100,50,50,"Left"
9,2,36,"Red_Left","Yellow_Left","Green_Down","Blue_Down",100,100,50,50,"Left"
9,2,37,"Red_Right","Yellow_Up","Green_Up","Blue_Down",100,100,50,-200,"Right"
9,2,38,"Red_Down","Yellow_Down","Green_Right","Blue_Up",-150,100,0,50,"Right"
9,2,39,"Red_Down","Yellow_Down","Green_Left","Blue_Right",-150,100,0,50,"Right"
9,2,40,"Red_Up","Yellow_Left","Green_Left","Blue_Right",100,100,0,50,"Down"
9,2,41,"Red_Up","Yellow_Up","Green_Left","Blue_Down",100,100,0,50,"Left"
9,2,42,"Red_Right","Yellow_Right","Green_Left","Blue_Down",100,100,0,-200,"Down"
9,2,43,"Red_Right","Yellow_Up","Green_Down","Blue_Right",-150,100,50,50,"Right"
9,2,44,"Red_Right","Yellow_Down","Green_Up","Blue_Down",100,100,0,50,"Right"
9,2,45,"Red_Down","Yellow_Up","Green_Down","Blue_Up",100,100,0,50,"Right"
9,2,46,"Red_Left","Yellow_Right","Green_Down","Blue_Right",-150,100,0,50,"Right"
9,2,47,"Red_Right","Yellow_Up","Green_Right","Blue_Up",-150,100,0,50,"Down"
9,2,48,"Red_Left","Yellow_Up","Green_Left","Blue_Right",100,100,50,50,"Down"
9,2,49,"Red_Right","Yellow_Up","Green_Right","Blue_Up",-150,100,50,50,"Down"
9,2,50,"Red_Down","Yellow_Right","Green_Left","Blue_Left",-150,100,50,-200,"Left"
9,3,1,"Red_Up","Yellow_Left","Green_Up","Blue_Up",100,100,0,50,"Down"
9,3,2,"Red_Up","Yellow_Left","Green_Left","Blue_Down",-150,100,50,50,"Right"
9,3,3,"Red_Down","Yellow_Down","Green_Right","Blue_Down",-150,100,0,50,"Right"
9,3,4,"Red_Right","Yellow_Left","Green_Left","Blue_Left",100,100,50,50,"Left"
9,3,5,"Red_Left","Yellow_Left","Green_Right","Blue_Down",100,-1150,50,-200,"Right"
9,3,6,"Red_Left","Yellow_Left","Green_Up","Blue_Down",100,100,0,-200,"Down"
9,3,7,"Red_Down","Yellow_Left","Green_Down","Blue_Left",-150,100,50,50,"Up"
9,3,8,"Red_Left","Yellow_Down","Green_Up","Blue_Right",-150,-1150,50,50,"Up"
9,3,9,"Red_Up","Yellow_Right","Green_Right","Blue_Right",100,100,0,50,"Left"
9,3,10,"Red_Right","Yellow_Down","Green_Down","Blue_Up",100,100,50,50,"Up"
9,3,11,"Red_Down","Yellow_Up","Green_Up","Blue_Left",-150,100,50,50,"Down"
9,3,12,"Red_Left","Yellow_Right","Green_Left","Blue_Right",-150,100,50,-200,"Down"
9,3,13,"Red_Right","Yellow_Right","Green_Up","Blue_Right",-150,100,50,50,"Down"
9,3,14,"Red_Up","Yellow_Left","Green_Down","Blue_Up",-150,100,50,50,"Up"
9,3,15,"Red_Left","Yellow_Down","Green_Left","Blue_Right",100,100,0,50,"Left"
9,3,16,"Red_Up","Yellow_Left","Green_Right","Blue_Down",100,100,0,50,"Right"
9,3,17,"Red_Down","Yellow_Left","Green_Left","Blue_Left",100,100,50,50,"Left"
9,3,18,"Red_Up","Yellow_Left","Green_Up","Blue_Up",100,100,50,50,"Down"
9,3,19,"Red_Down","Yellow_Right","Green_Right","Blue_Down",100,100,50,50,"Down"
9,3,20,"Red_Up","Yellow_Right","Green_Up","Blue_Left",100,100,0,50,"Down"
9,3,21,"Red_Left","Yellow_Right","Green_Down","Blue_Down",100,100,50,50,"Right"
9,3,22,"Red_Left","Yellow_Down","Green_Right","Blue_Down",-150,100,0,50,"Left"
9,3,23,"Red_Left","Yellow_Down","Green_Down","Blue_Down",-150,100,50,50,"Up"
9,3,24,"Red_Up","Yellow_Down","Green_Left","Blue_Right",100,100,0,50,"Down"
9,3,25,"Red_Down","Yellow_Down","Green_Left","Blue_Down",-150,100,0,50,"Left"
9,3,26,"Red_Up","Yellow_Up","Green_Left","Blue_Up",-150,100,50,50,"Up"
9,3,27,"Red_Down","Yellow_Left","Green_Right","Blue_Up",-150,100,50,50,"Right"
9,3,28,"Red_Up","Yellow_Down","Green_Up","Blue_Left",100,100,50,50,"Left"
9,3,29,"Red_Left","Yellow_Left","Green_Left","Blue_Left",100,100,0,50,"Left"
9,3,30,"Red_Up","Yellow_Down","Green_Right","Blue_Right",-150,100,50,50,"Down"
9,3,31,"Red_Up","Yellow_Down","Green_Right","Blue_Up",-150,100,50,50,"Left"
9,3,32,"Red_Right","Yellow_Right","Green_Down","Blue_Up",100,100,50,50,"Right"
9,3,33,"Red_Up","Yellow_Down","Green_Left","Blue_Right",100,-1150,0,50,"Left"
9,3,34,"Red_Right","Yellow_Up","Green_Right","Blue_Right",-150,100,0,50,"Down"
9,3,35,"Red_Down","Yellow_Up","Green_Down","Blue_Right",-150,100,50,50,"Right"
9,3,36,"Red_Down","Yellow_Left","Green_Up","Blue_Left",-150,100,0,50,"Up"
9,3,37,"Red_Left","Yellow_Up","Green_Right","Blue_Up",100,100,0,50,"Up"
9,3,38,"Red_Right","Yellow_Down","Green_Right","Blue_Down",100,100,50,-200,"Right"
9,3,39,"Red_Down","Yellow_Left","Green_Right","Blue_Down",100,100,0,50,"Left"
9,3,40,"Red_Down","Yellow_Down","Green_Down","Blue_Left",-150,100,0,50,"Up"
9,3,41,"Red_Down","Yellow_Down","Green_Up","Blue_Right",-150,-1150,0,50,"Left"
9,3,42,"Red_Right","Yellow_Up","Green_Right","Blue_Up",-150,100,0,50,"Left"
9,3,43,"Red_Left","Yellow_Right","Green_Left","Blue_Up",100,100,0,50,"Down"
9,3,44,"Red_Down","Yellow_Left","Green_Left","Blue_Up",100,100,0,50,"Left"
9,3,45,"Red_Right","Yellow_Right","Green_Left","Blue_Left",-150,100,0,50,"Right"
9,3,46,"Red_Up","Yellow_Down","Green_Down","Blue_Left",-150,100,0,50,"Up"
9,3,47,"Red_Right","Yellow_Left","Green_Right","Blue_Down",100,-1150,0,-200,"Up"
9,3,48,"Red_Right","Yellow_Right","Green_Up","Blue_Right",-150,100,50,50,"Up"
9,3,49,"Red_Up","Yellow_Down","Green_Right","Blue_Up",100,100,50,50,"Left"
9,3,50,"Red_Down","Yellow_Right","Green_Up","Blue_Left",-150,100,0,50,"Up"
9,4,1,"Red_Down","Yellow_Up","Green_Right","Blue_Left",-150,100,50,50,"Down"
9,4,2,"Red_Up","Yellow_Up","Green_Left","Blue_Up",100,100,0,50,"Up"
9,4,3,"Red_Up","Yellow_Right","Green_Right","Blue_Down",100,100,50,50,"Down"
9,4,4,"Red_Up","Yellow_Up","Green_Up","Blue_Left",-150,100,50,50,"Right"
9,4,5,"Red_Right","Yellow_Down","Green_Left","Blue_Up",100,100,50,50,"Up"
9,4,6,"Red_Up","Yellow_Down","Green_Right","Blue_Up",-150,-1150,50,50,"Right"
9,4,7,"Red_Right","Yellow_Up","Green_Down","Blue_Up",100,100,0,50,"Right"
9,4,8,"Red_Up","Yellow_Right","Green_Left","Blue_Left",-150,100,50,50,"Down"
9,4,9,"Red_Down","Yellow_Right","Green_Right","Blue_Left",-150,100,50,-200,"Down"
9,4,10,"Red_Up","Yellow_Right","Green_Up","Blue_Down",100,100,50,50,"Down"
9,4,11,"Red_Right","Yellow_Down","Green_Down","Blue_Left",-150,100,50,50,"Right"
9,4,12,"Red_Up","Yellow_Down","Green_Left","Blue_Right",-150,100,50,-200,"Left"
9,4,13,"Red_Left","Yellow_Down","Green_Down","Blue_Up",-150,100,0,50,"Left"
9,4,14,"Red_Left","Yellow_Right","Green_Right","Blue_Right",-150,100,0,50,"Down"
9,4,15,"Red_Right","Yellow_Left","Green_Right","Blue_Down",100,100,0,50,"Right"
9,4,16,"Red_Right","Yellow_Down","Green_Up","Blue_Right",100,100,0,50,"Down"
9,4,17,"Red_Right","Yellow_Left","Green_Left","Blue_Down",-150,100,0,50,"Down"
9,4,18,"Red_Up","Yellow_Left","Green_Right","Blue_Right",100,-1150,0,50,"Right"
9,4,19,"Red_Right","Yellow_Left","Green_Down","Blue_Up",-150,-1150,50,-200,"Left"
9,4,20,"Red_Right","Yellow_Up","Green_Right","Blue_Down",100,100,50,50,"Up"
9,4,21,"Red_Up","Yellow_Up","Green_Down","Blue_Down",100,100,50,50,"Left"
9,4,22,"Red_Down","Yellow_Left","Green_Right","Blue_Down",-150,100,0,50,"Right"
9,4,23,"Red_Right","Yellow_Left","Green_Down","Blue_Up",-150,100,0,50,"Up"
9,4,24,"Red_Right","Yellow_Right","Green_Left","Blue_Right",100,100,0,-200,"Down"
9,4,25,"Red_Right","Yellow_Down","Green_Up","Blue_Down",-150,100,50,-200,"Left"
9,4,26,"Red_Up","Yellow_Up","Green_Down","Blue_Left",-150,100,0,50,"Down"
9,4,27,"Red_Up","Yellow_Right","Green_Right","Blue_Right",100,100,50,50,"Down"
9,4,28,"Red_Up","Yellow_Left","Green_Up","Blue_Up",100,100,0,50,"Up"
9,4,29,"Red_Right","Yellow_Down","Green_Up","Blue_Right",100,100,0,50,"Down"
9,4,30,"Red_Left","Yellow_Up","Green_Up","Blue_Down",100,100,50,50,"Right"
9,4,31,"Red_Right","Yellow_Up","Green_Up","Blue_Right",-150,100,0,50,"Right"
9,4,32,"Red_Right","Yellow_Up","Green_Up","Blue_Right",-150,100,50,50,"Left"
9,4,33,"Red_Left","Yellow_Left","Green_Left","Blue_Right",-150,100,50,50,"Right"
9,4,34,"Red_Left","Yellow_Left","Green_Up","Blue_Right",-150,100,0,50,"Down"
9,4,35,"Red_Up","Yellow_Left","Green_Up","Blue_Up",100,-1150,50,50,"Left"
9,4,36,"Red_Up","Yellow_Down","Green_Right","Blue_Down",-150,100,0,50,"Left"
9,4,37,"Red_Left","Yellow_Down","Green_Right","Blue_Up",-150,100,50,50,"Right"
9,4,38,"Red_Right","Yellow_Left","Green_Up","Blue_Up",100,100,0,50,"Down"
9,4,39,"Red_Down","Yellow_Down","Green_Up","Blue_Left",100,100,50,50,"Up"
9,4,40,"Red_Right","Yellow_Up","Green_Left","Blue_Right",-150,100,0,50,"Up"
9,4,41,"Red_Left","Yellow_Right","Green_Down","Blue_Up",100,-1150,50,50,"Down"
9,4,42,"Red_Up","Yellow_Down","Green_Right","Blue_Down",100,100,0,50,"Left"
9,4,43,"Red_Right","Yellow_Down","Green_Down","Blue_Up",-150,100,0,50,"Down"
9,4,44,"Red_Up","Yellow_Up","Green_Up","Blue_Down",100,100,0,50,"Up"
9,4,45,"Red_Up","Yellow_Right","Green_Right","Blue_Up",100,100,50,50,"Left"
9,4,46,"Red_Right","Yellow_Right","Green_Right","Blue_Up",-150,100,0,50,"Up"
9,4,47,"Red_Up","Yellow_Right","Green_Right","Blue_Down",100,100,50,50,"Up"
9,4,48,"Red_Down","Yellow_Up","Green_Right","Blue_Up",100,100,0,50,"Left"
9,4,49,"Red_Right","Yellow_Left","Green_Down","Blue_Down",100,100,0,50,"Up"
9,4,50,"Red_Left","Yellow_Down","Green_Right","Blue_Up",-150,100,50,50,"Right"
9,5,1,"Red_Down","Yellow_Left","Green_Down","Blue_Down",-150,100,0,50,"Down"
9,5,2,"Red_Left","Yellow_Up","Green_Up","Blue_Right",100,100,0,50,"Right"
9,5,3,"Red_Up","Yellow_Left","Green_Left","Blue_Up",-150,100,50,50,"Left"
9,5,4,"Red_Left","Yellow_Up","Green_Up","Blue_Right",-150,100,0,50,"Right"
9,5,5,"Red_Down","Yellow_Left","Green_Up","Blue_Left",-150,100,0,-200,"Left"
9,5,6,"Red_Left","Yellow_Right","Green_Right","Blue_Left",100,100,0,50,"Left"
9,5,7,"Red_Down","Yellow_Right","Green_Up","Blue_Down",-150,100,50,50,"Left"
9,5,8,"Red_Left","Yellow_Left","Green_Left","Blue_Right",-150,100,50,50,"Left"
9,5,9,"Red_Up","Yellow_Right","Green_Up","Blue_Down",100,100,0,50,"Down"
9,5,10,"Red_Right","Yellow_Up","Green_Down","Blue_Right",100,100,0,50,"Up"
9,5,11,"Red_Right","Yellow_Down","Green_Down","Blue_Up",100,100,50,50,"Left"
9,5,12,"Red_Down","Yellow_Left","Green_Left","Blue_Down",100,100,50,-200,"Down"
9,5,13,"Red_Right","Yellow_Right","Green_Down","Blue_Down",100,100,0,50,"Up"
9,5,14,"Red_Left","Yellow_Left","Green_Up","Blue_Down",100,100,50,50,"Up"
9,5,15,"Red_Right","Yellow_Up","Green_Left","Blue_Left",100,100,50,50,"Left"
9,5,16,"Red_Up","Yellow_Right","Green_Down","Blue_Left",-150,100,50,50,"Down"
9,5,17,"Red_Left","Yellow_Left","Green_Up","Blue_Left",-150,100,50,-200,"Down"
9,5,18,"Red_Up","Yellow_Left","Green_Right","Blue_Right",-150,-1150,0,50,"Right"
9,5,19,"Red_Down","Yellow_Right","Green_Left","Blue_Left",-150,100,0,50,"Down"
9,5,20,"Red_Down","Yellow_Right","Green_Up","Blue_Up",-150,100,50,50,"Down"
9,5,21,"Red_Down","Yellow_Up","Green_Up","Blue_Left",100,100,50,50,"Down"
9,5,22,"Red_Right","Yellow_Up","Green_Right","Blue_Left",100,100,0,50,"Up"
9,5,23,"Red_Down","Yellow_Down","Green_Left","Blue_Down",-150,100,0,50,"Right"
9,5,24,"Red_Right","Yellow_Down","Green_Up","Blue_Right",100,100,0,50,"Right"
9,5,25,"Red_Left","Yellow_Left","Green_Down","Blue_Down",100,100,0,-200,"Left"
9,5,26,"Red_Left","Yellow_Left","Green_Up","Blue_Down",-150,100,50,50,"Left"
9,5,27,"Red_Up","Yellow_Left","Green_Left","Blue_Down",-150,100,50,50,"Left"
9,5,28,"Red_Right","Yellow_Down","Green_Down","Blue_Left",-150,100,0,50,"Down"
9,5,29,"Red_Up","Yellow_Right","Green_Down","Blue_Down",-150,100,50,50,"Left"
9,5,30,"Red_Down","Yellow_Down","Green_Up","Blue_Right",-150,100,50,-200,"Down"
9,5,31,"Red_Left","Yellow_Down","Green_Down","Blue_Left",100,100,50,50,"Up"
9,5,32,"Red_Right","Yellow_Left","Green_Left","Blue_Left",100,100,50,50,"Up"
9,5,33,"Red_Left","Yellow_Right","Green_Right","Blue_Right",-150,100,50,50,"Right"
9,5,34,"Red_Down","Yellow_Down","Green_Left","Blue_Right",-150,100,0,50,"Left"
9,5,35,"Red_Right","Yellow_Left","Green_Up","Blue_Down",-150,-1150,0,50,"Left"
9,5,36,"Red_Right","Yellow_Left","Green_Up","Blue_Up",100,100,0,50,"Right"
9,5,37,"Red_Left","Yellow_Down","Green_Right","Blue_Left",-150,100,0,50,"Right"
9,5,38,"Red_Left","Yellow_Up","Green_Left","Blue_Up",100,100,0,50,"Left"
9,5,39,"Red_Up","Yellow_Down","Green_Up","Blue_Up",-150,100,50,50,"Down"
9,5,40,"Red_Left","Yellow_Left","Green_Right","Blue_Up",100,100,50,50,"Up"
9,5,41,"Red_Up","Yellow_Down","Green_Down","Blue_Right",-150,-1150,50,50,"Up"
9,5,42,"Red_Up","Yellow_Up","Green_Up","Blue_Up",100,100,0,50,"Up"
9,5,43,"Red_Right","Yellow_Left","Green_Right","Blue_Up",100,100,0,50,"Up"
9,5,44,"Red_Left","Yellow_Down","Green_Right","Blue_Down",100,100,50,50,"Up"
9,5,45,"Red_Down","Yellow_Up","Green_Right","Blue_Right",100,100,0,50,"Right"
9,5,46,"Red_Right","Yellow_Right","Green_Right","Blue_Right",-150,100,0,50,"Right"
9,5,47,"Red_Up","Yellow_Up","Green_Up","Blue_Left",100,-1150,50,50,"Down"
9,5,48,"Red_Down","Yellow_Left","Green_Left","Blue_Left",100,100,50,50,"Up"
9,5,49,"Red_Down","Yellow_Left","Green_Left","Blue_Up",-150,-1150,0,50,"Down"
9,5,50,"Red_Left","Yellow_Down","Green_Left","Blue_Up",100,100,50,50,"Down"
9,6,1,"Red_Down","Yellow_Up","Green_Up","Blue_Right",-150,100,50,50,"Left"
9,6,2,"Red_Down","Yellow_Right","Green_Down","Blue_Down",-150,100,50,50,"Up"
9,6,3,"Red_Right","Yellow_Left","Green_Left","Blue_Left",100,100,0,50,"Left"
9,6,4,"Red_Left","Yellow_Right","Green_Down","Blue_Left",-150,100,0,50,"Left"
9,6,5,"Red_Up","Yellow_Left","Green_Right","Blue_Left",100,100,0,-200,"Up"
9,6,6,"Red_Up","Yellow_Right","Green_Down","Blue_Left",-150,100,50,50,"Down"
9,6,7,"Red_Right","Yellow_Up","Green_Down","Blue_Right",-150,100,0,50,"Right"
9,6,8,"Red_Left","Yellow_Up","Green_Right","Blue_Right",100,100,50,50,"Left"
9,6,9,"Red_Up","Yellow_Down","Green_Right","Blue_Right",-150,-1150,0,50,"Down"
9,6,10,"Red_Down","Yellow_Right","Green_Right","Blue_Left",-150,-1150,50,50,"Up"
9,6,11,"Red_Up","Yellow_Up","Green_Right","Blue_Right",100,100,0,50,"Left"
9,6,12,"Red_Down","Yellow_Left","Green_Down","Blue_Right",-150,100,50,-200,"Down"
9,6,13,"Red_Up","Yellow_Down","Green_Up","Blue_Up",100,100,50,50,"Up"
9,6,14,"Red_Up","Yellow_Right","Green_Down","Blue_Down",100,100,0,50,"Left"
9,6,15,"Red_Left","Yellow_Down","Green_Up","Blue_Right",100,-1150,0,-200,"Up"
9,6,16,"Red_Down","Yellow_Down","Green_Left","Blue_Right",-150,100,50,50,"Down"
9,6,17,"Red_Right","Yellow_Left","Green_Up","Blue_Right",100,100,50,50,"Down"
9,6,18,"Red_Down","Yellow_Down","Green_Down","Blue_Left",100,100,0,50,"Right"
9,6,19,"Red_Down","Yellow_Left","Green_Up","Blue_Down",-150,100,0,50,"Right"
9,6,20,"Red_Right","Yellow_Up","Green_Down","Blue_Down",-150,100,50,50,"Right"
9,6,21,"Red_Up","Yellow_Up","Green_Right","Blue_Down",100,100,0,50,"Right"
9,6,22,"Red_Up","Yellow_Right","Green_Up","Blue_Down",100,-1150,0,50,"Up"
9,6,23,"Red_Down","Yellow_Left","Green_Left","Blue_Up",-150,100,50,50,"Right"
9,6,24,"Red_Right","Yellow_Right","Green_Right","Blue_Up",100,100,0,50,"Right"
9,6,25,"Red_Right","Yellow_Up","Green_Left","Blue_Right",100,100,50,50,"Left"
9,6,26,"Red_Down","Yellow_Down","Green_Right","Blue_Down",100,100,50,-200,"Up"
9,6,27,"Red_Left","Yellow_Right","Green_Up","Blue_Up",-150,100,50,50,"Left"
9,6,28,"Red_Left","Yellow_Down","Green_Down","Blue_Down",-150,100,0,50,"Down"
9,6,29,"Red_Down","Yellow_Down","Green_Down","Blue_Right",100,100,0,50,"Left"
9,6,30,"Red_Right","Yellow_Right","Green_Right","Blue_Up",-150,100,50,50,"Left"
9,6,31,"Red_Down","Yellow_Up","Green_Right","Blue_Left",100,100,0,50,"Left"
9,6,32,"Red_Up","Yellow_Down","Green_Down","Blue_Right",-150,100,50,50,"Up"
9,6,33,"Red_Left","Yellow_Up","Green_Up","Blue_Down",-150,100,0,50,"Right"
9,6,34,"Red_Down","Yellow_Up","Green_Down","Blue_Up",100,100,50,50,"Up"
9,6,35,"Red_Up","Yellow_Left","Green_Right","Blue_Right",100,100,50,50,"Right"
9,6,36,"Red_Left","Yellow_Up","Green_Down","Blue_Left",100,100,50,50,"Up"
9,6,37,"Red_Down","Yellow_Down","Green_Down","Blue_Down",-150,100,50,-200,"Right"
9,6,38,"Red_Up","Yellow_Right","Green_Left","Blue_Left",100,100,0,50,"Up"
9,6,39,"Red_Left","Yellow_Right","Green_Left","Blue_Up",100,100,0,50,"Down"
9,6,40,"Red_Left","Yellow_Right","Green_Right","Blue_Up",-150,100,0,50,"Down"
9,6,41,"Red_Down","Yellow_Right","Green_Up","Blue_Down",-150,100,50,50,"Up"
9,6,42,"Red_Up","Yellow_Right","Green_Up","Blue_Up",100,100,0,50,"Right"
9,6,43,"Red_Down","Yellow_Right","Green_Right","Blue_Right",-150,100,50,50,"Up"
9,6,44,"Red_Up","Yellow_Up","Green_Left","Blue_Down",-150,100,0,50,"Right"
9,6,45,"Red_Left","Yellow_Right","Green_Left","Blue_Right",-150,100,50,50,"Down"
9,6,46,"Red_Left","Yellow_Left","Green_Down","Blue_Left",100,100,0,50,"Up"
9,6,47,"Red_Right","Yellow_Left","Green_Right","Blue_Up",-150,100,0,50,"Left"
9,6,48,"Red_Up","Yellow_Left","Green_Left","Blue_Right",-150,100,50,50,"Down"
9,6,49,"Red_Up","Yellow_Right","Green_Up","Blue_Down",100,-1150,0,50,"Up"
9,6,50,"Red_Up","Yellow_Left","Green_Left","Blue_Right",100,100,50,50,"Up"
10,1,1,"Red_Left","Yellow_Left","Green_Left","Blue_Down",-150,100,50,50,"Down"
10,1,2,"Red_Right","Yellow_Left","Green_Up","Blue_Up",-150,100,0,-200,"Up"
10,1,3,"Red_Left","Yellow_Left","Green_Left","Blue_Left",100,-1150,50,50,"Left"
10,1,4,"Red_Down","Yellow_Right","Green_Up","Blue_Up",100,100,0,50,"Left"
10,1,5,"Red_Left","Yellow_Up","Green_Right","Blue_Down",100,100,50,-200,"Right"
10,1,6,"Red_Up","Yellow_Right","Green_Right","Blue_Left",100,-1150,0,50,"Right"
10,1,7,"Red_Down","Yellow_Down","Green_Up","Blue_Down",100,100,50,50,"Up"
10,1,8,"Red_Down","Yellow_Up","Green_Right","Blue_Left",-150,100,0,50,"Left"
10,1,9,"Red_Right","Yellow_Down","Green_Left","Blue_Right",-150,100,0,50,"Right"
10,1,10,"Red_Right","Yellow_Up","Green_Up","Blue_Up",100,100,50,50,"Right"
10,1,11,"Red_Right","Yellow_Up","Green_Right","Blue_Down",100,100,50,50,"Up"
10,1,12,"Red_Up","Yellow_Down","Green_Up","Blue_Down",100,100,0,50,"Left"
10,1,13,"Red_Left","Yellow_Up","Green_Down","Blue_Right",100,100,50,50,"Left"
10,1,14,"Red_Up","Yellow_Right","Green_Up","Blue_Left",-150,100,0,50,"Down"
10,1,15,"Red_Up","Yellow_Up","Green_Down","Blue_Down",100,100,50,50,"Down"
10,1,16,"Red_Right","Yellow_Down","Green_Left","Blue_Up",-150,100,0,50,"Down"
10,1,17,"Red_Left","Yellow_Up","Green_Up","Blue_Left",100,100,50,50,"Right"
10,1,18,"Red_Up","Yellow_Up","Green_Down","Blue_Right",-150,100,50,50,"Right"
10,1,19,"Red_Up","Yellow_Left","Green_Right","Blue_Left",-150,100,50,50,"Left"
10,1,20,"Red_Right","Yellow_Down","Green_Up","Blue_Left",100,100,0,50,"Left"
10,1,21,"Red_Right","Yellow_Down","Green_Left","Blue_Down",100,100,0,-200,"Left"
10,1,22,"Red_Down","Yellow_Right","Green_Up","Blue_Right",100,-1150,0,50,"Up"
10,1,23,"Red_Right","Yellow_Right","Green_Up","Blue_Right",-150,100,0,50,"Left"
10,1,24,"Red_Up","Yellow_Right","Green_Left","Blue_Down",100,100,0,50,"Down"
10,1,25,"Red_Right","Yellow_Right","Green_Right","Blue_Left",-150,100,0,50,"Up"
10,1,26,"Red_Left","Yellow_Right","Green_Down","Blue_Down",-150,100,0,50,"Right"
10,1,27,"Red_Down","Yellow_Right","Green_Right","Blue_Left",-150,100,50,50,"Left"
10,1,28,"Red_Down","Yellow_Down","Green_Down","Blue_Up",-150,100,50,50,"Right"
10,1,29,"Red_Up","Yellow_Down","Green_Left","Blue_Down",-150,100,50,50,"Right"
10,1,30,"Red_Down","Yellow_Left","Green_Up","Blue_Left",-150,100,50,-200,"Up"
10,1,31,"Red_Up","Yellow_Left","Green_Right","Blue_Up",100,100,50,50,"Right"
10,1,32,"Red_Left","Yellow_Right","Green_Right","Blue_Down",100,100,0,50,"Left"
10,1,33,"Red_Left","Yellow_Down","Green_Down","Blue_Right",100,100,50,50,"Left"
10,1,34,"Red_Right","Yellow_Right","Green_Right","Blue_Down",-150,100,0,50,"Up"
10,1,35,"Red_Up","Yellow_Right","Green_Right","Blue_Right",100,100,0,50,"Up"
10,1,36,"Red_Down","Yellow_Right","Green_Right","Blue_Down",100,-1150,0,50,"Right"
10,1,37,"Red_Left","Yellow_Up","Green_Down","Blue_Up",-150,100,0,50,"Up"
10,1,38,"Red_Left","Yellow_Right","Green_Down","Blue_Down",100,100,0,50,"Right"
10,1,39,"Red_Down","Yellow_Left","Green_Right","Blue_Left",100,100,50,50,"Up"
10,1,40,"Red_Up","Yellow_Up","Green_Left","Blue_Down",100,100,50,50,"Left"
10,1,41,"Red_Up","Yellow_Left","Green_Left","Blue_Down",-150,100,50,50,"Right"
10,1,42,"Red_Right","Yellow_Up","Green_Down","Blue_Right",-150,-1150,0,50,"Down"
10,1,43,"Red_Right","Yellow_Up","Green_Left","Blue_Left",-150,100,50,50,"Up"
10,1,44,"Red_Up","Yellow_Right","Green_Down","Blue_Right",-150,100,50,-200,"Down"
10,1,45,"Red_Right","Yellow_Up","Green_Right","Blue_Down",-150,100,50,50,"Up"
10,1,46,"Red_Right","Yellow_Up","Green_Up","Blue_Right",100,100,0,50,"Left"
10,1,47,"Red_Down","Yellow_Left","Green_Left","Blue_Up",-150,100,0,50,"Up"
10,1,48,"Red_Right","Yellow_Down","Green_Down","Blue_Up",-150,100,50,50,"Right"
10,1,49,"Red_Down","Yellow_Left","Green_Up","Blue_Right",-150,100,50,50,"Up"
10,1,50,"Red_Right","Yellow_Down","Green_Up","Blue_Down",100,100,0,50,"Right"
10,2,1,"Red_Left","Yellow_Down","Green_Up","Blue_Down",-150,100,0,50,"Down"
10,2,2,"Red_Left","Yellow_Up","Green_Left","Blue_Left",-150,-1150,50,-200,"Right"
10,2,3,"Red_Right","Yellow_Up","Green_Down","Blue_Up",100,100,50,50,"Right"
10,2,4,"Red_Up","Yellow_Down","Green_Up","Blue_Down",100,100,0,50,"Down"
10,2,5,"Red_Right","Yellow_Left","Green_Left","Blue_Left",-150,100,0,50,"Right"
10,2,6,"Red_Right","Yellow_Left","Green_Right","Blue_Right",100,100,0,50,"Up"
10,2,7,"Red_Right","Yellow_Left","Green_Down","Blue_Left",100,100,50,50,"Left"
10,2,8,"Red_Right","Yellow_Left","Green_Down","Blue_Right",-150,100,0,-200,"Right"
10,2,9,"Red_Right","Yellow_Up","Green_Up","Blue_Right",-150,-1150,0,50,"Left"
10,2,10,"Red_Left","Yellow_Right","Green_Left","Blue_Right",100,100,50,50,"Left"
10,2,11,"Red_Right","Yellow_Left","Green_Left","Blue_Left",-150,-1150,50,50,"Up"
10,2,12,"Red_Left","Yellow_Up","Green_Right","Blue_Right",-150,100,50,-200,"Left"
10,2,13,"Red_Right","Yellow_Right","Green_Up","Blue_Down",100,100,50,-200,"Right"
10,2,14,"Red_Right","Yellow_Right","Green_Down","Blue_Up",-150,100,0,50,"Up"
10,2,15,"Red_Left","Yellow_Up","Green_Left","Blue_Down",-150,100,50,50,"Down"
10,2,16,"Red_Right","Yellow_Up","Green_Right","Blue_Up",-150,100,0,50,"Up"
10,2,17,"Red_Right","Yellow_Right","Green_Left","Blue_Left",100,100,50,50,"Down"
10,2,18,"Red_Down","Yellow_Up","Green_Down","Blue_Right",100,100,0,50,"Up"
10,2,19,"Red_Right","Yellow_Up","Green_Right","Blue_Down",100,100,50,50,"Right"
10,2,20,"Red_Right","Yellow_Down","Green_Down","Blue_Down",100,100,50,50,"Left"
10,2,21,"Red_Left","Yellow_Right","Green_Right","Blue_Right",100,100,0,50,"Down"
10,2,22,"Red_Up","Yellow_Up","Green_Left","Blue_Up",100,100,50,50,"Down"
10,2,23,"Red_Up","Yellow_Right","Green_Right","Blue_Up",-150,100,0,50,"Right"
10,2,24,"Red_Right","Yellow_Down","Green_Down","Blue_Left",-150,100,50,50,"Down"
10,2,25,"Red_Right","Yellow_Right","Green_Up","Blue_Left",100,100,0,50,"Left"
10,2,26,"Red_Down","Yellow_Right","Green_Left","Blue_Right",-150,100,0,50,"Left"
10,2,27,"Red_Right","Yellow_Right","Green_Down","Blue_Left",-150,100,50,50,"Right"
10,2,28,"Red_Up","Yellow_Right","Green_Right","Blue_Right",100,100,0,50,"Right"
10,2,29,"Red_Right","Yellow_Left","Green_Up","Blue_Up",100,-1150,50,50,"Down"
10,2,30,"Red_Down","Yellow_Down","Green_Left","Blue_Down",100,100,0,50,"Left"
10,2,31,"Red_Up","Yellow_Left","Green_Right","Blue_Down",-150,-1150,50,50,"Down"
10,2,32,"Red_Right","Yellow_Down","Green_Right","Blue_Left",-150,100,0,50,"Left"
10,2,33,"Red_Down","Yellow_Up","Green_Left","Blue_Right",100,100,0,50,"Up"
10,2,34,"Red_Left","Yellow_Left","Green_Up","Blue_Right",100,100,0,-200,"Left"
10,2,35,"Red_Down","Yellow_Right","Green_Left","Blue_Down",100,100,0,50,"Up"
10,2,36,"Red_Left","Yellow_Left","Green_Right","Blue_Right",-150,100,50,50,"Up"
10,2,37,"Red_Right","Yellow_Left","Green_Up","Blue_Down",100,100,50,50,"Down"
10,2,38,"Red_Up","Yellow_Up","Green_Up","Blue_Down",-150,100,50,50,"Up"
10,2,39,"Red_Down","Yellow_Left","Green_Left","Blue_Up",-150,100,0,50,"Up"
10,2,40,"Red_Up","Yellow_Up","Green_Left","Blue_Left",100,100,50,50,"Down"
10,2,41,"Red_Right","Yellow_Left","Green_Left","Blue_Up",100,100,50,50,"Right"
10,2,42,"Red_Up","Yellow_Right","Green_Left","Blue_Right",-150,100,50,50,"Up"
10,2,43,"Red_Down","Yellow_Left","Green_Up","Blue_Down",100,100,50,50,"Left"
10,2,44,"Red_Up","Yellow_Up","Green_Left","Blue_Right",-150,100,0,50,"Right"
10,2,45,"Red_Left","Yellow_Left","Green_Left","Blue_Down",-150,100,0,50,"Down"
10,2,46,"Red_Up","Yellow_Up","Green_Left","Blue_Left",100,100,0,50,"Down"
10,2,47,"Red_Down","Yellow_Up","Green_Up","Blue_Right",-150,100,50,50,"Left"
10,2,48,"Red_Left","Yellow_Right","Green_Left","Blue_Left",-150,100,0,50,"Down"
10,2,49,"Red_Right","Yellow_Up","Green_Left","Blue_Up",-150,100,0,50,"Up"
10,2,50,"Red_Left","Yellow_Left","Green_Up","Blue_Right",100,100,50,50,"Left"
10,3,1,"Red_Right","Yellow_Left","Green_Right","Blue_Left",100,100,0,50,"Left"
10,3,2,"Red_Right","Yellow_Up","Green_Right","Blue_Down",-150,100,50,50,"Up"
10,3,3,"Red_Left","Yellow_Up","Green_Right","Blue_Up",-150,100,0,50,"Right"
10,3,4,"Red_Down","Yellow_Right","Green_Left","Blue_Down",100,-1150,0,50,"Right"
10,3,5,"Red_Down","Yellow_Up","Green_Right","Blue_Right",-150,100,0,50,"Up"
10,3,6,"Red_Left","Yellow_Left","Green_Up","Blue_Down",100,100,50,50,"Left"
10,3,7,"Red_Right","Yellow_Up","Green_Right","Blue_Right",100,100,0,50,"Right"
10,3,8,"Red_Down","Yellow_Down","Green_Right","Blue_Right",-150,100,0,50,"Right"
10,3,9,"Red_Down","Yellow_Right","Green_Up","Blue_Down",100,100,0,50,"Up"
10,3,10,"Red_Right","Yellow_Down","Green_Up","Blue_Up",-150,100,0,50,"Up"
10,3,11,"Red_Left","Yellow_Down","Green_Down","Blue_Down",-150,100,0,50,"Right"
10,3,12,"Red_Down","Yellow_Down","Green_Up","Blue_Left",100,100,50,50,"Up"
10,3,13,"Red_Up","Yellow_Right","Green_Left","Blue_Down",-150,-1150,50,50,"Left"
10,3,14,"Red_Down","Yellow_Up","Green_Up","Blue_Down",100,100,50,50,"Down"
10,3,15,"Red_Up","Yellow_Right","Green_Right","Blue_Up",100,100,50,50,"Up"
10,3,16,"Red_Down","Yellow_Right","Green_Right","Blue_Down",-150,100,50,50,"Up"
10,3,17,"Red_Right","Yellow_Down","Green_Right","Blue_Left",100,100,50,50,"Left"
10,3,18,"Red_Left","Yellow_Down","Green_Right","Blue_Up",-150,100,0,50,"Up"
10,3,19,"Red_Down","Yellow_Up","Green_Down","Blue_Up",100,100,50,50,"Up"
10,3,20,"Red_Right","Yellow_Left","Green_Right","Blue_Left",100,100,50,50,"Right"
10,3,21,"Red_Down","Yellow_Down","Green_Right","Blue_Up",-150,100,0,50,"Up"
10,3,22,"Red_Right","Yellow_Up","Green_Down","Blue_Left",-150,100,50,50,"Right"
10,3,23,"Red_Up","Yellow_Right","Green_Up","Blue_Down",-150,100,0,50,"Right"
10,3,24,"Red_Down","Yellow_Right","Green_Down","Blue_Right",-150,100,0,50,"Right"
10,3,25,"Red_Up","Yellow_Up","Green_Up","Blue_Right",-150,100,0,50,"Up"
10,3,26,"Red_Right","Yellow_Left","Green_Left","Blue_Down",-150,100,50,-200,"Right"
10,3,27,"Red_Down","Yellow_Right","Green_Up","Blue_Left",100,100,50,50,"Up"
10,3,28,"Red_Down","Yellow_Left","Green_Down","Blue_Up",100,100,50,-200,"Down"
10,3,29,"Red_Down","Yellow_Down","Green_Up","Blue_Left",-150,-1150,50,50,"Right"
10,3,30,"Red_Down","Yellow_Up","Green_Right","Blue_Down",100,100,50,50,"Left"
10,3,31,"Red_Left","Yellow_Right","Green_Down","Blue_Right",-150,100,0,50,"Left"
10,3,32,"Red_Up","Yellow_Down","Green_Down","Blue_Left",-150,100,50,50,"Up"
10,3,33,"Red_Down","Yellow_Up","Green_Right","Blue_Left",-150,-1150,0,50,"Right"
10,3,34,"Red_Up","Yellow_Up","Green_Right","Blue_Up",100,100,0,50,"Right"
10,3,35,"Red_Right","Yellow_Up","Green_Right","Blue_Left",100,100,50,50,"Up"
10,3,36,"Red_Up","Yellow_Right","Green_Right","Blue_Right",100,100,0,50,"Left"
10,3,37,"Red_Left","Yellow_Up","Green_Up","Blue_Down",-150,100,50,-200,"Down"
10,3,38,"Red_Down","Yellow_Down","Green_Down","Blue_Down",100,100,0,50,"Right"
10,3,39,"Red_Right","Yellow_Down","Green_Down","Blue_Left",-150,100,50,-200,"Up"
10,3,40,"Red_Up","Yellow_Down","Green_Down","Blue_Left",-150,100,0,50,"Left"
10,3,41,"Red_Down","Yellow_Left","Green_Left","Blue_Up",100,100,0,50,"Right"
10,3,42,"Red_Right","Yellow_Left","Green_Down","Blue_Down",-150,-1150,0,50,"Down"
10,3,43,"Red_Down","Yellow_Up","Green_Right","Blue_Left",100,100,0,50,"Down"
10,3,44,"Red_Down","Yellow_Up","Green_Up","Blue_Up",100,100,50,50,"Left"
10,3,45,"Red_Right","Yellow_Down","Green_Right","Blue_Right",100,100,0,50,"Down"
10,3,46,"Red_Down","Yellow_Right","Green_Down","Blue_Down",-150,100,50,50,"Right"
10,3,47,"Red_Left","Yellow_Left","Green_Right","Blue_Left",100,100,50,-200,"Up"
10,3,48,"Red_Down","Yellow_Down","Green_Left","Blue_Up",100,100,50,50,"Up"
10,3,49,"Red_Right","Yellow_Down","Green_Up","Blue_Up",-150,100,0,50,"Up"
10,3,50,"Red_Left","Yellow_Up","Green_Up","Blue_Right",100,100,50,50,"Up"
10,4,1,"Red_Up","Yellow_Up","Green_Left","Blue_Left",100,100,0,50,"Up"
10,4,2,"Red_Up","Yellow_Down","Green_Up","Blue_Right",-150,100,0,50,"Down"
10,4,3,"Red_Right","Yellow_Up","Green_Down","Blue_Right",-150,100,0,50,"Right"
10,4,4,"Red_Up","Yellow_Down","Green_Left","Blue_Down",-150,-1150,50,50,"Up"
10,4,5,"Red_Left","Yellow_Up","Green_Up","Blue_Left",-150,100,50,50,"Left"
10,4,6,"Red_Up","Yellow_Down","Green_Up","Blue_Down",-150,-1150,50,50,"Up"
10,4,7,"Red_Down","Yellow_Right","Green_Left","Blue_Left",-150,100,0,50,"Left"
10,4,8,"Red_Right","Yellow_Down","Green_Down","Blue_Up",-150,100,0,50,"Right"
10,4,9,"Red_Down","Yellow_Left","Green_Down","Blue_Right",-150,100,0,50,"Right"
10,4,10,"Red_Right","Yellow_Up","Green_Down","Blue_Up",100,100,50,50,"Down"
10,4,11,"Red_Left","Yellow_Up","Green_Right","Blue_Down",100,-1150,0,50,"Left"
10,4,12,"Red_Left","Yellow_Up","Green_Left","Blue_Right",-150,100,0,50,"Right"
10,4,13,"Red_Down","Yellow_Up","Green_Up","Blue_Left",100,100,50,50,"Up"
10,4,14,"Red_Up","Yellow_Left","Green_Left","Blue_Down",100,100,0,50,"Left"
10,4,15,"Red_Right","Yellow_Down","Green_Down","Blue_Left",100,100,50,50,"Down"
10,4,16,"Red_Right","Yellow_Left","Green_Left","Blue_Right",100,100,0,50,"Up"
10,4,17,"Red_Right","Yellow_Up","Green_Left","Blue_Right",-150,100,50,50,"Left"
10,4,18,"Red_Left","Yellow_Right","Green_Up","Blue_Right",100,100,50,50,"Down"
10,4,19,"Red_Left","Yellow_Up","Green_Down","Blue_Right",100,100,50,50,"Left"
10,4,20,"Red_Up","Yellow_Left","Green_Down","Blue_Right",100,100,0,50,"Left"
10,4,21,"Red_Left","Yellow_Up","Green_Down","Blue_Up",-150,100,50,50,"Down"
10,4,22,"Red_Down","Yellow_Right","Green_Right","Blue_Left",-150,100,0,50,"Up"
10,4,23,"Red_Right","Yellow_Right","Green_Down","Blue_Right",100,100,50,-200,"Right"
10,4,24,"Red_Up","Yellow_Left","Green_Left","Blue_Up",100,100,0,-200,"Up"
10,4,25,"Red_Down","Yellow_Left","Green_Down","Blue_Left",100,100,50,50,"Up"
10,4,26,"Red_Up","Yellow_Left","Green_Right","Blue_Left",-150,100,50,-200,"Down"
10,4,27,"Red_Right","Yellow_Left","Green_Down","Blue_Down",-150,100,50,50,"Right"
10,4,28,"Red_Right","Yellow_Up","Green_Down","Blue_Up",-150,100,50,50,"Up"
10,4,29,"Red_Up","Yellow_Up","Green_Down","Blue_Up",100,100,0,50,"Down"
10,4,30,"Red_Down","Yellow_Left","Green_Left","Blue_Right",-150,100,0,50,"Up"
10,4,31,"Red_Up","Yellow_Right","Green_Left","Blue_Left",100,-1150,50,50,"Down"
10,4,32,"Red_Left","Yellow_Down","Green_Right","Blue_Right",100,100,0,50,"Right"
10,4,33,"Red_Right","Yellow_Left","Green_Left","Blue_Left",-150,100,50,-200,"Left"
10,4,34,"Red_Right","Yellow_Left","Green_Left","Blue_Right",-150,100,0,50,"Left"
10,4,35,"Red_Down","Yellow_Left","Green_Up","Blue_Left",100,100,50,50,"Left"
10,4,36,"Red_Up","Yellow_Down","Green_Left","Blue_Right",-150,100,0,50,"Right"
10,4,37,"Red_Right","Yellow_Up","Green_Left","Blue_Up",100,100,0,50,"Up"
10,4,38,"Red_Right","Yellow_Up","Green_Left","Blue_Up",-150,100,0,50,"Up"
10,4,39,"Red_Right","Yellow_Up","Green_Up","Blue_Right",100,100,50,50,"Down"
10,4,40,"Red_Right","Yellow_Right","Green_Up","Blue_Right",-150,100,50,50,"Up"
10,4,41,"Red_Left","Yellow_Up","Green_Right","Blue_Right",100,100,0,50,"Down"
10,4,42,"Red_Down","Yellow_Right","Green_Down","Blue_Down",-150,100,0,50,"Up"
10,4,43,"Red_Up","Yellow_Down","Green_Left","Blue_Left",-150,100,50,50,"Up"
10,4,44,"Red_Left","Yellow_Right","Green_Up","Blue_Down",100,100,50,50,"Up"
10,4,45,"Red_Right","Yellow_Right","Green_Down","Blue_Down",100,100,50,50,"Down"
10,4,46,"Red_Down","Yellow_Up","Green_Right","Blue_Left",-150,100,0,50,"Down"
10,4,47,"Red_Right","Yellow_Down","Green_Right","Blue_Left",-150,100,0,50,"Right"
10,4,48,"Red_Right","Yellow_Left","Green_Left","Blue_Down",100,100,50,-200,"Right"
10,4,49,"Red_Up","Yellow_Left","Green_Up","Blue_Up",100,-1150,50,50,"Right"
10,4,50,"Red_Up","Yellow_Right","Green_Right","Blue_Up",100,100,0,50,"Left"
10,5,1,"Red_Down","Yellow_Left","Green_Right","Blue_Left",100,100,0,50,"Right"
10,5,2,"Red_Right","Yellow_Up","Green_Down","Blue_Right",-150,100,50,50,"Left"
10,5,3,"Red_Right","Yellow_Down","Green_Up","Blue_Down",-150,100,50,50,"Right"
10,5,4,"Red_Up","Yellow_Down","Green_Left","Blue_Up",-150,100,0,50,"Left"
10,5,5,"Red_Left","Yellow_Left","Green_Up","Blue_Up",100,100,0,50,"Up"
10,5,6,"Red_Right","Yellow_Right","Green_Up","Blue_Right",100,100,0,50,"Up"
10,5,7,"Red_Up","Yellow_Right","Green_Right","Blue_Up",100,100,50,50,"Down"
10,5,8,"Red_Down","Yellow_Down","Green_Up","Blue_Up",-150,100,0,50,"Up"
10,5,9,"Red_Right","Yellow_Down","Green_Up","Blue_Down",100,100,50,50,"Right"
10,5,10,"Red_Up","Yellow_Left","Green_Down","Blue_Left",-150,100,0,50,"Up"
10,5,11,"Red_Up","Yellow_Up","Green_Up","Blue_Left",-150,100,50,-200,"Up"
10,5,12,"Red_Right","Yellow_Down","Green_Down","Blue_Up",100,100,50,50,"Right"
10,5,13,"Red_Up","Yellow_Right","Green_Up","Blue_Up",-150,100,50,50,"Down"
10,5,14,"Red_Left","Yellow_Down","Green_Right","Blue_Down",100,100,50,-200,"Up"
10,5,15,"Red_Left","Yellow_Left","Green_Left","Blue_Down",-150,100,0,50,"Up"
10,5,16,"Red_Down","Yellow_Up","Green_Right","Blue_Up",-150,100,50,50,"Up"
10,5,17,"Red_Up","Yellow_Right","Green_Left","Blue_Left",-150,100,0,50,"Up"
10,5,18,"Red_Up","Yellow_Up","Green_Down","Blue_Right",100,-1150,50,50,"Left"
10,5,19,"Red_Up","Yellow_Up","Green_Left","Blue_Down",100,100,50,50,"Down"
10,5,20,"Red_Down","Yellow_Right","Green_Down","Blue_Up",-150,100,0,-200,"Down"
10,5,21,"Red_Up","Yellow_Down","Green_Up","Blue_Up",-150,100,0,50,"Up"
10,5,22,"Red_Right","Yellow_Left","Green_Down","Blue_Left",100,100,0,50,"Right"
10,5,23,"Red_Up","Yellow_Down","Green_Down","Blue_Down",-150,100,0,50,"Down"
10,5,24,"Red_Left","Yellow_Up","Green_Left","Blue_Right",100,100,0,50,"Right"
10,5,25,"Red_Left","Yellow_Left","Green_Left","Blue_Down",100,100,0,50,"Down"
10,5,26,"Red_Down","Yellow_Left","Green_Down","Blue_Up",-150,100,50,50,"Up"
10,5,27,"Red_Up","Yellow_Up","Green_Left","Blue_Right",100,100,50,50,"Left"
10,5,28,"Red_Right","Yellow_Down","Green_Up","Blue_Right",-150,100,50,50,"Left"
10,5,29,"Red_Left","Yellow_Right","Green_Down","Blue_Left",100,100,0,50,"Down"
10,5,30,"Red_Right","Yellow_Right","Green_Right","Blue_Up",-150,100,0,50,"Right"
10,5,31,"Red_Left","Yellow_Down","Green_Right","Blue_Left",-150,-1150,50,50,"Left"
10,5,32,"Red_Left","Yellow_Right","Green_Up","Blue_Down",-150,100,0,-200,"Down"
10,5,33,"Red_Down","Yellow_Up","Green_Right","Blue_Left",100,-1150,50,50,"Up"
10,5,34,"Red_Right","Yellow_Down","Green_Up","Blue_Down",100,100,50,50,"Up"
10,5,35,"Red_Right","Yellow_Right","Green_Up","Blue_Left",-150,100,0,-200,"Left"
10,5,36,"Red_Left","Yellow_Left","Green_Down","Blue_Left",100,100,50,50,"Right"
10,5,37,"Red_Right","Yellow_Down","Green_Left","Blue_Left",-150,100,50,50,"Down"
10,5,38,"Red_Up","Yellow_Left","Green_Up","Blue_Right",100,100,0,50,"Down"
10,5,39,"Red_Up","Yellow_Left","Green_Down","Blue_Left",100,-1150,0,50,"Right"
10,5,40,"Red_Up","Yellow_Up","Green_Down","Blue_Right",100,100,0,50,"Right"
10,5,41,"Red_Down","Yellow_Left","Green_Down","Blue_Right",-150,100,0,50,"Left"
10,5,42,"Red_Down","Yellow_Right","Green_Up","Blue_Right",100,100,0,50,"Left"
10,5,43,"Red_Up","Yellow_Up","Green_Up","Blue_Left",-150,100,50,50,"Right"
10,5,44,"Red_Down","Yellow_Up","Green_Up","Blue_Up",100,100,50,50,"Left"
10,5,45,"Red_Right","Yellow_Left","Green_Down","Blue_Up",-150,100,50,50,"Down"
10,5,46,"Red_Down","Yellow_Up","Green_Left","Blue_Down",100,100,50,50,"Right"
10,5,47,"Red_Left","Yellow_Left","Green_Left","Blue_Up",100,-1150,0,50,"Up"
10,5,48,"Red_Up","Yellow_Right","Green_Left","Blue_Left",-150,100,50,50,"Down"
10,5,49,"Red_Right","Yellow_Right","Green_Left","Blue_Left",100,100,0,50,"Up"
10,5,50,"Red_Up","Yellow_Right","Green_Right","Blue_Up",-150,100,50,50,"Left"
10,6,1,"Red_Left","Yellow_Left","Green_Right","Blue_Right",100,100,0,50,"Right"
10,6,2,"Red_Up","Yellow_Left","Green_Right","Blue_Left",-150,100,50,50,"Left"
10,6,3,"Red_Up","Yellow_Right","Green_Left","Blue_Down",-150,100,0,50,"Down"
10,6,4,"Red_Left","Yellow_Down","Green_Left","Blue_Right",-150,100,0,50,"Up"
10,6,5,"Red_Up","Yellow_Right","Green_Left","Blue_Down",100,100,0,50,"Right"
10,6,6,"Red_Right","Yellow_Down","Green_Left","Blue_Right",-150,100,0,50,"Up"
10,6,7,"Red_Right","Yellow_Down","Green_Down","Blue_Left",-150,100,0,50,"Right"
10,6,8,"Red_Right","Yellow_Left","Green_Up","Blue_Down",100,100,0,50,"Up"
10,6,9,"Red_Down","Yellow_Up","Green_Left","Blue_Left",100,100,50,-200,"Right"
10,6,10,"Red_Right","Yellow_Right","Green_Right","Blue_Up",-150,100,50,-200,"Left"
10,6,11,"Red_Left","Yellow_Up","Green_Down","Blue_Up",-150,100,50,50,"Down"
10,6,12,"Red_Down","Yellow_Left","Green_Right","Blue_Right",100,100,50,-200,"Left"
10,6,13,"Red_Down","Yellow_Up","Green_Right","Blue_Up",100,100,0,50,"Up"
10,6,14,"Red_Right","Yellow_Right","Green_Left","Blue_Up",-150,-1150,0,50,"Left"
10,6,15,"Red_Left","Yellow_Right","Green_Right","Blue_Right",-150,100,0,50,"Right"
10,6,16,"Red_Up","Yellow_Right","Green_Left","Blue_Up",100,-1150,0,50,"Up"
10,6,17,"Red_Right","Yellow_Left","Green_Up","Blue_Left",100,100,0,50,"Down"
10,6,18,"Red_Down","Yellow_Right","Green_Left","Blue_Left",-150,100,0,50,"Left"
10,6,19,"Red_Left","Yellow_Right","Green_Left","Blue_Up",100,100,50,50,"Right"
10,6,20,"Red_Left","Yellow_Right","Green_Left","Blue_Left",-150,100,50,50,"Down"
10,6,21,"Red_Right","Yellow_Left","Green_Down","Blue_Left",100,100,50,50,"Right"
10,6,22,"Red_Right","Yellow_Down","Green_Up","Blue_Right",100,100,0,50,"Left"
10,6,23,"Red_Left","Yellow_Right","Green_Down","Blue_Down",100,100,0,50,"Up"
10,6,24,"Red_Left","Yellow_Up","Green_Right","Blue_Up",-150,100,50,50,"Left"
10,6,25,"Red_Up","Yellow_Left","Green_Down","Blue_Right",100,100,50,50,"Right"
10,6,26,"Red_Up","Yellow_Up","Green_Left","Blue_Up",-150,100,50,50,"Left"
10,6,27,"Red_Up","Yellow_Up","Green_Right","Blue_Right",-150,100,0,50,"Down"
10,6,28,"Red_Right","Yellow_Left","Green_Up","Blue_Up",-150,100,50,50,"Left"
10,6,29,"Red_Up","Yellow_Right","Green_Down","Blue_Up",-150,100,50,50,"Left"
10,6,30,"Red_Up","Yellow_Up","Green_Up","Blue_Down",100,100,0,50,"Right"
10,6,31,"Red_Right","Yellow_Down","Green_Right","Blue_Left",-150,100,0,50,"Up"
10,6,32,"Red_Left","Yellow_Up","Green_Up","Blue_Up",-150,100,50,50,"Left"
10,6,33,"Red_Left","Yellow_Left","Green_Down","Blue_Right",100,-1150,0,50,"Up"
10,6,34,"Red_Right","Yellow_Left","Green_Down","Blue_Down",100,-1150,50,50,"Right"
10,6,35,"Red_Right","Yellow_Down","Green_Down","Blue_Left",-150,100,50,-200,"Left"
10,6,36,"Red_Down","Yellow_Up","Green_Up","Blue_Down",100,100,50,50,"Down"
10,6,37,"Red_Down","Yellow_Right","Green_Up","Blue_Down",100,100,50,50,"Right"
10,6,38,"Red_Up","Yellow_Left","Green_Right","Blue_Down",100,100,0,50,"Down"
10,6,39,"Red_Left","Yellow_Down","Green_Up","Blue_Right",100,100,50,50,"Right"
10,6,40,"Red_Right","Yellow_Down","Green_Left","Blue_Up",-150,-1150,50,50,"Left"
10,6,41,"Red_Right","Yellow_Up","Green_Left","Blue_Right",-150,100,0,50,"Up"
10,6,42,"Red_Down","Yellow_Left","Green_Left","Blue_Down",-150,100,50,50,"Up"
10,6,43,"Red_Up","Yellow_Down","Green_Left","Blue_Right",-150,100,50,50,"Right"
10,6,44,"Red_Down","Yellow_Right","Green_Left","Blue_Left",100,100,0,50,"Left"
10,6,45,"Red_Right","Yellow_Right","Green_Left","Blue_Right",100,100,0,50,"Down"
10,6,46,"Red_Left","Yellow_Right","Green_Left","Blue_Up",-150,100,0,-200,"Right"
10,6,47,"Red_Up","Yellow_Up","Green_Right","Blue_Left",100,100,50,50,"Up"
10,6,48,"Red_Left","Yellow_Right","Green_Right","Blue_Up",-150,100,50,50,"Left"
10,6,49,"Red_Right","Yellow_Right","Green_Down","Blue_Left",100,100,0,50,"Down"
10,6,50,"Red_Right","Yellow_Up","Green_Down","Blue_Left",100,100,50,50,"Down"
11,1,1,"Red_Up","Yellow_Left","Green_Left","Blue_Left",100,100,0,50,"Down"
11,1,2,"Red_Right","Yellow_Down","Green_Left","Blue_Down",-150,100,0,50,"Left"
11,1,3,"Red_Down","Yellow_Left","Green_Right","Blue_Right",-150,-1150,50,-200,"Right"
11,1,4,"Red_Right","Yellow_Down","Green_Up","Blue_Down",100,100,50,50,"Down"
11,1,5,"Red_Down","Yellow_Left","Green_Right","Blue_Left",100,100,50,50,"Left"
11,1,6,"Red_Down","Yellow_Up","Green_Right","Blue_Right",100,100,50,50,"Down"
11,1,7,"Red_Up","Yellow_Down","Green_Down","Blue_Right",-150,-1150,50,50,"Up"
11,1,8,"Red_Left","Yellow_Up","Green_Right","Blue_Down",-150,100,0,50,"Up"
11,1,9,"Red_Up","Yellow_Right","Green_Up","Blue_Left",-150,100,0,50,"Up"
11,1,10,"Red_Up","Yellow_Up","Green_Down","Blue_Right",-150,100,50,-200,"Right"
11,1,11,"Red_Down","Yellow_Left","Green_Left","Blue_Up",100,100,50,50,"Down"
11,1,12,"Red_Left","Yellow_Right","Green_Up","Blue_Left",-150,100,0,50,"Left"
11,1,13,"Red_Up","Yellow_Up","Green_Left","Blue_Right",100,100,0,50,"Left"
11,1,14,"Red_Up","Yellow_Down","Green_Right","Blue_Up",-150,100,50,50,"Left"
11,1,15,"Red_Right","Yellow_Right","Green_Right","Blue_Left",-150,100,0,50,"Right"
11,1,16,"Red_Up","Yellow_Down","Green_Up","Blue_Right",100,100,0,50,"Right"
11,1,17,"Red_Down","Yellow_Up","Green_Left","Blue_Right",-150,100,0,50,"Down"
11,1,18,"Red_Down","Yellow_Right","Green_Right","Blue_Up",-150,100,50,50,"Down"
11,1,19,"Red_Right","Yellow_Down","Green_Up","Blue_Right",100,100,0,50,"Up"
11,1,20,"Red_Down","Yellow_Right","Green_Down","Blue_Right",-150,100,50,50,"Right"
11,1,21,"Red_Down","Yellow_Down","Green_Left","Blue_Up",-150,100,0,50,"Down"
11,1,22,"Red_Up","Yellow_Right","Green_Down","Blue_Right",100,100,50,50,"Left"
11,1,23,"Red_Right","Yellow_Up","Green_Left","Blue_Right",100,100,0,-200,"Up"
11,1,24,"Red_Right","Yellow_Left","Green_Up","Blue_Down",100,100,0,50,"Down"
11,1,25,"Red_Up","Yellow_Up","Green_Up","Blue_Right",100,100,50,50,"Left"
11,1,26,"Red_Right","Yellow_Down","Green_Up","Blue_Up",-150,100,50,50,"Up"
11,1,27,"Red_Right","Yellow_Right","Green_Right","Blue_Up",100,100,50,-200,"Left"
11,1,28,"Red_Left","Yellow_Left","Green_Up","Blue_Left",100,100,50,50,"Left"
11,1,29,"Red_Up","Yellow_Left","Green_Right","Blue_Down",-150,100,50,50,"Left"
11,1,30,"Red_Left","Yellow_Down","Green_Up","Blue_Down",-150,100,0,50,"Up"
11,1,31,"Red_Right","Yellow_Down","Green_Up","Blue_Right",100,-1150,0,50,"Up"
11,1,32,"Red_Down","Yellow_Right","Green_Up","Blue_Down",100,100,0,50,"Left"
11,1,33,"Red_Right","Yellow_Left","Green_Left","Blue_Down",100,100,50,50,"Down"
11,1,34,"Red_Left","Yellow_Up","Green_Right","Blue_Up",100,-1150,50,50,"Right"
11,1,35,"Red_Up","Yellow_Down","Green_Right","Blue_Right",100,100,50,50,"Left"
11,1,36,"Red_Right","Yellow_Up","Green_Left","Blue_Down",-150,100,0,50,"Up"
11,1,37,"Red_Right","Yellow_Right","Green_Down","Blue_Up",-150,-1150,0,-200,"Up"
11,1,38,"Red_Right","Yellow_Down","Green_Right","Blue_Left",100,100,50,50,"Right"
11,1,39,"Red_Right","Yellow_Down","Green_Up","Blue_Down",100,100,0,50,"Right"
11,1,40,"Red_Up","Yellow_Left","Green_Left","Blue_Up",-150,100,50,50,"Right"
11,1,41,"Red_Up","Yellow_Left","Green_Right","Blue_Up",100,100,0,50,"Up"
11,1,42,"Red_Left","Yellow_Up","Green_Down","Blue_Right",100,100,0,50,"Up"
11,1,43,"Red_Right","Yellow_Right","Green_Down","Blue_Up",-150,100,50,50,"Up"
11,1,44,"Red_Up","Yellow_Right","Green_Down","Blue_Up",-150,100,0,50,"Right"
11,1,45,"Red_Right","Yellow_Left","Green_Right","Blue_Left",-150,100,0,50,"Left"
11,1,46,"Red_Right","Yellow_Down","Green_Right","Blue_Right",100,100,0,50,"Left"
11,1,47,"Red_Right","Yellow_Up","Green_Up","Blue_Up",-150,100,50,50,"Right"
11,1,48,"Red_Up","Yellow_Down","Green_Down","Blue_Down",-150,100,0,50,"Right"
11,1,49,"Red_Down","Yellow_Left","Green_Left","Blue_Down",100,100,50,50,"Left"
11,1,50,"Red_Down","Yellow_Up","Green_Up","Blue_Up",-150,100,50,50,"Right"
11,2,1,"Red_Right","Yellow_Right","Green_Left","Blue_Right",100,100,50,50,"Left"
11,2,2,"Red_Left","Yellow_Left","Green_Right","Blue_Down",100,100,50,50,"Down"
11,2,3,"Red_Down","Yellow_Left","Green_Up","Blue_Up",100,100,50,50,"Left"
11,2,4,"Red_Right","Yellow_Right","Green_Up","Blue_Left",100,100,0,50,"Left"
11,2,5,"Red_Left","Yellow_Down","Green_Left","Blue_Left",-150,100,0,50,"Up"
11,2,6,"Red_Up","Yellow_Down","Green_Down","Blue_Up",-150,-1150,0,50,"Up"
11,2,7,"Red_Up","Yellow_Down","Green_Down","Blue_Up",100,100,50,50,"Right"
11,2,8,"Red_Down","Yellow_Left","Green_Left","Blue_Up",100,100,0,50,"Down"
11,2,9,"Red_Left","Yellow_Down","Green_Right","Blue_Up",100,-1150,0,50,"Up"
11,2,10,"Red_Right","Yellow_Down","Green_Up","Blue_Left",-150,100,0,50,"Left"
11,2,11,"Red_Left","Yellow_Up","Green_Right","Blue_Right",100,100,50,-200,"Down"
11,2,12,"Red_Left","Yellow_Left","Green_Right","Blue_Left",-150,100,0,50,"Up"
11,2,13,"Red_Up","Yellow_Left","Green_Right","Blue_Down",-150,100,50,50,"Left"
11,2,14,"Red_Down","Yellow_Down","Green_Up","Blue_Left",100,100,50,50,"Up"
11,2,15,"Red_Right","Yellow_Down","Green_Up","Blue_Left",100,100,50,50,"Up"
11,2,16,"Red_Down","Yellow_Left","Green_Right","Blue_Up",100,-1150,0,50,"Left"
11,2,17,"Red_Up","Yellow_Left","Green_Up","Blue_Down",100,100,0,-200,"Right"
11,2,18,"Red_Right","Yellow_Down","Green_Up","Blue_Down",100,100,0,50,"Right"
11,2,19,"Red_Down","Yellow_Right","Green_Right","Blue_Down",-150,100,50,50,"Left"
11,2,20,"Red_Down","Yellow_Right","Green_Right","Blue_Right",-150,100,0,50,"Down"
11,2,21,"Red_Down","Yellow_Down","Green_Left","Blue_Left",-150,100,50,50,"Right"
11,2,22,"Red_Right","Yellow_Right","Green_Up","Blue_Down",-150,100,0,50,"Up"
11,2,23,"Red_Up","Yellow_Right","Green_Right","Blue_Down",100,100,0,50,"Right"
11,2,24,"Red_Down","Yellow_Down","Green_Right","Blue_Left",-150,100,0,-200,"Left"
11,2,25,"Red_Down","Yellow_Up","Green_Right","Blue_Left",100,100,50,-200,"Left"
11,2,26,"Red_Right","Yellow_Up","Green_Up","Blue_Left",-150,100,50,50,"Down"
11,2,27,"Red_Up","Yellow_Left","Green_Left","Blue_Right",-150,100,50,50,"Right"
11,2,28,"Red_Right","Yellow_Up","Green_Up","Blue_Up",-150,100,50,50,"Left"
11,2,29,"Red_Down","Yellow_Down","Green_Up","Blue_Right",100,100,50,50,"Right"
11,2,30,"Red_Up","Yellow_Down","Green_Down","Blue_Down",100,100,0,50,"Right"
11,2,31,"Red_Left","Yellow_Right","Green_Right","Blue_Down",-150,-1150,50,50,"Left"
11,2,32,"Red_Left","Yellow_Right","Green_Left","Blue_Up",-150,100,50,-200,"Left"
11,2,33,"Red_Right","Yellow_Right","Green_Right","Blue_Up",-150,-1150,0,50,"Up"
11,2,34,"Red_Up","Yellow_Left","Green_Down","Blue_Up",100,100,50,50,"Down"
11,2,35,"Red_Right","Yellow_Down","Green_Right","Blue_Left",100,100,50,50,"Left"
11,2,36,"Red_Down","Yellow_Left","Green_Right","Blue_Up",-150,100,0,50,"Right"
11,2,37,"Red_Left","Yellow_Down","Green_Left","Blue_Down",-150,100,0,50,"Left"
11,2,38,"Red_Left","Yellow_Up","Green_Down","Blue_Right",-150,100,50,50,"Down"
11,2,39,"Red_Down","Yellow_Down","Green_Right","Blue_Left",-150,100,50,50,"Left"
11,2,40,"Red_Down","Yellow_Right","Green_Up","Blue_Down",100,100,0,50,"Up"
11,2,41,"Red_Up","Yellow_Down","Green_Up","Blue_Down",-150,100,0,50,"Up"
11,2,42,"Red_Down","Yellow_Down","Green_Right","Blue_Down",-150,100,50,50,"Right"
11,2,43,"Red_Up","Yellow_Left","Green_Down","Blue_Right",100,100,50,50,"Left"
11,2,44,"Red_Up","Yellow_Right","Green_Up","Blue_Right",100,100,0,50,"Down"
11,2,45,"Red_Left","Yellow_Left","Green_Right","Blue_Right",100,100,50,50,"Down"
11,2,46,"Red_Up","Yellow_Left","Green_Right","Blue_Left",100,100,0,50,"Up"
11,2,47,"Red_Right","Yellow_Right","Green_Right","Blue_Down",-150,100,0,50,"Up"
11,2,48,"Red_Down","Yellow_Left","Green_Right","Blue_Down",100,100,0,50,"Up"
11,2,49,"Red_Right","Yellow_Right","Green_Right","Blue_Down",-150,100,50,50,"Right"
11,2,50,"Red_Right","Yellow_Left","Green_Up","Blue_Down",-150,100,0,50,"Right"
11,3,1,"Red_Left","Yellow_Up","Green_Down","Blue_Up",100,100,50,50,"Left"
11,3,2,"Red_Up","Yellow_Right","Green_Right","Blue_Down",100,100,50,50,"Right"
11,3,3,"Red_Up","Yellow_Left","Green_Right","Blue_Up",-150,100,50,50,"Up"
11,3,4,"Red_Up","Yellow_Up","Green_Right","Blue_Down",-150,100,50,50,"Up"
11,3,5,"Red_Right","Yellow_Down","Green_Up","Blue_Right",-150,100,50,50,"Left"
11,3,6,"Red_Down","Yellow_Down","Green_Right","Blue_Up",100,100,0,50,"Down"
11,3,7,"Red_Up","Yellow_Up","Green_Down","Blue_Right",100,100,0,50,"Left"
11,3,8,"Red_Left","Yellow_Down","Green_Right","Blue_Left",-150,100,50,50,"Down"
11,3,9,"Red_Up","Yellow_Left","Green_Down","Blue_Up",100,100,0,-200,"Left"
11,3,10,"Red_Right","Yellow_Up","Green_Down","Blue_Down",-150,100,0,50,"Left"
11,3,11,"Red_Down","Yellow_Left","Green_Right","Blue_Down",-150,100,0,50,"Left"
11,3,12,"Red_Right","Yellow_Left","Green_Up","Blue_Left",100,100,0,50,"Up"
11,3,13,"Red_Right","Yellow_Up","Green_Up","Blue_Right",100,100,0,50,"Right"
11,3,14,"Red_Down","Yellow_Up","Green_Down","Blue_Down",-150,100,50,50,"Right"
11,3,15,"Red_Right","Yellow_Up","Green_Down","Blue_Down",100,100,50,50,"Down"
11,3,16,"Red_Left","Yellow_Up","Green_Right","Blue_Left",-150,100,0,50,"Left"
11,3,17,"Red_Up","Yellow_Left","Green_Left","Blue_Right",-150,100,0,50,"Up"
11,3,18,"Red_Up","Yellow_Up","Green_Left","Blue_Down",100,-1150,50,50,"Left"
11,3,19,"Red_Down","Yellow_Left","Green_Left","Blue_Right",100,100,50,50,"Left"
11,3,20,"Red_Right","Yellow_Down","Green_Left","Blue_Up",-150,100,50,50,"Left"
11,3,21,"Red_Left","Yellow_Up","Green_Down","Blue_Right",100,100,0,50,"Up"
11,3,22,"Red_Right","Yellow_Down","Green_Up","Blue_Right",100,100,0,50,"Right"
11,3,23,"Red_Left","Yellow_Up","Green_Up","Blue_Up",100,100,50,50,"Left"
11,3,24,"Red_Right","Yellow_Up","Green_Down","Blue_Right",-150,100,50,50,"Up"
11,3,25,"Red_Right","Yellow_Left","Green_Down","Blue_Down",-150,100,0,-200,"Left"
11,3,26,"Red_Right","Yellow_Right","Green_Right","Blue_Up",-150,100,0,50,"Right"
11,3,27,"Red_Up","Yellow_Up","Green_Left","Blue_Right",-150,100,50,-200,"Left"
11,3,28,"Red_Down","Yellow_Right","Green_Down","Blue_Up",-150,100,0,50,"Right"
11,3,29,"Red_Right","Yellow_Up","Green_Right","Blue_Up",-150,100,50,50,"Left"
11,3,30,"Red_Left","Yellow_Left","Green_Left","Blue_Up",100,100,0,50,"Up"
11,3,31,"Red_Left","Yellow_Up","Green_Right","Blue_Right",-150,100,0,50,"Up"
11,3,32,"Red_Right","Yellow_Right","Green_Left","Blue_Right",-150,100,0,50,"Left"
11,3,33,"Red_Up","Yellow_Right","Green_Right","Blue_Right",100,100,50,50,"Up"
11,3,34,"Red_Down","Yellow_Right","Green_Right","Blue_Down",100,100,50,50,"Down"
11,3,35,"Red_Left","Yellow_Down","Green_Left","Blue_Up",100,100,50,-200,"Left"
11,3,36,"Red_Down","Yellow_Left","Green_Right","Blue_Left",100,100,0,50,"Up"
11,3,37,"Red_Left","Yellow_Left","Green_Down","Blue_Down",-150,-1150,50,50,"Up"
11,3,38,"Red_Left","Yellow_Up","Green_Left","Blue_Down",-150,100,50,50,"Right"
11,3,39,"Red_Up","Yellow_Left","Green_Down","Blue_Left",100,100,50,50,"Up"
11,3,40,"Red_Left","Yellow_Left","Green_Down","Blue_Down",-150,100,0,50,"Right"
11,3,41,"Red_Right","Yellow_Right","Green_Down","Blue_Down",-150,100,50,50,"Left"
11,3,42,"Red_Left","Yellow_Up","Green_Down","Blue_Down",-150,100,50,-200,"Left"
11,3,43,"Red_Right","Yellow_Left","Green_Left","Blue_Down",-150,-1150,0,50,"Left"
11,3,44,"Red_Down","Yellow_Right","Green_Down","Blue_Down",100,-1150,0,50,"Right"
11,3,45,"Red_Down","Yellow_Left","Green_Left","Blue_Left",100,100,0,50,"Right"
11,3,46,"Red_Left","Yellow_Right","Green_Down","Blue_Up",100,-1150,50,50,"Down"
11,3,47,"Red_Down","Yellow_Left","Green_Left","Blue_Down",100,100,0,50,"Right"
11,3,48,"Red_Up","Yellow_Right","Green_Up","Blue_Right",100,100,50,50,"Up"
11,3,49,"Red_Left","Yellow_Right","Green_Left","Blue_Up",100,100,0,50,"Down"
11,3,50,"Red_Left","Yellow_Right","Green_Right","Blue_Left",-150,100,0,50,"Right"
11,4,1,"Red_Up","Yellow_Right","Green_Down","Blue_Down",-150,100,0,50,"Down"
11,4,2,"Red_Left","Yellow_Up","Green_Down","Blue_Up",-150,-1150,50,50,"Left"
11,4,3,"Red_Right","Yellow_Up","Green_Down","Blue_Up",-150,100,0,50,"Left"
11,4,4,"Red_Left","Yellow_Right","Green_Up","Blue_Left",100,100,0,50,"Down"
11,4,5,"Red_Left","Yellow_Left","Green_Right","Blue_Right",-150,100,0,50,"Left"
11,4,6,"Red_Right","Yellow_Left","Green_Right","Blue_Right",-150,100,50,50,"Up"
11,4,7,"Red_Up","Yellow_Right","Green_Up","Blue_Up",100,-1150,50,-200,"Right"
11,4,8,"Red_Down","Yellow_Right","Green_Left","Blue_Down",100,100,0,50,"Right"
11,4,9,"Red_Left","Yellow_Left","Green_Up","Blue_Down",-150,100,0,50,"Left"
11,4,10,"Red_Right","Yellow_Down","Green_Left","Blue_Right",-150,100,0,50,"Up"
11,4,11,"Red_Down","Yellow_Right","Green_Right","Blue_Right",100,100,50,50,"Right"
11,4,12,"Red_Up","Yellow_Right","Green_Left","Blue_Down",-150,-1150,0,50,"Down"
11,4,13,"Red_Right","Yellow_Left","Green_Left","Blue_Down",100,-1150,0,50,"Right"
11,4,14,"Red_Up","Yellow_Down","Green_Up","Blue_Right",-150,100,0,50,"Right"
11,4,15,"Red_Left","Yellow_Left","Green_Up","Blue_Up",-150,100,0,50,"Up"
11,4,16,"Red_Right","Yellow_Up","Green_Down","Blue_Down",100,100,0,50,"Down"
11,4,17,"Red_Down","Yellow_Left","Green_Right","Blue_Down",100,100,50,50,"Left"
11,4,18,"Red_Up","Yellow_Right","Green_Right","Blue_Down",-150,100,50,50,"Up"
11,4,19,"Red_Right","Yellow_Right","Green_Left","Blue_Left",100,100,0,50,"Up"
11,4,20,"Red_Right","Yellow_Up","Green_Down","Blue_Down",100,-1150,50,50,"Up"
11,4,21,"Red_Right","Yellow_Down","Green_Down","Blue_Right",-150,100,0,50,"Up"
11,4,22,"Red_Down","Yellow_Left","Green_Right","Blue_Up",-150,100,0,-200,"Left"
11,4,23,"Red_Down","Yellow_Up","Green_Up","Blue_Down",-150,100,0,50,"Up"
11,4,24,"Red_Right","Yellow_Right","Green_Left","Blue_Down",-150,100,0,50,"Down"
11,4,25,"Red_Left","Yellow_Down","Green_Left","Blue_Left",100,100,0,50,"Up"
11,4,26,"Red_Left","Yellow_Down","Green_Down","Blue_Left",-150,100,0,50,"Left"
11,4,27,"Red_Right","Yellow_Up","Green_Left","Blue_Down",100,100,0,50,"Left"
11,4,28,"Red_Down","Yellow_Down","Green_Up","Blue_Left",-150,100,50,50,"Left"
11,4,29,"Red_Up","Yellow_Down","Green_Up","Blue_Left",100,100,50,50,"Left"
11,4,30,"Red_Down","Yellow_Right","Green_Right","Blue_Down",-150,100,50,50,"Up"
11,4,31,"Red_Down","Yellow_Down","Green_Right","Blue_Right",-150,100,0,50,"Right"
11,4,32,"Red_Left","Yellow_Left","Green_Up","Blue_Up",100,100,50,50,"Down"
11,4,33,"Red_Down","Yellow_Right","Green_Up","Blue_Down",100,100,50,50,"Up"
11,4,34,"Red_Down","Yellow_Left","Green_Up","Blue_Right",100,100,50,-200,"Down"
11,4,35,"Red_Left","Yellow_Right","Green_Right","Blue_Up",-150,100,50,50,"Down"
11,4,36,"Red_Left","Yellow_Down","Green_Left","Blue_Right",-150,100,50,50,"Right"
11,4,37,"Red_Up","Yellow_Left","Green_Right","Blue_Right",100,100,50,50,"Left"
11,4,38,"Red_Up","Yellow_Up","Green_Left","Blue_Right",-150,100,0,50,"Down"
11,4,39,"Red_Left","Yellow_Right","Green_Down","Blue_Right",100,100,50,50,"Up"
11,4,40,"Red_Up","Yellow_Down","Green_Right","Blue_Right",100,100,50,50,"Left"
11,4,41,"Red_Up","Yellow_Up","Green_Left","Blue_Up",100,100,50,50,"Up"
11,4,42,"Red_Down","Yellow_Right","Green_Down","Blue_Right",100,100,50,50,"Left"
11,4,43,"Red_Up","Yellow_Down","Green_Down","Blue_Up",-150,100,0,50,"Right"
11,4,44,"Red_Up","Yellow_Right","Green_Left","Blue_Down",100,100,0,-200,"Up"
11,4,45,"Red_Down","Yellow_Left","Green_Up","Blue_Right",-150,100,50,50,"Down"
11,4,46,"Red_Down","Yellow_Left","Green_Up","Blue_Up",100,100,50,-200,"Left"
11,4,47,"Red_Right","Yellow_Right","Green_Left","Blue_Left",100,100,50,50,"Right"
11,4,48,"Red_Up","Yellow_Up","Green_Up","Blue_Left",100,100,0,50,"Down"
11,4,49,"Red_Right","Yellow_Up","Green_Left","Blue_Right",-150,100,50,50,"Left"
11,4,50,"Red_Down","Yellow_Up","Green_Down","Blue_Down",100,100,50,50,"Right"
11,5,1,"Red_Up","Yellow_Down","Green_Down","Blue_Left",100,100,0,50,"Right"
11,5,2,"Red_Up","Yellow_Down","Green_Right","Blue_Left",-150,100,0,50,"Down"
11,5,3,"Red_Down","Yellow_Down","Green_Up","Blue_Left",100,100,50,50,"Right"
11,5,4,"Red_Left","Yellow_Left","Green_Up","Blue_Right",100,-1150,50,50,"Down"
11,5,5,"Red_Left","Yellow_Up","Green_Up","Blue_Left",100,100,0,50,"Down"
11,5,6,"Red_Down","Yellow_Right","Green_Down","Blue_Left",-150,100,0,50,"Left"
11,5,7,"Red_Up","Yellow_Right","Green_Up","Blue_Right",-150,100,50,50,"Right"
11,5,8,"Red_Right","Yellow_Up","Green_Down","Blue_Right",-150,100,50,50,"Right"
11,5,9,"Red_Right","Yellow_Right","Green_Right","Blue_Down",-150,100,50,50,"Down"
11,5,10,"Red_Down","Yellow_Down","Green_Left","Blue_Left",100,-1150,0,50,"Down"
11,5,11,"Red_Up","Yellow_Up","Green_Up","Blue_Up",100,100,0,50,"Right"
11,5,12,"Red_Left","Yellow_Left","Green_Right","Blue_Down",100,100,50,50,"Left"
11,5,13,"Red_Right","Yellow_Left","Green_Left","Blue_Right",100,100,50,50,"Right"
11,5,14,"Red_Right","Yellow_Right","Green_Up","Blue_Up",-150,100,50,50,"Left"
11,5,15,"Red_Down","Yellow_Up","Green_Left","Blue_Left",100,100,50,50,"Left"
11,5,16,"Red_Up","Yellow_Right","Green_Right","Blue_Up",-150,100,0,50,"Right"
11,5,17,"Red_Right","Yellow_Up","Green_Right","Blue_Up",100,100,50,50,"Down"
11,5,18,"Red_Right","Yellow_Left","Green_Up","Blue_Right",-150,100,50,-200,"Left"
11,5,19,"Red_Up","Yellow_Left","Green_Right","Blue_Down",100,100,0,50,"Up"
11,5,20,"Red_Down","Yellow_Left","Green_Down","Blue_Up",100,100,0,50,"Down"
11,5,21,"Red_Left","Yellow_Right","Green_Up","Blue_Left",100,100,50,50,"Down"
11,5,22,"Red_Up","Yellow_Left","Green_Left","Blue_Down",100,100,50,50,"Down"
11,5,23,"Red_Down","Yellow_Left","Green_Down","Blue_Left",100,-1150,0,50,"Right"
11,5,24,"Red_Up","Yellow_Down","Green_Left","Blue_Down",-150,100,0,50,"Left"
11,5,25,"Red_Up","Yellow_Up","Green_Up","Blue_Up",100,100,0,-200,"Up"
11,5,26,"Red_Down","Yellow_Up","Green_Up","Blue_Up",100,100,50,-200,"Right"
11,5,27,"Red_Left","Yellow_Left","Green_Right","Blue_Up",100,100,50,50,"Up"
11,5,28,"Red_Left","Yellow_Right","Green_Up","Blue_Up",-150,100,0,50,"Right"
11,5,29,"Red_Up","Yellow_Left","Green_Right","Blue_Down",100,100,0,50,"Left"
11,5,30,"Red_Up","Yellow_Up","Green_Left","Blue_Up",-150,100,50,50,"Up"
11,5,31,"Red_Left","Yellow_Up","Green_Down","Blue_Right",-150,100,0,50,"Down"
11,5,32,"Red_Right","Yellow_Right","Green_Down","Blue_Down",-150,100,50,50,"Up"
11,5,33,"Red_Down","Yellow_Down","Green_Down","Blue_Left",-150,100,50,50,"Right"
11,5,34,"Red_Right","Yellow_Left","Green_Up","Blue_Left",-150,100,0,50,"Up"
11,5,35,"Red_Up","Yellow_Up","Green_Left","Blue_Up",-150,-1150,50,50,"Left"
11,5,36,"Red_Down","Yellow_Left","Green_Right","Blue_Up",100,100,0,50,"Up"
11,5,37,"Red_Up","Yellow_Right","Green_Right","Blue_Left",-150,100,0,50,"Up"
11,5,38,"Red_Left","Yellow_Down","Green_Up","Blue_Up",-150,100,0,50,"Down"
11,5,39,"Red_Down","Yellow_Right","Green_Left","Blue_Up",100,100,50,-200,"Right"
11,5,40,"Red_Down","Yellow_Up","Green_Left","Blue_Down",-150,100,50,50,"Down"
11,5,41,"Red_Up","Yellow_Right","Green_Down","Blue_Left",-150,100,50,50,"Left"
11,5,42,"Red_Up","Yellow_Down","Green_Up","Blue_Left",-150,100,50,-200,"Left"
11,5,43,"Red_Down","Yellow_Right","Green_Left","Blue_Left",100,-1150,50,50,"Right"
11,5,44,"Red_Up","Yellow_Right","Green_Left","Blue_Up",100,100,0,50,"Left"
11,5,45,"Red_Right","Yellow_Right","Green_Left","Blue_Down",-150,100,50,50,"Right"
11,5,46,"Red_Left","Yellow_Down","Green_Left","Blue_Right",100,100,0,50,"Left"
11,5,47,"Red_Up","Yellow_Down","Green_Down","Blue_Up",-150,100,0,50,"Left"
11,5,48,"Red_Down","Yellow_Up","Green_Right","Blue_Left",-150,100,0,50,"Down"
11,5,49,"Red_Down","Yellow_Up","Green_Right","Blue_Up",-150,100,0,50,"Up"
11,5,50,"Red_Left","Yellow_Left","Green_Up","Blue_Right",100,100,0,50,"Right"
11,6,1,"Red_Down","Yellow_Up","Green_Down","Blue_Left",-150,100,50,50,"Right"
11,6,2,"Red_Up","Yellow_Left","Green_Left","Blue_Left",100,100,0,50,"Right"
11,6,3,"Red_Right","Yellow_Down","Green_Up","Blue_Right",100,100,0,50,"Right"
11,6,4,"Red_Up","Yellow_Down","Green_Left","Blue_Up",100,100,0,50,"Down"
11,6,5,"Red_Down","Yellow_Right","Green_Up","Blue_Up",-150,100,0,50,"Right"
11,6,6,"Red_Down","Yellow_Down","Green_Right","Blue_Down",100,100,50,50,"Left"
11,6,7,"Red_Left","Yellow_Down","Green_Up","Blue_Up",-150,100,0,-200,"Left"
11,6,8,"Red_Right","Yellow_Up","Green_Down","Blue_Up",-150,100,50,50,"Down"
11,6,9,"Red_Right","Yellow_Right","Green_Right","Blue_Right",100,100,50,50,"Right"
11,6,10,"Red_Left","Yellow_Right","Green_Up","Blue_Down",-150,100,50,50,"Down"
11,6,11,"Red_Up","Yellow_Down","Green_Down","Blue_Down",100,-1150,0,50,"Down"
11,6,12,"Red_Up","Yellow_Right","Green_Down","Blue_Up",100,100,0,50,"Down"
11,6,13,"Red_Right","Yellow_Right","Green_Down","Blue_Left",-150,100,0,50,"Down"
11,6,14,"Red_Up","Yellow_Up","Green_Right","Blue_Down",100,100,50,50,"Left"
11,6,15,"Red_Down","Yellow_Left","Green_Down","Blue_Left",-150,-1150,0,50,"Left"
11,6,16,"Red_Right","Yellow_Up","Green_Up","Blue_Right",100,100,0,50,"Down"
11,6,17,"Red_Left","Yellow_Right","Green_Right","Blue_Left",-150,100,50,50,"Left"
11,6,18,"Red_Up","Yellow_Up","Green_Down","Blue_Right",100,100,50,50,"Up"
11,6,19,"Red_Left","Yellow_Left","Green_Left","Blue_Up",100,100,0,50,"Right"
11,6,20,"Red_Left","Yellow_Down","Green_Down","Blue_Right",-150,100,50,50,"Up"
11,6,21,"Red_Left","Yellow_Up","Green_Down","Blue_Up",100,100,50,50,"Right"
11,6,22,"Red_Left","Yellow_Right","Green_Down","Blue_Up",100,100,50,50,"Left"
11,6,23,"Red_Right","Yellow_Left","Green_Up","Blue_Right",-150,100,0,-200,"Down"
11,6,24,"Red_Left","Yellow_Up","Green_Right","Blue_Down",100,100,50,50,"Up"
11,6,25,"Red_Right","Yellow_Down","Green_Down","Blue_Left",100,100,0,50,"Right"
11,6,26,"Red_Down","Yellow_Left","Green_Up","Blue_Up",100,100,0,50,"Left"
11,6,27,"Red_Right","Yellow_Up","Green_Right","Blue_Right",100,100,50,50,"Down"
11,6,28,"Red_Down","Yellow_Left","Green_Left","Blue_Up",-150,-1150,0,50,"Right"
11,6,29,"Red_Left","Yellow_Right","Green_Down","Blue_Right",100,-1150,50,50,"Left"
11,6,30,"Red_Right","Yellow_Right","Green_Left","Blue_Left",-150,100,50,50,"Up"
11,6,31,"Red_Up","Yellow_Left","Green_Down","Blue_Left",100,100,50,50,"Down"
11,6,32,"Red_Down","Yellow_Right","Green_Up","Blue_Down",100,100,0,50,"Down"
11,6,33,"Red_Down","Yellow_Right","Green_Down","Blue_Right",-150,-1150,50,50,"Left"
11,6,34,"Red_Left","Yellow_Left","Green_Left","Blue_Up",100,100,0,50,"Down"
11,6,35,"Red_Right","Yellow_Up","Green_Left","Blue_Up",-150,100,50,50,"Right"
11,6,36,"Red_Up","Yellow_Down","Green_Right","Blue_Left",-150,100,0,50,"Left"
11,6,37,"Red_Up","Yellow_Right","Green_Right","Blue_Up",-150,100,50,-200,"Left"
11,6,38,"Red_Up","Yellow_Right","Green_Left","Blue_Up",100,100,50,50,"Left"
11,6,39,"Red_Down","Yellow_Down","Green_Right","Blue_Down",-150,100,0,50,"Down"
11,6,40,"Red_Right","Yellow_Up","Green_Right","Blue_Up",-150,100,50,50,"Right"
11,6,41,"Red_Right","Yellow_Right","Green_Down","Blue_Right",-150,100,0,50,"Left"
11,6,42,"Red_Left","Yellow_Down","Green_Down","Blue_Down",100,100,50,50,"Down"
11,6,43,"Red_Right","Yellow_Left","Green_Right","Blue_Down",-150,100,50,50,"Right"
11,6,44,"Red_Left","Yellow_Down","Green_Left","Blue_Up",-150,100,0,50,"Left"
11,6,45,"Red_Up","Yellow_Right","Green_Right","Blue_Right",100,100,50,-200,"Left"
11,6,46,"Red_Left","Yellow_Up","Green_Down","Blue_Up",-150,100,0,50,"Right"
11,6,47,"Red_Up","Yellow_Left","Green_Right","Blue_Left",-150,100,0,50,"Up"
11,6,48,"Red_Left","Yellow_Right","Green_Right","Blue_Down",-150,100,50,-200,"Right"
11,6,49,"Red_Up","Yellow_Up","Green_Right","Blue_Up",-150,100,0,50,"Up"
11,6,50,"Red_Up","Yellow_Down","Green_Left","Blue_Down",100,100,0,50,"Right"
12,1,1,"Red_Up","Yellow_Up","Green_Right","Blue_Up",100,-1150,50,50,"Down"
12,1,2,"Red_Left","Yellow_Left","Green_Left","Blue_Up",-150,100,50,50,"Down"
12,1,3,"Red_Down","Yellow_Left","Green_Right","Blue_Down",-150,100,50,50,"Left"
12,1,4,"Red_Right","Yellow_Left","Green_Down","Blue_Down",100,100,50,50,"Right"
12,1,5,"Red_Right","Yellow_Up","Green_Right","Blue_Up",100,100,0,50,"Right"
12,1,6,"Red_Left","Yellow_Up","Green_Down","Blue_Right",-150,100,0,50,"Down"
12,1,7,"Red_Left","Yellow_Left","Green_Up","Blue_Down",-150,100,0,50,"Right"
12,1,8,"Red_Right","Yellow_Up","Green_Right","Blue_Up",-150,100,50,50,"Right"
12,1,9,"Red_Right","Yellow_Up","Green_Right","Blue_Up",100,100,0,50,"Right"
12,1,10,"Red_Up","Yellow_Down","Green_Down","Blue_Right",100,100,50,50,"Down"
12,1,11,"Red_Right","Yellow_Right","Green_Right","Blue_Up",100,100,50,50,"Down"
12,1,12,"Red_Up","Yellow_Up","Green_Right","Blue_Down",100,100,0,50,"Down"
12,1,13,"Red_Up","Yellow_Up","Green_Up","Blue_Right",-150,100,50,50,"Down"
12,1,14,"Red_Down","Yellow_Right","Green_Down","Blue_Up",100,100,50,50,"Down"
12,1,15,"Red_Up","Yellow_Down","Green_Down","Blue_Left",-150,100,50,50,"Left"
12,1,16,"Red_Right","Yellow_Right","Green_Down","Blue_Left",100,-1150,50,-200,"Left"
12,1,17,"Red_Right","Yellow_Down","Green_Up","Blue_Right",100,100,0,-200,"Up"
12,1,18,"Red_Up","Yellow_Up","Green_Up","Blue_Left",100,100,50,50,"Right"
12,1,19,"Red_Right","Yellow_Right","Green_Down","Blue_Left",-150,100,50,50,"Up"
12,1,20,"Red_Up","Yellow_Right","Green_Left","Blue_Right",100,100,50,50,"Up"
12,1,21,"Red_Left","Yellow_Down","Green_Left","Blue_Right",100,100,50,50,"Left"
12,1,22,"Red_Up","Yellow_Down","Green_Left","Blue_Left",-150,100,50,50,"Up"
12,1,23,"Red_Left","Yellow_Down","Green_Right","Blue_Down",100,100,0,50,"Left"
12,1,24,"Red_Up","Yellow_Up","Green_Left","Blue_Left",-150,100,0,50,"Up"
12,1,25,"Red_Left","Yellow_Right","Green_Right","Blue_Down",-150,100,0,50,"Up"
12,1,26,"Red_Right","Yellow_Right","Green_Down","Blue_Up",-150,100,0,50,"Up"
12,1,27,"Red_Up","Yellow_Left","Green_Left","Blue_Down",-150,100,0,50,"Up"
12,1,28,"Red_Down","Yellow_Left","Green_Left","Blue_Down",100,-1150,0,50,"Down"
12,1,29,"Red_Down","Yellow_Left","Green_Down","Blue_Up",-150,100,50,50,"Right"
12,1,30,"Red_Down","Yellow_Left","Green_Up","Blue_Right",100,100,0,50,"Down"
12,1,31,"Red_Up","Yellow_Right","Green_Up","Blue_Right",-150,-1150,50,50,"Down"
12,1,32,"Red_Up","Yellow_Down","Green_Right","Blue_Down",100,100,0,-200,"Down"
12,1,33,"Red_Right","Yellow_Right","Green_Up","Blue_Down",100,100,0,50,"Right"
12,1,34,"Red_Right","Yellow_Right","Green_Up","Blue_Down",-150,100,0,50,"Up"
12,1,35,"Red_Right","Yellow_Up","Green_Right","Blue_Right",-150,100,50,-200,"Left"
12,1,36,"Red_Down","Yellow_Up","Green_Left","Blue_Left",-150,100,0,50,"Left"
12,1,37,"Red_Up","Yellow_Down","Green_Up","Blue_Right",-150,100,0,50,"Left"
12,1,38,"Red_Up","Yellow_Down","Green_Up","Blue_Up",100,100,0,50,"Down"
12,1,39,"Red_Right","Yellow_Up","Green_Down","Blue_Right",-150,100,50,50,"Right"
12,1,40,"Red_Right","Yellow_Down","Green_Down","Blue_Left",100,100,50,-200,"Right"
12,1,41,"Red_Left","Yellow_Up","Green_Right","Blue_Left",100,100,50,50,"Left"
12,1,42,"Red_Down","Yellow_Down","Green_Down","Blue_Up",-150,100,0,50,"Down"
12,1,43,"Red_Left","Yellow_Left","Green_Right","Blue_Down",100,100,50,50,"Right"
12,1,44,"Red_Left","Yellow_Left","Green_Right","Blue_Right",100,-1150,0,50,"Up"
12,1,45,"Red_Up","Yellow_Up","Green_Right","Blue_Up",-150,100,0,50,"Up"
12,1,46,"Red_Right","Yellow_Down","Green_Right","Blue_Right",-150,100,50,50,"Down"
12,1,47,"Red_Right","Yellow_Left","Green_Left","Blue_Right",-150,100,0,50,"Down"
12,1,48,"Red_Right","Yellow_Left","Green_Up","Blue_Down",100,100,0,50,"Down"
12,1,49,"Red_Left","Yellow_Up","Green_Down","Blue_Left",-150,100,50,50,"Up"
12,1,50,"Red_Right","Yellow_Left","Green_Right","Blue_Up",100,100,0,50,"Left"
12,2,1,"Red_Up","Yellow_Right","Green_Right","Blue_Right",100,100,0,50,"Right"
12,2,2,"Red_Down","Yellow_Down","Green_Down","Blue_Down",-150,100,50,50,"Up"
12,2,3,"Red_Down","Yellow_Left","Green_Right","Blue_Down",-150,100,50,50,"Left"
12,2,4,"Red_Right","Yellow_Left","Green_Right","Blue_Up",100,100,50,50,"Up"
12,2,5,"Red_Left","Yellow_Down","Green_Down","Blue_Left",-150,100,0,50,"Right"
12,2,6,"Red_Down","Yellow_Down","Green_Right","Blue_Left",100,100,0,50,"Up"
12,2,7,"Red_Down","Yellow_Down","Green_Right","Blue_Left",100,100,0,50,"Left"
12,2,8,"Red_Left","Yellow_Right","Green_Left","Blue_Right",100,100,50,50,"Right"
12,2,9,"Red_Right","Yellow_Up","Green_Left","Blue_Right",-150,100,0,50,"Down"
12,2,10,"Red_Right","Yellow_Up","Green_Right","Blue_Down",-150,100,0,50,"Right"
12,2,11,"Red_Down","Yellow_Right","Green_Up","Blue_Down",100,100,0,50,"Up"
12,2,12,"Red_Up","Yellow_Left","Green_Right","Blue_Right",-150,-1150,50,50,"Right"
12,2,13,"Red_Left","Yellow_Right","Green_Up","Blue_Left",100,100,0,50,"Left"
12,2,14,"Red_Up","Yellow_Up","Green_Left","Blue_Down",100,100,0,50,"Left"
12,2,15,"Red_Left","Yellow_Right","Green_Right","Blue_Left",100,100,0,50,"Right"
12,2,16,"Red_Up","Yellow_Down","Green_Right","Blue_Up",100,100,50,50,"Down"
12,2,17,"Red_Left","Yellow_Right","Green_Left","Blue_Up",100,100,50,50,"Right"
12,2,18,"Red_Down","Yellow_Up","Green_Left","Blue_Right",-150,100,50,50,"Down"
12,2,19,"Red_Left","Yellow_Right","Green_Right","Blue_Down",-150,100,50,50,"Left"
12,2,20,"Red_Up","Yellow_Down","Green_Right","Blue_Up",100,100,0,50,"Right"
12,2,21,"Red_Up","Yellow_Down","Green_Left","Blue_Down",-150,100,50,50,"Right"
12,2,22,"Red_Left","Yellow_Up","Green_Up","Blue_Right",-150,100,50,50,"Left"
12,2,23,"Red_Up","Yellow_Up","Green_Right","Blue_Down",-150,100,0,-200,"Up"
12,2,24,"Red_Up","Yellow_Left","Green_Up","Blue_Up",-150,100,50,50,"Down"
12,2,25,"Red_Up","Yellow_Left","Green_Down","Blue_Up",100,100,0,-200,"Up"
12,2,26,"Red_Right","Yellow_Up","Green_Right","Blue_Down",-150,100,50,50,"Up"
12,2,27,"Red_Right","Yellow_Right","Green_Down","Blue_Left",100,100,50,50,"Left"
12,2,28,"Red_Up","Yellow_Left","Green_Down","Blue_Left",100,-1150,0,50,"Right"
12,2,29,"Red_Up","Yellow_Down","Green_Left","Blue_Up",100,100,0,50,"Up"
12,2,30,"Red_Up","Yellow_Down","Green_Right","Blue_Left",100,100,0,50,"Down"
12,2,31,"Red_Down","Yellow_Left","Green_Down","Blue_Up",-150,100,50,50,"Down"
12,2,32,"Red_Up","Yellow_Up","Green_Up","Blue_Up",-150,100,50,50,"Left"
12,2,33,"Red_Right","Yellow_Up","Green_Left","Blue_Right",100,100,50,50,"Down"
12,2,34,"Red_Left","Yellow_Down","Green_Left","Blue_Down",-150,100,50,50,"Left"
12,2,35,"Red_Up","Yellow_Left","Green_Left","Blue_Down",100,100,0,50,"Left"
12,2,36,"Red_Right","Yellow_Left","Green_Right","Blue_Up",100,-1150,0,50,"Right"
12,2,37,"Red_Down","Yellow_Down","Green_Up","Blue_Left",-150,100,0,50,"Right"
12,2,38,"Red_Up","Yellow_Left","Green_Left","Blue_Left",-150,100,50,-200,"Right"
12,2,39,"Red_Left","Yellow_Right","Green_Down","Blue_Down",-150,100,50,50,"Down"
12,2,40,"Red_Left","Yellow_Up","Green_Up","Blue_Up",-150,100,0,50,"Left"
12,2,41,"Red_Right","Yellow_Left","Green_Left","Blue_Left",100,-1150,50,-200,"Right"
12,2,42,"Red_Down","Yellow_Left","Green_Left","Blue_Down",100,100,0,50,"Left"
12,2,43,"Red_Right","Yellow_Up","Green_Up","Blue_Up",-150,100,50,-200,"Right"
12,2,44,"Red_Up","Yellow_Right","Green_Down","Blue_Down",100,-1150,0,50,"Down"
12,2,45,"Red_Left","Yellow_Right","Green_Right","Blue_Left",100,100,50,50,"Right"
12,2,46,"Red_Up","Yellow_Up","Green_Down","Blue_Left",-150,100,0,50,"Down"
12,2,47,"Red_Down","Yellow_Right","Green_Right","Blue_Right",-150,100,0,50,"Left"
12,2,48,"Red_Down","Yellow_Right","Green_Left","Blue_Right",100,100,50,50,"Right"
12,2,49,"Red_Up","Yellow_Down","Green_Up","Blue_Down",-150,100,50,50,"Left"
12,2,50,"Red_Right","Yellow_Left","Green_Right","Blue_Up",-150,100,0,50,"Down"
12,3,1,"Red_Left","Yellow_Down","Green_Right","Blue_Left",-150,100,0,50,"Up"
12,3,2,"Red_Right","Yellow_Up","Green_Left","Blue_Left",-150,100,50,50,"Up"
12,3,3,"Red_Down","Yellow_Left","Green_Right","Blue_Down",100,100,50,50,"Left"
12,3,4,"Red_Down","Yellow_Left","Green_Up","Blue_Left",100,100,0,50,"Left"
12,3,5,"Red_Right","Yellow_Left","Green_Up","Blue_Left",-150,100,50,50,"Right"
12,3,6,"Red_Right","Yellow_Left","Green_Left","Blue_Left",100,-1150,0,50,"Up"
12,3,7,"Red_Left","Yellow_Right","Green_Right","Blue_Up",-150,100,0,-200,"Right"
12,3,8,"Red_Left","Yellow_Right","Green_Left","Blue_Left",100,100,0,50,"Down"
12,3,9,"Red_Left","Yellow_Left","Green_Right","Blue_Up",100,100,0,50,"Right"
12,3,10,"Red_Down","Yellow_Down","Green_Right","Blue_Right",-150,100,50,50,"Down"
12,3,11,"Red_Right","Yellow_Down","Green_Up","Blue_Down",-150,100,0,50,"Right"
12,3,12,"Red_Up","Yellow_Down","Green_Up","Blue_Down",100,100,50,50,"Left"
12,3,13,"Red_Down","Yellow_Up","Green_Down","Blue_Left",100,100,50,50,"Down"
12,3,14,"Red_Up","Yellow_Right","Green_Down","Blue_Left",-150,100,0,50,"Left"
12,3,15,"Red_Left","Yellow_Up","Green_Left","Blue_Left",-150,-1150,50,50,"Up"
12,3,16,"Red_Up","Yellow_Down","Green_Right","Blue_Right",100,100,0,50,"Down"
12,3,17,"Red_Down","Yellow_Right","Green_Left","Blue_Right",100,100,0,50,"Right"
12,3,18,"Red_Right","Yellow_Left","Green_Down","Blue_Left",-150,100,50,-200,"Right"
12,3,19,"Red_Down","Yellow_Up","Green_Down","Blue_Up",100,-1150,50,50,"Down"
12,3,20,"Red_Right","Yellow_Up","Green_Up","Blue_Right",-150,100,0,50,"Right"
12,3,21,"Red_Down","Yellow_Up","Green_Up","Blue_Up",-150,100,0,50,"Up"
12,3,22,"Red_Left","Yellow_Right","Green_Left","Blue_Down",-150,-1150,0,50,"Left"
12,3,23,"Red_Down","Yellow_Left","Green_Down","Blue_Left",100,100,50,50,"Down"
12,3,24,"Red_Down","Yellow_Up","Green_Down","Blue_Right",-150,100,0,50,"Left"
12,3,25,"Red_Left","Yellow_Up","Green_Left","Blue_Right",-150,100,50,50,"Left"
12,3,26,"Red_Up","Yellow_Left","Green_Left","Blue_Up",-150,100,0,50,"Right"
12,3,27,"Red_Left","Yellow_Left","Green_Right","Blue_Right",-150,100,50,50,"Up"
12,3,28,"Red_Up","Yellow_Left","Green_Down","Blue_Up",-150,100,0,50,"Right"
12,3,29,"Red_Down","Yellow_Down","Green_Up","Blue_Right",-150,100,0,50,"Down"
12,3,30,"Red_Right","Yellow_Up","Green_Down","Blue_Down",100,100,0,50,"Down"
12,3,31,"Red_Right","Yellow_Right","Green_Down","Blue_Right",-150,100,50,50,"Up"
12,3,32,"Red_Down","Yellow_Up","Green_Down","Blue_Up",100,100,0,50,"Up"
12,3,33,"Red_Up","Yellow_Up","Green_Right","Blue_Down",100,100,50,50,"Down"
12,3,34,"Red_Right","Yellow_Down","Green_Right","Blue_Down",-150,100,50,50,"Right"
12,3,35,"Red_Down","Yellow_Down","Green_Up","Blue_Left",-150,-1150,50,50,"Left"
12,3,36,"Red_Right","Yellow_Up","Green_Up","Blue_Up",-150,100,50,-200,"Left"
12,3,37,"Red_Left","Yellow_Left","Green_Down","Blue_Right",100,100,0,50,"Left"
12,3,38,"Red_Left","Yellow_Down","Green_Down","Blue_Right",100,100,50,50,"Right"
12,3,39,"Red_Right","Yellow_Up","Green_Up","Blue_Up",100,100,0,50,"Down"
12,3,40,"Red_Left","Yellow_Left","Green_Right","Blue_Right",-150,100,50,50,"Down"
12,3,41,"Red_Up","Yellow_Left","Green_Up","Blue_Right",100,100,50,-200,"Left"
12,3,42,"Red_Right","Yellow_Right","Green_Up","Blue_Up",100,100,0,50,"Right"
12,3,43,"Red_Up","Yellow_Down","Green_Down","Blue_Up",100,100,50,-200,"Up"
12,3,44,"Red_Right","Yellow_Left","Green_Right","Blue_Down",100,100,50,50,"Left"
12,3,45,"Red_Down","Yellow_Up","Green_Down","Blue_Down",100,100,50,50,"Up"
12,3,46,"Red_Up","Yellow_Left","Green_Right","Blue_Left",100,100,50,50,"Left"
12,3,47,"Red_Right","Yellow_Left","Green_Right","Blue_Left",100,100,0,50,"Left"
12,3,48,"Red_Right","Yellow_Up","Green_Left","Blue_Up",-150,100,0,50,"Left"
12,3,49,"Red_Up","Yellow_Right","Green_Down","Blue_Left",100,100,0,50,"Right"
12,3,50,"Red_Down","Yellow_Right","Green_Right","Blue_Left",-150,100,50,50,"Right"
12,4,1,"Red_Up","Yellow_Right","Green_Right","Blue_Up",-150,100,0,50,"Down"
12,4,2,"Red_Right","Yellow_Right","Green_Left","Blue_Up",-150,100,0,50,"Right"
12,4,3,"Red_Up","Yellow_Right","Green_Down","Blue_Right",100,100,0,-200,"Up"
12,4,4,"Red_Down","Yellow_Up","Green_Left","Blue_Left",-150,100,50,50,"Right"
12,4,5,"Red_Right","Yellow_Up","Green_Right","Blue_Down",-150,100,50,50,"Up"
12,4,6,"Red_Right","Yellow_Left","Green_Down","Blue_Left",-150,100,50,50,"Right"
12,4,7,"Red_Down","Yellow_Up","Green_Down","Blue_Up",-150,100,50,50,"Left"
12,4,8,"Red_Up","Yellow_Right","Green_Up","Blue_Up",100,100,0,50,"Up"
12,4,9,"Red_Down","Yellow_Left","Green_Left","Blue_Up",-150,100,50,50,"Down"
12,4,10,"Red_Right","Yellow_Right","Green_Right","Blue_Right",-150,-1150,50,50,"Right"
12,4,11,"Red_Right","Yellow_Down","Green_Down","Blue_Up",100,100,50,50,"Down"
12,4,12,"Red_Right","Yellow_Up","Green_Down","Blue_Left",100,100,0,50,"Left"
12,4,13,"Red_Right","Yellow_Left","Green_Left","Blue_Down",-150,100,50,50,"Down"
12,4,14,"Red_Down","Yellow_Left","Green_Left","Blue_Left",100,100,50,50,"Up"
12,4,15,"Red_Up","Yellow_Up","Green_Right","Blue_Right",100,100,50,50,"Up"
12,4,16,"Red_Down","Yellow_Up","Green_Down","Blue_Right",-150,100,50,-200,"Right"
12,4,17,"Red_Left","Yellow_Down","Green_Left","Blue_Down",100,100,0,-200,"Down"
12,4,18,"Red_Down","Yellow_Up","Green_Down","Blue_Left",-150,-1150,0,50,"Left"
12,4,19,"Red_Down","Yellow_Right","Green_Left","Blue_Left",-150,100,0,50,"Up"
12,4,20,"Red_Down","Yellow_Up","Green_Down","Blue_Right",100,100,50,50,"Up"
12,4,21,"Red_Down","Yellow_Right","Green_Down","Blue_Up",100,100,0,50,"Up"
12,4,22,"Red_Left","Yellow_Down","Green_Left","Blue_Down",100,100,0,50,"Right"
12,4,23,"Red_Right","Yellow_Up","Green_Left","Blue_Up",100,100,0,50,"Right"
12,4,24,"Red_Right","Yellow_Left","Green_Down","Blue_Left",-150,100,0,-200,"Up"
12,4,25,"Red_Left","Yellow_Up","Green_Down","Blue_Down",100,100,50,50,"Right"
12,4,26,"Red_Down","Yellow_Down","Green_Down","Blue_Left",-150,100,50,50,"Up"
12,4,27,"Red_Left","Yellow_Down","Green_Down","Blue_Up",-150,100,0,50,"Up"
12,4,28,"Red_Left","Yellow_Left","Green_Up","Blue_Up",-150,-1150,0,50,"Left"
12,4,29,"Red_Left","Yellow_Left","Green_Left","Blue_Down",100,100,50,50,"Up"
12,4,30,"Red_Up","Yellow_Right","Green_Right","Blue_Left",100,100,0,50,"Down"
12,4,31,"Red_Right","Yellow_Right","Green_Right","Blue_Left",-150,100,0,50,"Right"
12,4,32,"Red_Up","Yellow_Right","Green_Up","Blue_Left",100,100,50,50,"Left"
12,4,33,"Red_Up","Yellow_Down","Green_Right","Blue_Down",100,100,0,50,"Left"
12,4,34,"Red_Up","Yellow_Right","Green_Up","Blue_Right",-150,100,50,50,"Left"
12,4,35,"Red_Left","Yellow_Down","Green_Right","Blue_Down",-150,100,0,50,"Right"
12,4,36,"Red_Left","Yellow_Down","Green_Right","Blue_Right",100,100,0,50,"Down"
12,4,37,"Red_Down","Yellow_Right","Green_Right","Blue_Up",100,-1150,50,50,"Right"
12,4,38,"Red_Up","Yellow_Right","Green_Down","Blue_Up",100,100,0,50,"Down"
12,4,39,"Red_Down","Yellow_Down","Green_Down","Blue_Right",100,100,0,50,"Up"
12,4,40,"Red_Up","Yellow_Up","Green_Down","Blue_Right",-150,100,50,50,"Left"
12,4,41,"Red_Right","Yellow_Right","Green_Right","Blue_Right",-150,100,0,50,"Down"
12,4,42,"Red_Right","Yellow_Down","Green_Left","Blue_Up",-150,100,50,50,"Up"
12,4,43,"Red_Down","Yellow_Left","Green_Right","Blue_Right",-150,100,0,50,"Up"
12,4,44,"Red_Right","Yellow_Left","Green_Up","Blue_Down",-150,100,50,50,"Left"
12,4,45,"Red_Down","Yellow_Left","Green_Right","Blue_Down",100,100,50,50,"Right"
12,4,46,"Red_Right","Yellow_Right","Green_Down","Blue_Up",100,100,50,50,"Down"
12,4,47,"Red_Right","Yellow_Left","Green_Down","Blue_Down",100,100,0,-200,"Down"
12,4,48,"Red_Right","Yellow_Down","Green_Left","Blue_Up",-150,-1150,50,50,"Up"
12,4,49,"Red_Up","Yellow_Left","Green_Up","Blue_Up",100,100,50,50,"Up"
12,4,50,"Red_Up","Yellow_Left","Green_Down","Blue_Left",100,100,0,50,"Left"
12,5,1,"Red_Right","Yellow_Left","Green_Left","Blue_Right",100,100,50,50,"Left"
12,5,2,"Red_Right","Yellow_Right","Green_Left","Blue_Right",-150,100,50,50,"Up"
12,5,3,"Red_Down","Yellow_Up","Green_Right","Blue_Up",100,100,0,50,"Down"
12,5,4,"Red_Right","Yellow_Right","Green_Up","Blue_Left",100,100,50,50,"Right"
12,5,5,"Red_Right","Yellow_Down","Green_Left","Blue_Down",-150,100,50,50,"Right"
12,5,6,"Red_Right","Yellow_Right","Green_Down","Blue_Down",100,100,0,50,"Up"
12,5,7,"Red_Left","Yellow_Down","Green_Up","Blue_Down",-150,100,50,-200,"Right"
12,5,8,"Red_Up","Yellow_Up","Green_Left","Blue_Down",100,100,50,50,"Down"
12,5,9,"Red_Up","Yellow_Left","Green_Down","Blue_Down",-150,-1150,0,50,"Right"
12,5,10,"Red_Up","Yellow_Down","Green_Down","Blue_Down",-150,-1150,0,50,"Up"
12,5,11,"Red_Left","Yellow_Down","Green_Right","Blue_Down",100,100,0,50,"Left"
12,5,12,"Red_Up","Yellow_Down","Green_Left","Blue_Right",100,100,50,50,"Left"
12,5,13,"Red_Down","Yellow_Up","Green_Down","Blue_Up",100,100,0,50,"Right"
12,5,14,"Red_Left","Yellow_Down","Green_Left","Blue_Left",-150,100,0,50,"Right"
12,5,15,"Red_Up","Yellow_Down","Green_Up","Blue_Left",-150,100,0,50,"Down"
12,5,16,"Red_Up","Yellow_Left","Green_Right","Blue_Down",-150,100,0,50,"Down"
12,5,17,"Red_Down","Yellow_Up","Green_Up","Blue_Up",100,100,0,50,"Left"
12,5,18,"Red_Right","Yellow_Down","Green_Right","Blue_Right",100,100,50,50,"Up"
12,5,19,"Red_Left","Yellow_Left","Green_Right","Blue_Right",-150,100,0,50,"Down"
12,5,20,"Red_Left","Yellow_Down","Green_Left","Blue_Right",-150,100,0,50,"Down"
12,5,21,"Red_Right","Yellow_Left","Green_Up","Blue_Right",100,-1150,50,50,"Down"
12,5,22,"Red_Left","Yellow_Left","Green_Left","Blue_Right",-150,100,50,50,"Up"
12,5,23,"Red_Right","Yellow_Right","Green_Left","Blue_Down",-150,100,0,50,"Down"
12,5,24,"Red_Down","Yellow_Down","Green_Up","Blue_Left",-150,-1150,50,50,"Up"
12,5,25,"Red_Left","Yellow_Down","Green_Up","Blue_Right",100,100,0,50,"Left"
12,5,26,"Red_Down","Yellow_Left","Green_Up","Blue_Left",-150,100,50,50,"Left"
12,5,27,"Red_Down","Yellow_Left","Green_Left","Blue_Right",100,100,50,50,"Right"
12,5,28,"Red_Up","Yellow_Up","Green_Right","Blue_Down",-150,100,50,50,"Left"
12,5,29,"Red_Down","Yellow_Left","Green_Left","Blue_Up",100,100,0,50,"Down"
12,5,30,"Red_Right","Yellow_Right","Green_Up","Blue_Left",-150,100,0,50,"Down"
12,5,31,"Red_Right","Yellow_Right","Green_Up","Blue_Down",-150,100,50,-200,"Right"
12,5,32,"Red_Right","Yellow_Left","Green_Down","Blue_Left",-150,100,0,50,"Left"
12,5,33,"Red_Left","Yellow_Left","Green_Left","Blue_Down",-150,100,50,50,"Left"
12,5,34,"Red_Right","Yellow_Up","Green_Up","Blue_Left",100,100,0,50,"Right"
12,5,35,"Red_Down","Yellow_Up","Green_Down","Blue_Left",100,100,50,50,"Right"
12,5,36,"Red_Left","Yellow_Right","Green_Right","Blue_Up",-150,100,0,50,"Right"
12,5,37,"Red_Right","Yellow_Down","Green_Up","Blue_Left",-150,100,50,50,"Up"
12,5,38,"Red_Up","Yellow_Left","Green_Right","Blue_Down",-150,100,50,50,"Down"
12,5,39,"Red_Right","Yellow_Left","Green_Left","Blue_Up",-150,100,0,-200,"Right"
12,5,40,"Red_Up","Yellow_Right","Green_Down","Blue_Up",-150,100,50,-200,"Right"
12,5,41,"Red_Up","Yellow_Left","Green_Down","Blue_Left",100,100,50,50,"Down"
12,5,42,"Red_Up","Yellow_Left","Green_Down","Blue_Down",100,100,50,50,"Left"
12,5,43,"Red_Left","Yellow_Down","Green_Left","Blue_Right",100,100,50,50,"Down"
12,5,44,"Red_Left","Yellow_Left","Green_Down","Blue_Right",100,100,0,50,"Up"
12,5,45,"Red_Left","Yellow_Up","Green_Left","Blue_Up",-150,100,0,50,"Left"
12,5,46,"Red_Left","Yellow_Left","Green_Left","Blue_Left",100,100,50,50,"Down"
12,5,47,"Red_Right","Yellow_Up","Green_Left","Blue_Left",100,100,0,-200,"Right"
12,5,48,"Red_Left","Yellow_Down","Green_Right","Blue_Right",100,-1150,0,50,"Right"
12,5,49,"Red_Left","Yellow_Up","Green_Up","Blue_Up",100,100,50,50,"Up"
12,5,50,"Red_Up","Yellow_Up","Green_Up","Blue_Up",100,100,0,50,"Up"
12,6,1,"Red_Left","Yellow_Left","Green_Left","Blue_Up",100,100,50,50,"Down"
12,6,2,"Red_Up","Yellow_Up","Green_Right","Blue_Right",-150,100,0,50,"Down"
12,6,3,"Red_Right","Yellow_Down","Green_Left","Blue_Right",-150,100,50,50,"Up"
12,6,4,"Red_Left","Yellow_Down","Green_Left","Blue_Down",-150,100,50,50,"Up"
12,6,5,"Red_Down","Yellow_Down","Green_Left","Blue_Left",100,-1150,50,50,"Left"
12,6,6,"Red_Right","Yellow_Down","Green_Left","Blue_Left",-150,100,50,-200,"Left"
12,6,7,"Red_Up","Yellow_Left","Green_Right","Blue_Up",-150,100,50,50,"Up"
12,6,8,"Red_Right","Yellow_Up","Green_Left","Blue_Left",-150,100,0,50,"Down"
12,6,9,"Red_Down","Yellow_Left","Green_Left","Blue_Right",100,100,50,50,"Left"
12,6,10,"Red_Up","Yellow_Up","Green_Down","Blue_Left",100,100,0,50,"Down"
12,6,11,"Red_Up","Yellow_Left","Green_Up","Blue_Up",100,100,50,50,"Left"
12,6,12,"Red_Down","Yellow_Left","Green_Up","Blue_Down",100,100,0,50,"Up"
12,6,13,"Red_Down","Yellow_Left","Green_Up","Blue_Down",100,100,50,50,"Right"
12,6,14,"Red_Left","Yellow_Up","Green_Right","Blue_Down",100,100,50,50,"Down"
12,6,15,"Red_Left","Yellow_Up","Green_Right","Blue_Right",-150,-1150,0,50,"Left"
12,6,16,"Red_Right","Yellow_Left","Green_Left","Blue_Down",100,100,0,-200,"Left"
12,6,17,"Red_Down","Yellow_Right","Green_Up","Blue_Up",100,-1150,0,50,"Right"
12,6,18,"Red_Right","Yellow_Down","Green_Down","Blue_Left",100,100,0,50,"Down"
12,6,19,"Red_Left","Yellow_Down","Green_Left","Blue_Left",100,100,50,50,"Left"
12,6,20,"Red_Up","Yellow_Right","Green_Right","Blue_Right",100,-1150,0,50,"Down"
12,6,21,"Red_Up","Yellow_Left","Green_Right","Blue_Down",-150,100,50,50,"Left"
12,6,22,"Red_Down","Yellow_Right","Green_Down","Blue_Left",-150,100,0,50,"Down"
12,6,23,"Red_Down","Yellow_Down","Green_Left","Blue_Down",100,100,50,50,"Right"
12,6,24,"Red_Left","Yellow_Down","Green_Up","Blue_Left",100,100,50,50,"Right"
12,6,25,"Red_Down","Yellow_Down","Green_Right","Blue_Right",100,100,0,50,"Up"
12,6,26,"Red_Up","Yellow_Down","Green_Left","Blue_Up",-150,100,0,50,"Up"
12,6,27,"Red_Right","Yellow_Left","Green_Right","Blue_Down",-150,100,0,50,"Left"
12,6,28,"Red_Down","Yellow_Right","Green_Down","Blue_Left",-150,100,50,50,"Left"
12,6,29,"Red_Down","Yellow_Down","Green_Right","Blue_Up",-150,100,50,-200,"Right"
12,6,30,"Red_Down","Yellow_Up","Green_Right","Blue_Right",-150,100,50,-200,"Down"
12,6,31,"Red_Up","Yellow_Left","Green_Up","Blue_Up",100,100,0,50,"Down"
12,6,32,"Red_Left","Yellow_Left","Green_Down","Blue_Right",100,100,50,50,"Down"
12,6,33,"Red_Down","Yellow_Right","Green_Down","Blue_Down",-150,100,50,50,"Right"
12,6,34,"Red_Down","Yellow_Down","Green_Up","Blue_Left",-150,100,0,50,"Down"
12,6,35,"Red_Up","Yellow_Left","Green_Left","Blue_Down",100,100,0,50,"Down"
12,6,36,"Red_Right","Yellow_Up","Green_Down","Blue_Right",100,100,50,-200,"Up"
12,6,37,"Red_Right","Yellow_Right","Green_Down","Blue_Left",100,100,0,50,"Right"
12,6,38,"Red_Down","Yellow_Right","Green_Down","Blue_Down",-150,100,0,50,"Up"
12,6,39,"Red_Down","Yellow_Left","Green_Up","Blue_Right",-150,100,50,50,"Left"
12,6,40,"Red_Up","Yellow_Down","Green_Up","Blue_Down",100,100,0,50,"Right"
12,6,41,"Red_Up","Yellow_Down","Green_Up","Blue_Up",-150,-1150,50,50,"Left"
12,6,42,"Red_Down","Yellow_Left","Green_Right","Blue_Right",100,100,0,50,"Down"
12,6,43,"Red_Up","Yellow_Right","Green_Up","Blue_Up",-150,100,50,50,"Down"
12,6,44,"Red_Left","Yellow_Down","Green_Up","Blue_Down",100,100,50,50,"Right"
12,6,45,"Red_Up","Yellow_Right","Green_Down","Blue_Right",-150,100,0,50,"Left"
12,6,46,"Red_Up","Yellow_Left","Green_Up","Blue_Right",-150,100,0,50,"Up"
12,6,47,"Red_Right","Yellow_Up","Green_Down","Blue_Right",-150,100,0,50,"Left"
12,6,48,"Red_Left","Yellow_Right","Green_Up","Blue_Left",-150,100,0,50,"Down"
12,6,49,"Red_Right","Yellow_Right","Green_Down","Blue_Up",100,100,0,50,"Right"
12,6,50,"Red_Up","Yellow_Left","Green_Up","Blue_Right",-150,100,50,50,"Right"
13,1,1,"Red_Left","Yellow_Right","Green_Left","Blue_Left",100,100,0,50,"Up"
13,1,2,"Red_Down","Yellow_Down","Green_Right","Blue_Down",100,100,0,50,"Left"
13,1,3,"Red_Down","Yellow_Up","Green_Down","Blue_Left",-150,100,0,50,"Down"
13,1,4,"Red_Up","Yellow_Up","Green_Left","Blue_Down",100,100,50,50,"Down"
13,1,5,"Red_Up","Yellow_Down","Green_Left","Blue_Down",100,100,50,50,"Left"
13,1,6,"Red_Down","Yellow_Right","Green_Up","Blue_Up",-150,100,0,50,"Right"
13,1,7,"Red_Up","Yellow_Left","Green_Right","Blue_Down",-150,100,0,50,"Up"
13,1,8,"Red_Down","Yellow_Right","Green_Right","Blue_Left",100,100,50,50,"Left"
13,1,9,"Red_Up","Yellow_Left","Green_Down","Blue_Up",-150,100,50,50,"Up"
13,1,10,"Red_Left","Yellow_Up","Green_Left","Blue_Down",100,100,0,50,"Down"
13,1,11,"Red_Right","Yellow_Right","Green_Left","Blue_Right",-150,100,0,50,"Up"
13,1,12,"Red_Left","Yellow_Left","Green_Left","Blue_Right",100,100,0,50,"Up"
13,1,13,"Red_Left","Yellow_Left","Green_Left","Blue_Right",100,100,50,-200,"Right"
13,1,14,"Red_Left","Yellow_Right","Green_Right","Blue_Right",-150,100,50,50,"Right"
13,1,15,"Red_Left","Yellow_Up","Green_Left","Blue_Down",-150,100,0,50,"Up"
13,1,16,"Red_Down","Yellow_Up","Green_Left","Blue_Down",100,-1150,0,50,"Right"
13,1,17,"Red_Down","Yellow_Right","Green_Down","Blue_Down",100,100,50,50,"Right"
13,1,18,"Red_Down","Yellow_Right","Green_Down","Blue_Right",-150,100,0,50,"Up"
13,1,19,"Red_Up","Yellow_Left","Green_Up","Blue_Down",-150,100,0,50,"Up"
13,1,20,"Red_Down","Yellow_Right","Green_Down","Blue_Left",100,100,50,50,"Down"
13,1,21,"Red_Right","Yellow_Left","Green_Up","Blue_Left",-150,100,0,-200,"Right"
13,1,22,"Red_Left","Yellow_Right","Green_Left","Blue_Right",-150,100,0,50,"Right"
13,1,23,"Red_Up","Yellow_Down","Green_Down","Blue_Up",100,-1150,50,50,"Right"
13,1,24,"Red_Right","Yellow_Right","Green_Down","Blue_Left",-150,100,50,50,"Left"
13,1,25,"Red_Down","Yellow_Down","Green_Left","Blue_Right",100,100,50,50,"Down"
13,1,26,"Red_Right","Yellow_Right","Green_Down","Blue_Right",100,100,50,50,"Down"
13,1,27,"Red_Left","Yellow_Up","Green_Right","Blue_Down",100,100,0,-200,"Right"
13,1,28,"Red_Right","Yellow_Right","Green_Left","Blue_Left",100,100,0,-200,"Right"
13,1,29,"Red_Left","Yellow_Up","Green_Down","Blue_Right",100,100,50,50,"Down"
13,1,30,"Red_Down","Yellow_Up","Green_Down","Blue_Right",100,100,0,50,"Up"
13,1,31,"Red_Down","Yellow_Up","Green_Left","Blue_Right",-150,100,0,50,"Up"
13,1,32,"Red_Up","Yellow_Right","Green_Right","Blue_Left",100,100,50,50,"Right"
13,1,33,"Red_Up","Yellow_Left","Green_Left","Blue_Up",-150,100,0,50,"Left"
13,1,34,"Red_Up","Yellow_Up","Green_Up","Blue_Up",-150,-1150,50,50,"Down"
13,1,35,"Red_Down","Yellow_Right","Green_Down","Blue_Up",-150,100,50,50,"Right"
13,1,36,"Red_Right","Yellow_Down","Green_Left","Blue_Left",100,100,50,50,"Left"
13,1,37,"Red_Left","Yellow_Up","Green_Left","Blue_Right",-150,100,0,50,"Left"
13,1,38,"Red_Up","Yellow_Up","Green_Left","Blue_Up",100,100,50,50,"Down"
13,1,39,"Red_Left","Yellow_Down","Green_Down","Blue_Up",-150,100,0,50,"Up"
13,1,40,"Red_Down","Yellow_Up","Green_Down","Blue_Up",100,100,50,50,"Up"
13,1,41,"Red_Down","Yellow_Down","Green_Down","Blue_Up",-150,100,50,50,"Down"
13,1,42,"Red_Right","Yellow_Left","Green_Left","Blue_Right",100,100,0,50,"Down"
13,1,43,"Red_Up","Yellow_Up","Green_Up","Blue_Up",100,100,50,50,"Left"
13,1,44,"Red_Right","Yellow_Down","Green_Left","Blue_Left",-150,100,50,50,"Up"
13,1,45,"Red_Left","Yellow_Up","Green_Left","Blue_Up",-150,100,0,50,"Down"
13,1,46,"Red_Right","Yellow_Left","Green_Up","Blue_Right",-150,100,50,50,"Up"
13,1,47,"Red_Down","Yellow_Right","Green_Left","Blue_Right",100,-1150,50,50,"Right"
13,1,48,"Red_Left","Yellow_Right","Green_Down","Blue_Up",-150,-1150,50,50,"Right"
13,1,49,"Red_Left","Yellow_Left","Green_Left","Blue_Right",-150,100,0,-200,"Down"
13,1,50,"Red_Up","Yellow_Up","Green_Left","Blue_Down",-150,100,0,50,"Left"
13,2,1,"Red_Right","Yellow_Up","Green_Down","Blue_Down",100,100,50,50,"Right"
13,2,2,"Red_Up","Yellow_Up","Green_Left","Blue_Up",-150,100,0,50,"Up"
13,2,3,"Red_Up","Yellow_Right","Green_Right","Blue_Down",-150,100,0,-200,"Left"
13,2,4,"Red_Right","Yellow_Left","Green_Left","Blue_Up",-150,100,0,50,"Right"
13,2,5,"Red_Down","Yellow_Up","Green_Down","Blue_Left",100,100,0,50,"Down"
13,2,6,"Red_Left","Yellow_Left","Green_Right","Blue_Right",-150,-1150,50,-200,"Right"
13,2,7,"Red_Right","Yellow_Up","Green_Down","Blue_Right",100,100,50,50,"Down"
13,2,8,"Red_Right","Yellow_Left","Green_Up","Blue_Down",100,100,0,50,"Right"
13,2,9,"Red_Left","Yellow_Down","Green_Up","Blue_Down",-150,100,50,-200,"Right"
13,2,10,"Red_Left","Yellow_Down","Green_Up","Blue_Up",100,100,0,50,"Right"
13,2,11,"Red_Right","Yellow_Down","Green_Down","Blue_Right",100,100,50,50,"Right"
13,2,12,"Red_Left","Yellow_Left","Green_Left","Blue_Down",-150,100,0,50,"Right"
13,2,13,"Red_Down","Yellow_Right","Green_Up","Blue_Left",100,100,0,50,"Left"
13,2,14,"Red_Down","Yellow_Down","Green_Left","Blue_Left",-150,100,50,50,"Up"
13,2,15,"Red_Left","Yellow_Left","Green_Right","Blue_Left",100,100,50,50,"Right"
13,2,16,"Red_Down","Yellow_Right","Green_Right","Blue_Down",100,100,50,50,"Down"
13,2,17,"Red_Down","Yellow_Right","Green_Right","Blue_Left",100,100,0,50,"Up"
13,2,18,"Red_Left","Yellow_Left","Green_Down","Blue_Right",100,100,50,50,"Down"
13,2,19,"Red_Left","Yellow_Down","Green_Right","Blue_Right",100,100,50,50,"Right"
13,2,20,"Red_Right","Yellow_Left","Green_Right","Blue_Up",100,100,0,50,"Down"
13,2,21,"Red_Left","Yellow_Left","Green_Right","Blue_Left",100,100,0,50,"Left"
13,2,22,"Red_Down","Yellow_Down","Green_Left","Blue_Up",100,100,0,50,"Down"
13,2,23,"Red_Right","Yellow_Up","Green_Left","Blue_Down",100,100,50,50,"Left"
13,2,24,"Red_Left","Yellow_Down","Green_Left","Blue_Down",-150,100,0,50,"Right"
13,2,25,"Red_Right","Yellow_Right","Green_Down","Blue_Right",-150,-1150,0,50,"Left"
13,2,26,"Red_Left","Yellow_Up","Green_Up","Blue_Right",-150,100,50,50,"Right"
13,2,27,"Red_Up","Yellow_Up","Green_Up","Blue_Down",-150,100,0,50,"Down"
13,2,28,"Red_Right","Yellow_Right","Green_Up","Blue_Left",100,-1150,50,50,"Left"
13,2,29,"Red_Left","Yellow_Down","Green_Down","Blue_Left",100,100,50,50,"Right"
13,2,30,"Red_Right","Yellow_Down","Green_Left","Blue_Up",-150,100,50,50,"Up"
13,2,31,"Red_Down","Yellow_Right","Green_Down","Blue_Left",-150,100,0,50,"Up"
13,2,32,"Red_Right","Yellow_Left","Green_Right","Blue_Right",-150,100,50,50,"Right"
13,2,33,"Red_Up","Yellow_Down","Green_Up","Blue_Down",-150,100,50,50,"Down"
13,2,34,"Red_Left","Yellow_Up","Green_Right","Blue_Right",100,100,50,50,"Down"
13,2,35,"Red_Right","Yellow_Right","Green_Down","Blue_Up",100,100,50,-200,"Right"
13,2,36,"Red_Left","Yellow_Right","Green_Right","Blue_Up",-150,100,0,50,"Left"
13,2,37,"Red_Left","Yellow_Right","Green_Down","Blue_Up",-150,100,0,50,"Left"
13,2,38,"Red_Right","Yellow_Down","Green_Down","Blue_Down",100,100,50,50,"Left"
13,2,39,"Red_Up","Yellow_Right","Green_Right","Blue_Left",-150,-1150,50,50,"Down"
13,2,40,"Red_Left","Yellow_Right","Green_Up","Blue_Up",-150,100,0,50,"Right"
13,2,41,"Red_Right","Yellow_Up","Green_Right","Blue_Right",-150,100,0,50,"Down"
13,2,42,"Red_Down","Yellow_Up","Green_Right","Blue_Up",100,100,50,50,"Up"
13,2,43,"Red_Left","Yellow_Left","Green_Right","Blue_Down",100,100,50,50,"Down"
13,2,44,"Red_Down","Yellow_Down","Green_Up","Blue_Down",-150,100,0,50,"Down"
13,2,45,"Red_Up","Yellow_Left","Green_Right","Blue_Right",100,100,0,50,"Up"
13,2,46,"Red_Left","Yellow_Down","Green_Up","Blue_Down",100,100,50,50,"Down"
13,2,47,"Red_Right","Yellow_Right","Green_Down","Blue_Up",-150,100,0,50,"Down"
13,2,48,"Red_Up","Yellow_Left","Green_Left","Blue_Up",-150,100,0,-200,"Right"
13,2,49,"Red_Right","Yellow_Right","Green_Right","Blue_Right",-150,-1150,50,50,"Left"
13,2,50,"Red_Right","Yellow_Right","Green_Left","Blue_Left",-150,100,0,50,"Up"
13,3,1,"Red_Down","Yellow_Right","Green_Up","Blue_Right",-150,100,0,50,"Up"
13,3,2,"Red_Up","Yellow_Down","Green_Right","Blue_Up",100,100,50,50,"Up"
13,3,3,"Red_Right","Yellow_Down","Green_Left","Blue_Right",-150,100,50,50,"Right"
13,3,4,"Red_Right","Yellow_Down","Green_Up","Blue_Right",100,100,50,50,"Down"
13,3,5,"Red_Left","Yellow_Right","Green_Right","Blue_Left",100,100,0,50,"Left"
13,3,6,"Red_Down","Yellow_Right","Green_Down","Blue_Up",-150,100,50,50,"Right"
13,3,7,"Red_Left","Yellow_Down","Green_Down","Blue_Left",100,100,50,50,"Down"
13,3,8,"Red_Up","Yellow_Left","Green_Down","Blue_Down",-150,100,50,50,"Down"
13,3,9,"Red_Up","Yellow_Up","Green_Down","Blue_Up",100,100,0,50,"Down"
13,3,10,"Red_Down","Yellow_Up","Green_Right","Blue_Right",100,100,50,50,"Up"
13,3,11,"Red_Left","Yellow_Up","Green_Up","Blue_Left",100,100,50,50,"Right"
13,3,12,"Red_Up","Yellow_Up","Green_Down","Blue_Right",100,100,50,50,"Down"
13,3,13,"Red_Up","Yellow_Down","Green_Right","Blue_Down",-150,100,0,50,"Right"
13,3,14,"Red_Left","Yellow_Right","Green_Left","Blue_Up",-150,100,50,-200,"Right"
13,3,15,"Red_Up","Yellow_Down","Green_Right","Blue_Down",-150,100,0,50,"Right"
13,3,16,"Red_Up","Yellow_Down","Green_Up","Blue_Right",100,100,50,-200,"Right"
13,3,17,"Red_Left","Yellow_Up","Green_Left","Blue_Left",100,100,50,50,"Up"
13,3,18,"Red_Right","Yellow_Up","Green_Left","Blue_Right",-150,-1150,50,50,"Left"
13,3,19,"Red_Up","Yellow_Up","Green_Left","Blue_Down",-150,100,0,50,"Right"
13,3,20,"Red_Left","Yellow_Down","Green_Up","Blue_Left",100,100,0,50,"Left"
13,3,21,"Red_Down","Yellow_Right","Green_Left","Blue_Up",100,100,50,-200,"Right"
13,3,22,"Red_Left","Yellow_Up","Green_Right","Blue_Up",-150,100,0,50,"Down"
13,3,23,"Red_Up","Yellow_Left","Green_Left","Blue_Down",-150,100,0,50,"Right"
13,3,24,"Red_Right","Yellow_Right","Green_Left","Blue_Right",100,100,50,50,"Up"
13,3,25,"Red_Right","Yellow_Up","Green_Up","Blue_Left",100,-1150,50,50,"Left"
13,3,26,"Red_Right","Yellow_Up","Green_Down","Blue_Right",-150,100,0,-200,"Down"
13,3,27,"Red_Right","Yellow_Up","Green_Down","Blue_Left",-150,100,0,50,"Right"
13,3,28,"Red_Up","Yellow_Up","Green_Up","Blue_Down",100,100,50,50,"Down"
13,3,29,"Red_Down","Yellow_Right","Green_Left","Blue_Down",100,100,0,50,"Left"
13,3,30,"Red_Down","Yellow_Right","Green_Right","Blue_Right",100,100,50,50,"Up"
13,3,31,"Red_Up","Yellow_Left","Green_Up","Blue_Up",-150,100,0,50,"Down"
13,3,32,"Red_Up","Yellow_Left","Green_Left","Blue_Down",100,100,50,50,"Down"
13,3,33,"Red_Right","Yellow_Right","Green_Down","Blue_Up",-150,100,0,50,"Up"
13,3,34,"Red_Up","Yellow_Down","Green_Down","Blue_Up",-150,100,0,50,"Left"
13,3,35,"Red_Down","Yellow_Down","Green_Up","Blue_Down",-150,100,50,50,"Left"
13,3,36,"Red_Down","Yellow_Down","Green_Right","Blue_Right",-150,100,50,50,"Right"
13,3,37,"Red_Up","Yellow_Down","Green_Up","Blue_Right",-150,100,50,50,"Right"
13,3,38,"Red_Down","Yellow_Up","Green_Right","Blue_Right",-150,100,0,-200,"Up"
13,3,39,"Red_Left","Yellow_Right","Green_Right","Blue_Up",100,100,0,50,"Left"
13,3,40,"Red_Down","Yellow_Left","Green_Down","Blue_Up",100,-1150,0,50,"Right"
13,3,41,"Red_Up","Yellow_Right","Green_Up","Blue_Up",-150,100,50,50,"Up"
13,3,42,"Red_Left","Yellow_Left","Green_Left","Blue_Up",-150,100,0,50,"Left"
13,3,43,"Red_Up","Yellow_Left","Green_Up","Blue_Right",100,-1150,50,50,"Left"
13,3,44,"Red_Left","Yellow_Left","Green_Up","Blue_Up",100,100,0,50,"Left"
13,3,45,"Red_Up","Yellow_Right","Green_Up","Blue_Up",-150,100,0,50,"Down"
13,3,46,"Red_Left","Yellow_Down","Green_Up","Blue_Left",100,-1150,50,50,"Right"
13,3,47,"Red_Right","Yellow_Down","Green_Down","Blue_Up",100,100,0,50,"Right"
13,3,48,"Red_Down","Yellow_Down","Green_Left","Blue_Left",100,100,0,50,"Down"
13,3,49,"Red_Down","Yellow_Left","Green_Right","Blue_Right",-150,100,0,50,"Right"
13,3,50,"Red_Left","Yellow_Left","Green_Right","Blue_Down",-150,100,0,50,"Up"
13,4,1,"Red_Down","Yellow_Left","Green_Left","Blue_Up",-150,100,50,-200,"Left"
13,4,2,"Red_Down","Yellow_Up","Green_Down","Blue_Up",100,100,50,50,"Down"
13,4,3,"Red_Left","Yellow_Down","Green_Left","Blue_Down",100,100,50,50,"Left"
13,4,4,"Red_Up","Yellow_Up","Green_Left","Blue_Left",100,100,0,50,"Left"
13,4,5,"Red_Down","Yellow_Down","Green_Down","Blue_Right",100,100,0,50,"Right"
13,4,6,"Red_Left","Yellow_Up","Green_Right","Blue_Left",100,100,0,50,"Left"
13,4,7,"Red_Down","Yellow_Up","Green_Down","Blue_Up",-150,100,50,50,"Right"
13,4,8,"Red_Right","Yellow_Down","Green_Right","Blue_Left",-150,100,50,50,"Left"
13,4,9,"Red_Left","Yellow_Right","Green_Down","Blue_Up",100,100,0,50,"Right"
13,4,10,"Red_Down","Yellow_Down","Green_Up","Blue_Right",-150,100,50,50,"Down"
13,4,11,"Red_Down","Yellow_Up","Green_Down","Blue_Right",100,100,50,50,"Down"
13,4,12,"Red_Down","Yellow_Down","Green_Up","Blue_Left",100,100,50,50,"Down"
13,4,13,"Red_Right","Yellow_Left","Green_Right","Blue_Up",100,100,50,50,"Up"
13,4,14,"Red_Left","Yellow_Left","Green_Right","Blue_Down",-150,-1150,0,50,"Down"
13,4,15,"Red_Left","Yellow_Left","Green_Up","Blue_Down",-150,100,50,50,"Right"
13,4,16,"Red_Left","Yellow_Left","Green_Right","Blue_Right",-150,-1150,0,50,"Right"
13,4,17,"Red_Up","Yellow_Left","Green_Left","Blue_Left",100,-1150,50,50,"Up"
13,4,18,"Red_Up","Yellow_Left","Green_Left","Blue_Right",-150,100,50,50,"Down"
13,4,19,"Red_Left","Yellow_Left","Green_Left","Blue_Down",-150,100,50,50,"Left"
13,4,20,"Red_Up","Yellow_Left","Green_Right","Blue_Left",100,100,50,50,"Down"
13,4,21,"Red_Right","Yellow_Left","Green_Right","Blue_Left",100,100,0,50,"Up"
13,4,22,"Red_Left","Yellow_Down","Green_Up","Blue_Down",100,100,50,50,"Up"
13,4,23,"Red_Down","Yellow_Left","Green_Right","Blue_Down",100,100,0,-200,"Left"
13,4,24,"Red_Down","Yellow_Up","Green_Left","Blue_Up",100,100,50,-200,"Up"
13,4,25,"Red_Up","Yellow_Down","Green_Left","Blue_Left",-150,100,50,50,"Up"
13,4,26,"Red_Up","Yellow_Up","Green_Down","Blue_Left",100,100,0,50,"Right"
13,4,27,"Red_Left","Yellow_Right","Green_Up","Blue_Up",-150,100,0,50,"Down"
13,4,28,"Red_Right","Yellow_Up","Green_Right","Blue_Up",-150,-1150,0,50,"Left"
13,4,29,"Red_Right","Yellow_Down","Green_Right","Blue_Down",100,100,0,-200,"Left"
13,4,30,"Red_Left","Yellow_Up","Green_Left","Blue_Right",-150,100,50,50,"Left"
13,4,31,"Red_Left","Yellow_Right","Green_Left","Blue_Left",-150,100,0,50,"Up"
13,4,32,"Red_Up","Yellow_Left","Green_Down","Blue_Up",-150,-1150,0,50,"Down"
13,4,33,"Red_Right","Yellow_Right","Green_Left","Blue_Right",100,100,50,50,"Right"
13,4,34,"Red_Up","Yellow_Down","Green_Left","Blue_Right",-150,100,0,50,"Down"
13,4,35,"Red_Left","Yellow_Down","Green_Up","Blue_Right",100,100,50,50,"Up"
13,4,36,"Red_Down","Yellow_Down","Green_Up","Blue_Up",-150,100,50,50,"Down"
13,4,37,"Red_Right","Yellow_Up","Green_Up","Blue_Up",-150,100,0,-200,"Right"
13,4,38,"Red_Left","Yellow_Down","Green_Left","Blue_Right",100,100,0,50,"Up"
13,4,39,"Red_Right","Yellow_Left","Green_Right","Blue_Down",100,100,0,50,"Right"
13,4,40,"Red_Right","Yellow_Left","Green_Right","Blue_Right",-150,100,0,50,"Left"
13,4,41,"Red_Right","Yellow_Left","Green_Down","Blue_Up",-150,100,50,50,"Left"
13,4,42,"Red_Down","Yellow_Down","Green_Up","Blue_Left",100,100,50,50,"Up"
13,4,43,"Red_Down","Yellow_Down","Green_Right","Blue_Left",100,100,0,50,"Left"
13,4,44,"Red_Right","Yellow_Down","Green_Right","Blue_Down",100,100,0,50,"Left"
13,4,45,"Red_Up","Yellow_Left","Green_Left","Blue_Up",100,100,0,50,"Down"
13,4,46,"Red_Left","Yellow_Left","Green_Right","Blue_Left",-150,100,0,50,"Down"
13,4,47,"Red_Down","Yellow_Left","Green_Down","Blue_Left",-150,100,50,50,"Right"
13,4,48,"Red_Right","Yellow_Left","Green_Right","Blue_Right",-150,100,0,50,"Down"
13,4,49,"Red_Down","Yellow_Down","Green_Left","Blue_Right",-150,100,50,50,"Up"
13,4,50,"Red_Up","Yellow_Left","Green_Up","Blue_Right",-150,100,0,50,"Down"
13,5,1,"Red_Right","Yellow_Up","Green_Left","Blue_Right",100,100,0,50,"Down"
13,5,2,"Red_Left","Yellow_Left","Green_Right","Blue_Left",100,100,0,50,"Right"
13,5,3,"Red_Down","Yellow_Right","Green_Right","Blue_Down",100,-1150,0,-200,"Right"
13,5,4,"Red_Up","Yellow_Right","Green_Down","Blue_Right",-150,100,50,50,"Down"
13,5,5,"Red_Left","Yellow_Left","Green_Left","Blue_Down",100,100,0,50,"Left"
13,5,6,"Red_Up","Yellow_Down","Green_Left","Blue_Right",-150,100,0,50,"Right"
13,5,7,"Red_Left","Yellow_Left","Green_Right","Blue_Right",-150,100,50,50,"Up"
13,5,8,"Red_Up","Yellow_Right","Green_Right","Blue_Up",-150,100,50,50,"Left"
13,5,9,"Red_Right","Yellow_Right","Green_Left","Blue_Right",-150,100,50,50,"Down"
13,5,10,"Red_Down","Yellow_Up","Green_Right","Blue_Down",100,100,0,50,"Down"
13,5,11,"Red_Up","Yellow_Right","Green_Up","Blue_Up",100,100,0,50,"Down"
13,5,12,"Red_Left","Yellow_Up","Green_Right","Blue_Right",-150,100,50,50,"Down"
13,5,13,"Red_Up","Yellow_Down","Green_Left","Blue_Left",100,100,50,50,"Down"
13,5,14,"Red_Down","Yellow_Up","Green_Down","Blue_Down",-150,-1150,0,50,"Right"
13,5,15,"Red_Right","Yellow_Up","Green_Up","Blue_Down",100,100,0,50,"Right"
13,5,16,"Red_Right","Yellow_Right","Green_Down","Blue_Right",100,100,50,50,"Right"
13,5,17,"Red_Left","Yellow_Down","Green_Up","Blue_Left",100,100,50,-200,"Up"
13,5,18,"Red_Up","Yellow_Up","Green_Left","Blue_Down",-150,-1150,50,50,"Left"
13,5,19,"Red_Right","Yellow_Left","Green_Left","Blue_Left",100,100,0,-200,"Up"
13,5,20,"Red_Left","Yellow_Up","Green_Up","Blue_Left",100,100,50,50,"Up"
13,5,21,"Red_Up","Yellow_Up","Green_Down","Blue_Up",-150,100,50,50,"Down"
13,5,22,"Red_Down","Yellow_Up","Green_Down","Blue_Right",100,100,0,-200,"Down"
13,5,23,"Red_Up","Yellow_Down","Green_Up","Blue_Left",-150,100,50,50,"Right"
13,5,24,"Red_Down","Yellow_Left","Green_Up","Blue_Up",100,100,50,50,"Left"
13,5,25,"Red_Right","Yellow_Down","Green_Up","Blue_Down",-150,-1150,50,50,"Left"
13,5,26,"Red_Down","Yellow_Right","Green_Up","Blue_Left",-150,100,0,50,"Right"
13,5,27,"Red_Down","Yellow_Left","Green_Down","Blue_Down",100,100,50,50,"Left"
13,5,28,"Red_Up","Yellow_Right","Green_Down","Blue_Up",100,100,50,50,"Left"
13,5,29,"Red_Left","Yellow_Right","Green_Right","Blue_Right",100,100,0,50,"Right"
13,5,30,"Red_Left","Yellow_Up","Green_Right","Blue_Right",-150,100,50,50,"Right"
13,5,31,"Red_Down","Yellow_Right","Green_Down","Blue_Down",100,100,50,50,"Left"
13,5,32,"Red_Right","Yellow_Down","Green_Down","Blue_Up",-150,100,0,50,"Down"
13,5,33,"Red_Left","Yellow_Down","Green_Right","Blue_Down",-150,100,0,50,"Up"
13,5,34,"Red_Down","Yellow_Right","Green_Up","Blue_Right",100,100,0,50,"Left"
13,5,35,"Red_Down","Yellow_Down","Green_Right","Blue_Up",-150,100,50,50,"Down"
13,5,36,"Red_Up","Yellow_Left","Green_Right","Blue_Down",100,-1150,50,50,"Left"
13,5,37,"Red_Up","Yellow_Right","Green_Down","Blue_Left",-150,100,0,50,"Up"
13,5,38,"Red_Right","Yellow_Down","Green_Up","Blue_Right",-150,100,0,50,"Right"
13,5,39,"Red_Down","Yellow_Right","Green_Left","Blue_Left",-150,100,50,50,"Down"
13,5,40,"Red_Left","Yellow_Right","Green_Down","Blue_Up",-150,100,0,50,"Down"
13,5,41,"Red_Down","Yellow_Down","Green_Down","Blue_Left",-150,100,50,50,"Left"
13,5,42,"Red_Down","Yellow_Up","Green_Right","Blue_Left",100,100,0,50,"Left"
13,5,43,"Red_Right","Yellow_Left","Green_Left","Blue_Right",-150,100,50,50,"Up"
13,5,44,"Red_Up","Yellow_Down","Green_Right","Blue_Up",100,100,0,50,"Left"
13,5,45,"Red_Up","Yellow_Down","Green_Up","Blue_Up",100,100,50,-200,"Up"
13,5,46,"Red_Down","Yellow_Up","Green_Up","Blue_Right",-150,100,0,50,"Right"
13,5,47,"Red_Up","Yellow_Left","Green_Right","Blue_Left",100,100,50,50,"Down"
13,5,48,"Red_Down","Yellow_Up","Green_Up","Blue_Down",-150,100,0,50,"Left"
13,5,49,"Red_Left","Yellow_Up","Green_Up","Blue_Right",-150,100,0,50,"Up"
13,5,50,"Red_Up","Yellow_Left","Green_Up","Blue_Left",100,100,0,50,"Down"
13,6,1,"Red_Left","Yellow_Down","Green_Up","Blue_Down",-150,-1150,0,50,"Down"
13,6,2,"Red_Left","Yellow_Right","Green_Right","Blue_Up",-150,100,0,50,"Right"
13,6,3,"Red_Up","Yellow_Left","Green_Up","Blue_Down",100,100,0,50,"Up"
13,6,4,"Red_Up","Yellow_Down","Green_Left","Blue_Left",-150,100,50,50,"Up"
13,6,5,"Red_Left","Yellow_Right","Green_Right","Blue_Up",-150,100,50,50,"Up"
13,6,6,"Red_Right","Yellow_Up","Green_Down","Blue_Right",100,100,50,50,"Left"
13,6,7,"Red_Left","Yellow_Left","Green_Right","Blue_Up",100,100,0,50,"Up"
13,6,8,"Red_Down","Yellow_Left","Green_Down","Blue_Up",-150,100,50,50,"Right"
13,6,9,"Red_Down","Yellow_Up","Green_Down","Blue_Up",-150,100,50,50,"Up"
13,6,10,"Red_Right","Yellow_Right","Green_Up","Blue_Left",100,100,0,50,"Up"
13,6,11,"Red_Down","Yellow_Left","Green_Right","Blue_Down",100,100,0,50,"Left"
13,6,12,"Red_Down","Yellow_Down","Green_Left","Blue_Up",-150,100,50,50,"Down"
13,6,13,"Red_Right","Yellow_Up","Green_Left","Blue_Down",100,100,0,50,"Down"
13,6,14,"Red_Down","Yellow_Right","Green_Up","Blue_Right",-150,100,50,50,"Down"
13,6,15,"Red_Up","Yellow_Up","Green_Down","Blue_Up",-150,100,0,50,"Left"
13,6,16,"Red_Right","Yellow_Left","Green_Right","Blue_Right",-150,-1150,0,50,"Left"
13,6,17,"Red_Left","Yellow_Left","Green_Down","Blue_Right",100,100,0,50,"Right"
13,6,18,"Red_Left","Yellow_Up","Green_Down","Blue_Right",100,100,50,50,"Right"
13,6,19,"Red_Up","Yellow_Left","Green_Down","Blue_Up",100,100,50,50,"Down"
13,6,20,"Red_Right","Yellow_Down","Green_Right","Blue_Right",100,100,0,50,"Left"
13,6,21,"Red_Down","Yellow_Left","Green_Left","Blue_Up",-150,100,50,-200,"Right"
13,6,22,"Red_Right","Yellow_Right","Green_Down","Blue_Right",100,100,0,50,"Up"
13,6,23,"Red_Down","Yellow_Left","Green_Right","Blue_Right",100,100,0,-200,"Left"
13,6,24,"Red_Up","Yellow_Left","Green_Down","Blue_Left",100,100,50,50,"Right"
13,6,25,"Red_Up","Yellow_Right","Green_Up","Blue_Right",-150,100,50,50,"Up"
13,6,26,"Red_Down","Yellow_Right","Green_Down","Blue_Up",100,100,0,50,"Left"
13,6,27,"Red_Up","Yellow_Down","Green_Right","Blue_Down",-150,100,0,50,"Left"
13,6,28,"Red_Left","Yellow_Down","Green_Down","Blue_Down",100,100,0,50,"Down"
13,6,29,"Red_Up","Yellow_Right","Green_Left","Blue_Right",100,100,0,50,"Down"
13,6,30,"Red_Left","Yellow_Up","Green_Down","Blue_Up",-150,100,50,50,"Down"
13,6,31,"Red_Up","Yellow_Up","Green_Down","Blue_Left",-150,100,50,50,"Right"
13,6,32,"Red_Down","Yellow_Up","Green_Down","Blue_Left",100,100,50,50,"Up"
13,6,33,"Red_Up","Yellow_Down","Green_Left","Blue_Left",100,100,50,50,"Up"
13,6,34,"Red_Right","Yellow_Right","Green_Right","Blue_Up",-150,100,50,50,"Left"
13,6,35,"Red_Right","Yellow_Up","Green_Up","Blue_Up",100,100,0,50,"Up"
13,6,36,"Red_Down","Yellow_Down","Green_Left","Blue_Left",-150,100,0,50,"Left"
13,6,37,"Red_Up","Yellow_Up","Green_Right","Blue_Up",-150,100,50,50,"Down"
13,6,38,"Red_Left","Yellow_Up","Green_Down","Blue_Left",100,100,50,50,"Down"
13,6,39,"Red_Left","Yellow_Up","Green_Left","Blue_Down",100,100,50,50,"Up"
13,6,40,"Red_Up","Yellow_Right","Green_Right","Blue_Left",-150,100,50,50,"Down"
13,6,41,"Red_Up","Yellow_Down","Green_Up","Blue_Left",-150,100,50,-200,"Left"
13,6,42,"Red_Left","Yellow_Up","Green_Down","Blue_Up",-150,100,0,50,"Left"
13,6,43,"Red_Down","Yellow_Down","Green_Right","Blue_Left",100,100,0,50,"Up"
13,6,44,"Red_Down","Yellow_Right","Green_Right","Blue_Up",100,100,50,50,"Right"
13,6,45,"Red_Left","Yellow_Left","Green_Left","Blue_Left",100,-1150,0,50,"Down"
13,6,46,"Red_Left","Yellow_Left","Green_Right","Blue_Down",-150,100,50,50,"Up"
13,6,47,"Red_Right","Yellow_Right","Green_Right","Blue_Left",-150,100,0,-200,"Right"
13,6,48,"Red_Left","Yellow_Down","Green_Down","Blue_Left",100,-1150,0,50,"Up"
13,6,49,"Red_Left","Yellow_Down","Green_Up","Blue_Down",-150,100,0,50,"Up"
13,6,50,"Red_Down","Yellow_Down","Green_Right","Blue_Up",-150,-1150,50,-200,"Down"
14,1,1,"Red_Right","Yellow_Right","Green_Left","Blue_Up",100,100,0,50,"Down"
14,1,2,"Red_Down","Yellow_Left","Green_Right","Blue_Up",-150,100,50,50,"Right"
14,1,3,"Red_Right","Yellow_Left","Green_Left","Blue_Left",100,100,50,50,"Right"
14,1,4,"Red_Right","Yellow_Up","Green_Up","Blue_Up",-150,100,0,50,"Left"
14,1,5,"Red_Left","Yellow_Right","Green_Left","Blue_Left",100,100,50,50,"Up"
14,1,6,"Red_Left","Yellow_Right","Green_Right","Blue_Down",-150,100,50,50,"Down"
14,1,7,"Red_Down","Yellow_Right","Green_Down","Blue_Up",100,100,50,-200,"Right"
14,1,8,"Red_Up","Yellow_Down","Green_Right","Blue_Up",100,100,0,50,"Right"
14,1,9,"Red_Right","Yellow_Right","Green_Down","Blue_Right",100,-1150,50,50,"Right"
14,1,10,"Red_Down","Yellow_Down","Green_Left","Blue_Right",100,100,0,50,"Left"
14,1,11,"Red_Right","Yellow_Left","Green_Left","Blue_Left",100,100,0,50,"Left"
14,1,12,"Red_Left","Yellow_Down","Green_Left","Blue_Up",100,100,0,50,"Left"
14,1,13,"Red_Down","Yellow_Left","Green_Left","Blue_Right",100,100,0,50,"Left"
14,1,14,"Red_Right","Yellow_Up","Green_Right","Blue_Down",-150,100,50,50,"Down"
14,1,15,"Red_Down","Yellow_Left","Green_Down","Blue_Down",100,-1150,0,-200,"Right"
14,1,16,"Red_Right","Yellow_Up","Green_Up","Blue_Down",-150,-1150,0,50,"Down"
14,1,17,"Red_Right","Yellow_Down","Green_Up","Blue_Left",100,100,0,50,"Down"
14,1,18,"Red_Left","Yellow_Down","Green_Right","Blue_Up",-150,100,50,-200,"Left"
14,1,19,"Red_Up","Yellow_Down","Green_Right","Blue_Left",100,100,50,50,"Left"
14,1,20,"Red_Left","Yellow_Down","Green_Right","Blue_Down",-150,100,50,50,"Up"
14,1,21,"Red_Up","Yellow_Left","Green_Up","Blue_Right",-150,100,0,50,"Left"
14,1,22,"Red_Down","Yellow_Down","Green_Up","Blue_Down",-150,100,50,50,"Left"
14,1,23,"Red_Left","Yellow_Left","Green_Up","Blue_Down",-150,-1150,50,50,"Up"
14,1,24,"Red_Up","Yellow_Down","Green_Left","Blue_Left",-150,100,50,50,"Right"
14,1,25,"Red_Right","Yellow_Up","Green_Up","Blue_Down",-150,100,0,50,"Down"
14,1,26,"Red_Left","Yellow_Down","Green_Down","Blue_Right",100,100,50,50,"Up"
14,1,27,"Red_Left","Yellow_Up","Green_Right","Blue_Left",-150,100,0,50,"Left"
14,1,28,"Red_Left","Yellow_Left","Green_Up","Blue_Right",-150,100,50,50,"Left"
14,1,29,"Red_Left","Yellow_Down","Green_Right","Blue_Up",100,100,50,50,"Down"
14,1,30,"Red_Down","Yellow_Left","Green_Up","Blue_Right",100,100,0,50,"Up"
14,1,31,"Red_Up","Yellow_Down","Green_Right","Blue_Right",-150,100,0,50,"Left"
14,1,32,"Red_Down","Yellow_Right","Green_Down","Blue_Left",-150,100,0,-200,"Left"
14,1,33,"Red_Up","Yellow_Right","Green_Right","Blue_Down",-150,100,50,50,"Left"
14,1,34,"Red_Left","Yellow_Up","Green_Right","Blue_Right",-150,100,50,50,"Up"
14,1,35,"Red_Left","Yellow_Left","Green_Down","Blue_Left",100,-1150,50,50,"Down"
14,1,36,"Red_Left","Yellow_Up","Green_Left","Blue_Up",-150,100,50,50,"Right"
14,1,37,"Red_Up","Yellow_Down","Green_Down","Blue_Down",100,100,0,50,"Down"
14,1,38,"Red_Right","Yellow_Left","Green_Up","Blue_Up",-150,100,0,50,"Down"
14,1,39,"Red_Down","Yellow_Down","Green_Down","Blue_Up",100,100,0,50,"Up"
14,1,40,"Red_Down","Yellow_Left","Green_Down","Blue_Up",100,100,0,50,"Left"
14,1,41,"Red_Up","Yellow_Up","Green_Down","Blue_Right",100,100,0,50,"Right"
14,1,42,"Red_Up","Yellow_Right","Green_Left","Blue_Right",-150,100,0,-200,"Up"
14,1,43,"Red_Up","Yellow_Right","Green_Right","Blue_Up",100,100,0,50,"Left"
14,1,44,"Red_Left","Yellow_Up","Green_Down","Blue_Down",-150,100,0,50,"Down"
14,1,45,"Red_Up","Yellow_Up","Green_Up","Blue_Up",100,100,50,50,"Up"
14,1,46,"Red_Up","Yellow_Up","Green_Left","Blue_Left",100,100,50,50,"Left"
14,1,47,"Red_Down","Yellow_Up","Green_Down","Blue_Left",-150,100,50,50,"Right"
14,1,48,"Red_Left","Yellow_Left","Green_Right","Blue_Up",-150,100,50,50,"Right"
14,1,49,"Red_Up","Yellow_Left","Green_Down","Blue_Left",-150,100,0,50,"Left"
14,1,50,"Red_Left","Yellow_Right","Green_Up","Blue_Right",100,100,50,50,"Left"
14,2,1,"Red_Down","Yellow_Up","Green_Right","Blue_Right",100,100,50,50,"Up"
14,2,2,"Red_Left","Yellow_Right","Green_Down","Blue_Down",-150,100,0,50,"Right"
14,2,3,"Red_Up","Yellow_Down","Green_Left","Blue_Right",100,100,0,50,"Left"
14,2,4,"Red_Up","Yellow_Left","Green_Up","Blue_Down",-150,100,50,50,"Right"
14,2,5,"Red_Left","Yellow_Left","Green_Left","Blue_Left",-150,-1150,0,50,"Up"
14,2,6,"Red_Right","Yellow_Up","Green_Down","Blue_Down",-150,100,50,50,"Down"
14,2,7,"Red_Down","Yellow_Up","Green_Up","Blue_Right",100,100,50,50,"Left"
14,2,8,"Red_Left","Yellow_Up","Green_Left","Blue_Right",100,100,0,50,"Down"
14,2,9,"Red_Right","Yellow_Down","Green_Right","Blue_Down",-150,-1150,50,50,"Up"
14,2,10,"Red_Up","Yellow_Down","Green_Up","Blue_Right",100,100,0,50,"Down"
14,2,11,"Red_Right","Yellow_Right","Green_Down","Blue_Right",100,100,50,50,"Left"
14,2,12,"Red_Down","Yellow_Down","Green_Down","Blue_Up",-150,100,0,50,"Right"
14,2,13,"Red_Right","Yellow_Up","Green_Right","Blue_Left",-150,100,50,50,"Down"
14,2,14,"Red_Left","Yellow_Up","Green_Down","Blue_Right",100,-1150,0,50,"Left"
14,2,15,"Red_Down","Yellow_Up","Green_Down","Blue_Up",100,100,0,50,"Left"
14,2,16,"Red_Down","Yellow_Up","Green_Down","Blue_Left",-150,100,0,50,"Down"
14,2,17,"Red_Down","Yellow_Right","Green_Up","Blue_Up",-150,100,50,50,"Up"
14,2,18,"Red_Down","Yellow_Right","Green_Left","Blue_Right",100,100,50,50,"Right"
14,2,19,"Red_Down","Yellow_Left","Green_Right","Blue_Left",100,100,50,50,"Left"
14,2,20,"Red_Left","Yellow_Up","Green_Right","Blue_Down",100,100,0,50,"Up"
14,2,21,"Red_Right","Yellow_Down","Green_Down","Blue_Up",-150,100,50,50,"Down"
14,2,22,"Red_Down","Yellow_Left","Green_Up","Blue_Up",100,100,0,-200,"Down"
14,2,23,"Red_Up","Yellow_Up","Green_Left","Blue_Down",-150,100,0,50,"Left"
14,2,24,"Red_Left","Yellow_Right","Green_Down","Blue_Up",100,100,50,50,"Up"
14,2,25,"Red_Up","Yellow_Left","Green_Up","Blue_Up",-150,100,0,50,"Left"
14,2,26,"Red_Left","Yellow_Right","Green_Left","Blue_Left",-150,-1150,0,50,"Right"
14,2,27,"Red_Right","Yellow_Left","Green_Right","Blue_Down",100,100,0,50,"Up"
14,2,28,"Red_Right","Yellow_Right","Green_Right","Blue_Left",-150,100,50,50,"Left"
14,2,29,"Red_Left","Yellow_Down","Green_Right","Blue_Right",-150,100,0,-200,"Left"
14,2,30,"Red_Left","Yellow_Down","Green_Up","Blue_Right",-150,100,50,50,"Left"
14,2,31,"Red_Down","Yellow_Up","Green_Up","Blue_Right",100,-1150,0,50,"Right"
14,2,32,"Red_Up","Yellow_Up","Green_Up","Blue_Up",-150,100,0,50,"Down"
14,2,33,"Red_Down","Yellow_Up","Green_Right","Blue_Left",100,100,50,50,"Down"
14,2,34,"Red_Right","Yellow_Left","Green_Right","Blue_Down",-150,100,0,50,"Left"
14,2,35,"Red_Left","Yellow_Down","Green_Up","Blue_Left",100,100,50,-200,"Right"
14,2,36,"Red_Down","Yellow_Down","Green_Left","Blue_Right",100,100,50,-200,"Right"
14,2,37,"Red_Down","Yellow_Down","Green_Right","Blue_Up",100,100,50,-200,"Left"
14,2,38,"Red_Right","Yellow_Up","Green_Right","Blue_Left",-150,100,0,50,"Up"
14,2,39,"Red_Down","Yellow_Left","Green_Left","Blue_Up",-150,100,0,50,"Right"
14,2,40,"Red_Down","Yellow_Down","Green_Right","Blue_Down",-150,100,0,50,"Up"
14,2,41,"Red_Down","Yellow_Left","Green_Up","Blue_Down",100,100,0,50,"Down"
14,2,42,"Red_Left","Yellow_Right","Green_Left","Blue_Up",100,100,0,50,"Left"
14,2,43,"Red_Right","Yellow_Right","Green_Up","Blue_Down",-150,100,50,50,"Right"
14,2,44,"Red_Up","Yellow_Down","Green_Down","Blue_Right",-150,100,50,50,"Left"
14,2,45,"Red_Down","Yellow_Up","Green_Left","Blue_Down",100,100,0,50,"Down"
14,2,46,"Red_Down","Yellow_Down","Green_Left","Blue_Up",-150,100,50,50,"Right"
14,2,47,"Red_Down","Yellow_Right","Green_Right","Blue_Left",100,100,50,50,"Left"
14,2,48,"Red_Down","Yellow_Up","Green_Left","Blue_Right",100,100,50,50,"Left"
14,2,49,"Red_Up","Yellow_Down","Green_Up","Blue_Left",100,100,50,50,"Up"
14,2,50,"Red_Down","Yellow_Left","Green_Up","Blue_Down",-150,100,50,50,"Left"
14,3,1,"Red_Right","Yellow_Right","Green_Right","Blue_Right",100,100,50,-200,"Down"
14,3,2,"Red_Up","Yellow_Up","Green_Left","Blue_Up",-150,100,50,50,"Right"
14,3,3,"Red_Up","Yellow_Left","Green_Right","Blue_Left",-150,100,50,50,"Down"
14,3,4,"Red_Left","Yellow_Left","Green_Left","Blue_Up",100,100,0,50,"Up"
14,3,5,"Red_Left","Yellow_Up","Green_Right","Blue_Left",100,100,0,50,"Left"
14,3,6,"Red_Right","Yellow_Left","Green_Left","Blue_Left",100,100,0,50,"Left"
14,3,7,"Red_Up","Yellow_Right","Green_Right","Blue_Left",-150,100,0,50,"Up"
14,3,8,"Red_Down","Yellow_Right","Green_Left","Blue_Left",100,100,50,50,"Left"
14,3,9,"Red_Left","Yellow_Left","Green_Right","Blue_Right",100,100,0,50,"Down"
14,3,10,"Red_Down","Yellow_Left","Green_Left","Blue_Right",100,100,50,50,"Down"
14,3,11,"Red_Left","Yellow_Down","Green_Left","Blue_Right",100,100,50,50,"Down"
14,3,12,"Red_Right","Yellow_Left","Green_Right","Blue_Left",-150,100,0,50,"Up"
14,3,13,"Red_Up","Yellow_Up","Green_Right","Blue_Up",-150,100,50,50,"Right"
14,3,14,"Red_Down","Yellow_Down","Green_Right","Blue_Up",-150,100,50,-200,"Left"
14,3,15,"Red_Right","Yellow_Right","Green_Left","Blue_Down",-150,100,50,50,"Up"
14,3,16,"Red_Up","Yellow_Left","Green_Down","Blue_Up",-150,100,50,50,"Up"
14,3,17,"Red_Down","Yellow_Down","Green_Right","Blue_Up",-150,100,0,-200,"Up"
14,3,18,"Red_Right","Yellow_Down","Green_Left","Blue_Left",100,100,0,50,"Up"
14,3,19,"Red_Left","Yellow_Down","Green_Down","Blue_Up",100,100,50,50,"Up"
14,3,20,"Red_Down","Yellow_Down","Green_Right","Blue_Right",-150,100,50,50,"Down"
14,3,21,"Red_Left","Yellow_Down","Green_Right","Blue_Down",-150,100,50,50,"Left"
14,3,22,"Red_Right","Yellow_Down","Green_Right","Blue_Up",100,100,0,50,"Right"
14,3,23,"Red_Up","Yellow_Down","Green_Right","Blue_Up",-150,100,0,50,"Up"
14,3,24,"Red_Up","Yellow_Down","Green_Up","Blue_Up",100,100,0,50,"Right"
14,3,25,"Red_Down","Yellow_Right","Green_Up","Blue_Right",-150,100,0,50,"Down"
14,3,26,"Red_Up","Yellow_Down","Green_Left","Blue_Left",100,-1150,0,50,"Down"
14,3,27,"Red_Up","Yellow_Left","Green_Up","Blue_Down",-150,100,0,50,"Right"
14,3,28,"Red_Left","Yellow_Left","Green_Left","Blue_Right",-150,100,50,50,"Up"
14,3,29,"Red_Left","Yellow_Down","Green_Left","Blue_Up",100,-1150,0,50,"Up"
14,3,30,"Red_Up","Yellow_Down","Green_Left","Blue_Up",-150,100,50,50,"Left"
14,3,31,"Red_Left","Yellow_Right","Green_Down","Blue_Left",-150,100,50,50,"Up"
14,3,32,"Red_Down","Yellow_Up","Green_Right","Blue_Down",100,100,0,50,"Up"
14,3,33,"Red_Right","Yellow_Down","Green_Right","Blue_Left",-150,100,50,50,"Right"
14,3,34,"Red_Right","Yellow_Right","Green_Up","Blue_Left",100,100,0,-200,"Right"
14,3,35,"Red_Left","Yellow_Down","Green_Left","Blue_Right",100,100,50,50,"Left"
14,3,36,"Red_Up","Yellow_Right","Green_Down","Blue_Up",100,100,50,50,"Up"
14,3,37,"Red_Up","Yellow_Down","Green_Right","Blue_Right",-150,-1150,0,50,"Up"
14,3,38,"Red_Right","Yellow_Left","Green_Left","Blue_Right",100,100,0,-200,"Right"
14,3,39,"Red_Left","Yellow_Up","Green_Right","Blue_Left",100,-1150,50,50,"Left"
14,3,40,"Red_Up","Yellow_Left","Green_Left","Blue_Down",-150,100,0,50,"Down"
14,3,41,"Red_Right","Yellow_Right","Green_Right","Blue_Up",-150,100,50,50,"Down"
14,3,42,"Red_Right","Yellow_Up","Green_Up","Blue_Up",100,100,0,50,"Down"
14,3,43,"Red_Left","Yellow_Right","Green_Down","Blue_Up",-150,100,0,50,"Left"
14,3,44,"Red_Up","Yellow_Down","Green_Down","Blue_Down",-150,100,0,50,"Left"
14,3,45,"Red_Right","Yellow_Left","Green_Down","Blue_Up",-150,100,50,50,"Up"
14,3,46,"Red_Left","Yellow_Right","Green_Down","Blue_Down",100,100,50,50,"Left"
14,3,47,"Red_Up","Yellow_Down","Green_Up","Blue_Down",100,100,50,50,"Down"
14,3,48,"Red_Up","Yellow_Up","Green_Up","Blue_Right",-150,100,50,50,"Left"
14,3,49,"Red_Right","Yellow_Left","Green_Right","Blue_Left",100,-1150,0,50,"Up"
14,3,50,"Red_Left","Yellow_Down","Green_Left","Blue_Down",100,100,0,50,"Up"
14,4,1,"Red_Down","Yellow_Left","Green_Left","Blue_Up",100,100,0,50,"Down"
14,4,2,"Red_Up","Yellow_Left","Green_Up","Blue_Right",100,-1150,0,50,"Down"
14,4,3,"Red_Right","Yellow_Left","Green_Down","Blue_Right",100,100,0,50,"Down"
14,4,4,"Red_Down","Yellow_Up","Green_Up","Blue_Up",100,100,50,50,"Down"
14,4,5,"Red_Up","Yellow_Up","Green_Up","Blue_Left",100,100,50,50,"Down"
14,4,6,"Red_Down","Yellow_Left","Green_Up","Blue_Left",100,-1150,0,50,"Down"
14,4,7,"Red_Up","Yellow_Down","Green_Down","Blue_Down",-150,100,0,-200,"Right"
14,4,8,"Red_Up","Yellow_Up","Green_Left","Blue_Right",-150,100,0,50,"Up"
14,4,9,"Red_Down","Yellow_Right","Green_Left","Blue_Down",100,100,0,50,"Left"
14,4,10,"Red_Up","Yellow_Down","Green_Left","Blue_Up",-150,100,50,50,"Right"
14,4,11,"Red_Down","Yellow_Left","Green_Down","Blue_Up",-150,100,0,50,"Up"
14,4,12,"Red_Up","Yellow_Right","Green_Up","Blue_Left",100,100,0,50,"Left"
14,4,13,"Red_Left","Yellow_Left","Green_Right","Blue_Left",-150,100,0,50,"Left"
14,4,14,"Red_Left","Yellow_Right","Green_Down","Blue_Right",-150,100,50,50,"Left"
14,4,15,"Red_Down","Yellow_Up","Green_Down","Blue_Down",100,-1150,50,50,"Down"
14,4,16,"Red_Left","Yellow_Left","Green_Up","Blue_Down",100,100,50,50,"Right"
14,4,17,"Red_Left","Yellow_Down","Green_Right","Blue_Up",100,100,0,50,"Down"
14,4,18,"Red_Right","Yellow_Down","Green_Right","Blue_Left",-150,100,0,50,"Right"
14,4,19,"Red_Up","Yellow_Right","Green_Up","Blue_Right",100,100,0,50,"Up"
14,4,20,"Red_Right","Yellow_Down","Green_Left","Blue_Up",-150,100,50,50,"Down"
14,4,21,"Red_Right","Yellow_Left","Green_Down","Blue_Left",100,100,0,50,"Up"
14,4,22,"Red_Up","Yellow_Right","Green_Right","Blue_Up",-150,100,50,50,"Left"
14,4,23,"Red_Down","Yellow_Down","Green_Down","Blue_Right",-150,-1150,50,50,"Left"
14,4,24,"Red_Left","Yellow_Down","Green_Right","Blue_Right",-150,100,50,50,"Up"
14,4,25,"Red_Down","Yellow_Left","Green_Down","Blue_Right",-150,100,50,50,"Down"
14,4,26,"Red_Left","Yellow_Down","Green_Down","Blue_Down",100,100,0,-200,"Right"
14,4,27,"Red_Down","Yellow_Left","Green_Down","Blue_Left",100,100,0,50,"Down"
14,4,28,"Red_Left","Yellow_Left","Green_Right","Blue_Up",-150,100,50,-200,"Down"
14,4,29,"Red_Down","Yellow_Right","Green_Down","Blue_Up",100,100,50,50,"Left"
14,4,30,"Red_Down","Yellow_Down","Green_Up","Blue_Right",100,100,0,50,"Up"
14,4,31,"Red_Right","Yellow_Up","Green_Right","Blue_Up",100,100,0,50,"Left"
14,4,32,"Red_Up","Yellow_Right","Green_Down","Blue_Down",100,100,0,50,"Up"
14,4,33,"Red_Right","Yellow_Right","Green_Right","Blue_Right",-150,100,50,50,"Right"
14,4,34,"Red_Up","Yellow_Right","Green_Up","Blue_Left",100,100,0,50,"Down"
14,4,35,"Red_Right","Yellow_Left","Green_Down","Blue_Left",-150,100,0,-200,"Left"
14,4,36,"Red_Right","Yellow_Down","Green_Left","Blue_Left",-150,100,0,50,"Left"
14,4,37,"Red_Right","Yellow_Right","Green_Left","Blue_Left",-150,100,50,50,"Up"
14,4,38,"Red_Left","Yellow_Right","Green_Up","Blue_Left",100,100,50,50,"Up"
14,4,39,"Red_Up","Yellow_Up","Green_Right","Blue_Left",-150,100,50,50,"Down"
14,4,40,"Red_Right","Yellow_Up","Green_Left","Blue_Up",-150,100,50,50,"Down"
14,4,41,"Red_Down","Yellow_Left","Green_Down","Blue_Up",-150,100,0,50,"Right"
14,4,42,"Red_Left","Yellow_Down","Green_Left","Blue_Down",-150,100,50,50,"Up"
14,4,43,"Red_Left","Yellow_Down","Green_Up","Blue_Left",100,100,50,50,"Left"
14,4,44,"Red_Down","Yellow_Right","Green_Up","Blue_Right",100,100,0,50,"Down"
14,4,45,"Red_Down","Yellow_Left","Green_Right","Blue_Up",-150,100,50,50,"Left"
14,4,46,"Red_Down","Yellow_Left","Green_Up","Blue_Down",-150,100,50,-200,"Up"
14,4,47,"Red_Up","Yellow_Left","Green_Left","Blue_Left",100,100,50,50,"Down"
14,4,48,"Red_Left","Yellow_Up","Green_Left","Blue_Right",-150,100,50,50,"Left"
14,4,49,"Red_Up","Yellow_Left","Green_Right","Blue_Right",100,100,0,50,"Down"
14,4,50,"Red_Left","Yellow_Up","Green_Left","Blue_Up",-150,-1150,50,50,"Left"
14,5,1,"Red_Down","Yellow_Right","Green_Down","Blue_Down",100,100,0,50,"Down"
14,5,2,"Red_Up","Yellow_Up","Green_Up","Blue_Right",-150,100,0,50,"Right"
14,5,3,"Red_Up","Yellow_Up","Green_Right","Blue_Left",-150,100,0,50,"Down"
14,5,4,"Red_Left","Yellow_Up","Green_Right","Blue_Down",100,100,50,50,"Up"
14,5,5,"Red_Left","Yellow_Right","Green_Right","Blue_Left",-150,100,50,50,"Left"
14,5,6,"Red_Up","Yellow_Left","Green_Up","Blue_Right",100,-1150,50,50,"Right"
14,5,7,"Red_Right","Yellow_Down","Green_Left","Blue_Right",100,100,0,50,"Down"
14,5,8,"Red_Right","Yellow_Up","Green_Down","Blue_Up",100,100,0,50,"Up"
14,5,9,"Red_Right","Yellow_Down","Green_Left","Blue_Up",100,100,0,50,"Up"
14,5,10,"Red_Up","Yellow_Left","Green_Down","Blue_Up",-150,100,50,50,"Right"
14,5,11,"Red_Right","Yellow_Up","Green_Up","Blue_Left",100,100,50,50,"Down"
14,5,12,"Red_Down","Yellow_Left","Green_Right","Blue_Left",100,100,0,-200,"Down"
14,5,13,"Red_Right","Yellow_Left","Green_Left","Blue_Down",-150,100,50,-200,"Up"
14,5,14,"Red_Right","Yellow_Left","Green_Down","Blue_Down",-150,100,50,50,"Down"
14,5,15,"Red_Down","Yellow_Up","Green_Up","Blue_Right",100,100,0,50,"Up"
14,5,16,"Red_Left","Yellow_Down","Green_Left","Blue_Right",-150,100,50,50,"Left"
14,5,17,"Red_Down","Yellow_Down","Green_Left","Blue_Left",100,100,50,50,"Right"
14,5,18,"Red_Down","Yellow_Up","Green_Down","Blue_Down",-150,100,0,50,"Up"
14,5,19,"Red_Down","Yellow_Left","Green_Left","Blue_Left",100,100,0,50,"Up"
14,5,20,"Red_Down","Yellow_Down","Green_Down","Blue_Up",100,100,50,50,"Down"
14,5,21,"Red_Right","Yellow_Left","Green_Right","Blue_Right",-150,100,50,50,"Up"
14,5,22,"Red_Down","Yellow_Down","Green_Left","Blue_Right",100,100,50,50,"Down"
14,5,23,"Red_Down","Yellow_Up","Green_Down","Blue_Down",-150,100,50,50,"Left"
14,5,24,"Red_Up","Yellow_Up","Green_Up","Blue_Left",-150,100,0,50,"Left"
14,5,25,"Red_Right","Yellow_Down","Green_Up","Blue_Up",-150,100,0,50,"Down"
14,5,26,"Red_Left","Yellow_Left","Green_Down","Blue_Down",-150,100,0,50,"Right"
14,5,27,"Red_Up","Yellow_Up","Green_Down","Blue_Down",-150,100,50,50,"Down"
14,5,28,"Red_Down","Yellow_Up","Green_Right","Blue_Left",100,100,0,50,"Up"
14,5,29,"Red_Left","Yellow_Down","Green_Down","Blue_Up",100,100,50,50,"Down"
14,5,30,"Red_Down","Yellow_Down","Green_Up","Blue_Down",100,100,50,50,"Up"
14,5,31,"Red_Left","Yellow_Left","Green_Right","Blue_Right",100,-1150,50,50,"Right"
14,5,32,"Red_Right","Yellow_Right","Green_Right","Blue_Down",-150,100,0,-200,"Up"
14,5,33,"Red_Down","Yellow_Left","Green_Left","Blue_Up",100,100,0,50,"Left"
14,5,34,"Red_Right","Yellow_Right","Green_Up","Blue_Right",-150,100,0,50,"Left"
14,5,35,"Red_Up","Yellow_Up","Green_Down","Blue_Up",100,100,0,50,"Right"
14,5,36,"Red_Up","Yellow_Up","Green_Right","Blue_Up",-150,-1150,0,50,"Left"
14,5,37,"Red_Right","Yellow_Down","Green_Left","Blue_Up",-150,100,50,50,"Right"
14,5,38,"Red_Up","Yellow_Right","Green_Down","Blue_Right",100,100,0,50,"Left"
14,5,39,"Red_Up","Yellow_Left","Green_Up","Blue_Right",100,100,50,50,"Up"
14,5,40,"Red_Left","Yellow_Down","Green_Down","Blue_Left",-150,100,50,50,"Up"
14,5,41,"Red_Down","Yellow_Down","Green_Right","Blue_Up",100,100,0,50,"Right"
14,5,42,"Red_Left","Yellow_Down","Green_Right","Blue_Down",100,-1150,0,50,"Up"
14,5,43,"Red_Up","Yellow_Up","Green_Right","Blue_Right",-150,100,50,50,"Left"
14,5,44,"Red_Right","Yellow_Down","Green_Right","Blue_Left",-150,100,0,-200,"Left"
14,5,45,"Red_Right","Yellow_Left","Green_Right","Blue_Up",100,100,50,-200,"Left"
14,5,46,"Red_Up","Yellow_Left","Green_Right","Blue_Left",-150,100,0,50,"Down"
14,5,47,"Red_Down","Yellow_Up","Green_Right","Blue_Up",-150,100,50,50,"Left"
14,5,48,"Red_Right","Yellow_Down","Green_Right","Blue_Left",-150,100,0,50,"Down"
14,5,49,"Red_Right","Yellow_Left","Green_Up","Blue_Right",-150,100,50,50,"Right"
14,5,50,"Red_Right","Yellow_Down","Green_Up","Blue_Down",100,-1150,50,50,"Left"
14,6,1,"Red_Up","Yellow_Down","Green_Up","Blue_Up",100,-1150,50,50,"Down"
14,6,2,"Red_Left","Yellow_Left","Green_Left","Blue_Up",100,100,0,50,"Down"
14,6,3,"Red_Down","Yellow_Right","Green_Right","Blue_Right",-150,100,0,50,"Down"
14,6,4,"Red_Right","Yellow_Up","Green_Right","Blue_Down",-150,100,50,50,"Up"
14,6,5,"Red_Up","Yellow_Right","Green_Right","Blue_Right",-150,100,50,-200,"Down"
14,6,6,"Red_Right","Yellow_Down","Green_Down","Blue_Left",100,100,50,50,"Down"
14,6,7,"Red_Down","Yellow_Left","Green_Down","Blue_Right",-150,100,0,50,"Right"
14,6,8,"Red_Left","Yellow_Left","Green_Right","Blue_Left",-150,-1150,50,50,"Left"
14,6,9,"Red_Up","Yellow_Left","Green_Down","Blue_Up",-150,100,50,50,"Up"
14,6,10,"Red_Up","Yellow_Down","Green_Down","Blue_Down",-150,100,50,50,"Right"
14,6,11,"Red_Left","Yellow_Left","Green_Left","Blue_Right",-150,100,50,50,"Up"
14,6,12,"Red_Up","Yellow_Right","Green_Right","Blue_Up",100,100,50,50,"Left"
14,6,13,"Red_Up","Yellow_Right","Green_Down","Blue_Down",100,100,0,-200,"Left"
14,6,14,"Red_Right","Yellow_Up","Green_Up","Blue_Right",100,100,0,50,"Up"
14,6,15,"Red_Left","Yellow_Down","Green_Up","Blue_Down",100,100,0,50,"Left"
14,6,16,"Red_Down","Yellow_Right","Green_Right","Blue_Left",100,100,50,-200,"Right"
14,6,17,"Red_Left","Yellow_Left","Green_Down","Blue_Down",100,100,0,50,"Right"
14,6,18,"Red_Right","Yellow_Right","Green_Left","Blue_Left",100,100,0,-200,"Up"
14,6,19,"Red_Right","Yellow_Down","Green_Down","Blue_Left",100,100,50,50,"Right"
14,6,20,"Red_Left","Yellow_Right","Green_Right","Blue_Right",100,100,0,50,"Down"
14,6,21,"Red_Up","Yellow_Right","Green_Left","Blue_Right",-150,-1150,50,50,"Down"
14,6,22,"Red_Right","Yellow_Left","Green_Down","Blue_Up",-150,100,50,50,"Up"
14,6,23,"Red_Right","Yellow_Down","Green_Left","Blue_Up",-150,-1150,0,50,"Right"
14,6,24,"Red_Up","Yellow_Down","Green_Left","Blue_Right",-150,100,50,50,"Down"
14,6,25,"Red_Left","Yellow_Down","Green_Down","Blue_Down",100,100,0,50,"Up"
14,6,26,"Red_Up","Yellow_Down","Green_Up","Blue_Down",-150,100,0,50,"Down"
14,6,27,"Red_Left","Yellow_Left","Green_Up","Blue_Left",-150,100,50,50,"Down"
14,6,28,"Red_Left","Yellow_Right","Green_Down","Blue_Left",100,100,50,50,"Down"
14,6,29,"Red_Left","Yellow_Down","Green_Up","Blue_Left",100,-1150,0,50,"Down"
14,6,30,"Red_Up","Yellow_Right","Green_Left","Blue_Down",-150,100,0,50,"Down"
14,6,31,"Red_Down","Yellow_Down","Green_Right","Blue_Up",100,100,0,50,"Up"
14,6,32,"Red_Down","Yellow_Up","Green_Right","Blue_Up",100,100,50,-200,"Down"
14,6,33,"Red_Up","Yellow_Left","Green_Down","Blue_Down",-150,100,50,50,"Right"
14,6,34,"Red_Right","Yellow_Right","Green_Left","Blue_Right",-150,100,0,50,"Right"
14,6,35,"Red_Down","Yellow_Left","Green_Up","Blue_Right",-150,100,0,50,"Down"
14,6,36,"Red_Down","Yellow_Up","Green_Up","Blue_Up",100,100,0,50,"Down"
14,6,37,"Red_Left","Yellow_Up","Green_Up","Blue_Up",100,100,50,50,"Up"
14,6,38,"Red_Up","Yellow_Down","Green_Left","Blue_Left",100,100,50,50,"Down"
14,6,39,"Red_Up","Yellow_Up","Green_Right","Blue_Right",-150,100,0,50,"Left"
14,6,40,"Red_Right","Yellow_Left","Green_Left","Blue_Right",-150,100,0,50,"Down"
14,6,41,"Red_Right","Yellow_Right","Green_Down","Blue_Up",-150,100,0,50,"Right"
14,6,42,"Red_Right","Yellow_Left","Green_Down","Blue_Right",100,100,0,50,"Up"
14,6,43,"Red_Right","Yellow_Right","Green_Up","Blue_Right",100,100,50,50,"Down"
14,6,44,"Red_Up","Yellow_Down","Green_Up","Blue_Up",-150,100,50,50,"Right"
14,6,45,"Red_Up","Yellow_Down","Green_Down","Blue_Down",100,100,50,50,"Left"
14,6,46,"Red_Left","Yellow_Right","Green_Left","Blue_Up",100,100,0,50,"Up"
14,6,47,"Red_Right","Yellow_Left","Green_Right","Blue_Down",-150,100,0,50,"Down"
14,6,48,"Red_Down","Yellow_Right","Green_Up","Blue_Down",-150,100,50,50,"Right"
14,6,49,"Red_Down","Yellow_Down","Green_Up","Blue_Down",-150,100,50,50,"Up"
14,6,50,"Red_Left","Yellow_Up","Green_Left","Blue_Right",100,100,0,50,"Down"
15,1,1,"Red_Down","Yellow_Up","Green_Left","Blue_Right",100,100,50,50,"Down"
15,1,2,"Red_Left","Yellow_Left","Green_Right","Blue_Up",100,100,50,50,"Right"
15,1,3,"Red_Up","Yellow_Up","Green_Up","Blue_Down",-150,100,50,50,"Right"
15,1,4,"Red_Down","Yellow_Up","Green_Left","Blue_Down",-150,100,0,50,"Up"
15,1,5,"Red_Up","Yellow_Left","Green_Down","Blue_Right",-150,100,0,50,"Up"
15,1,6,"Red_Up","Yellow_Left","Green_Right","Blue_Down",-150,-1150,50,50,"Down"
15,1,7,"Red_Up","Yellow_Left","Green_Left","Blue_Left",100,100,50,50,"Left"
15,1,8,"Red_Down","Yellow_Left","Green_Right","Blue_Up",100,100,0,50,"Down"
15,1,9,"Red_Up","Yellow_Left","Green_Left","Blue_Left",100,-1150,0,50,"Up"
15,1,10,"Red_Right","Yellow_Down","Green_Up","Blue_Right",-150,100,0,50,"Down"
15,1,11,"Red_Down","Yellow_Up","Green_Down","Blue_Left",-150,100,0,50,"Up"
15,1,12,"Red_Right","Yellow_Right","Green_Left","Blue_Down",100,100,50,50,"Down"
15,1,13,"Red_Down","Yellow_Up","Green_Left","Blue_Down",100,100,0,50,"Up"
15,1,14,"Red_Right","Yellow_Up","Green_Down","Blue_Up",-150,100,50,50,"Up"
15,1,15,"Red_Up","Yellow_Up","Green_Down","Blue_Up",100,100,50,50,"Left"
15,1,16,"Red_Left","Yellow_Down","Green_Up","Blue_Up",-150,-1150,0,50,"Right"
15,1,17,"Red_Right","Yellow_Left","Green_Up","Blue_Up",-150,100,50,50,"Right"
15,1,18,"Red_Right","Yellow_Down","Green_Up","Blue_Up",100,100,50,50,"Down"
15,1,19,"Red_Up","Yellow_Right","Green_Right","Blue_Left",100,100,0,50,"Right"
15,1,20,"Red_Right","Yellow_Down","Green_Up","Blue_Down",-150,100,50,-200,"Right"
15,1,21,"Red_Left","Yellow_Up","Green_Left","Blue_Left",-150,100,50,50,"Up"
15,1,22,"Red_Down","Yellow_Right","Green_Right","Blue_Down",100,100,0,50,"Right"
15,1,23,"Red_Down","Yellow_Down","Green_Left","Blue_Left",-150,100,50,50,"Left"
15,1,24,"Red_Left","Yellow_Right","Green_Up","Blue_Left",100,100,0,50,"Up"
15,1,25,"Red_Left","Yellow_Up","Green_Up","Blue_Right",100,100,50,50,"Right"
15,1,26,"Red_Up","Yellow_Up","Green_Left","Blue_Up",100,100,0,50,"Right"
15,1,27,"Red_Right","Yellow_Up","Green_Right","Blue_Left",100,100,0,50,"Up"
15,1,28,"Red_Right","Yellow_Left","Green_Down","Blue_Left",-150,100,0,50,"Right"
15,1,29,"Red_Down","Yellow_Down","Green_Up","Blue_Right",-150,100,50,-200,"Right"
15,1,30,"Red_Up","Yellow_Down","Green_Right","Blue_Left",-150,100,0,50,"Left"
15,1,31,"Red_Down","Yellow_Left","Green_Up","Blue_Left",100,100,50,50,"Down"
15,1,32,"Red_Left","Yellow_Up","Green_Up","Blue_Down",100,100,0,50,"Right"
15,1,33,"Red_Down","Yellow_Down","Green_Up","Blue_Right",-150,100,50,50,"Left"
15,1,34,"Red_Up","Yellow_Left","Green_Up","Blue_Right",-150,100,0,50,"Right"
15,1,35,"Red_Up","Yellow_Right","Green_Down","Blue_Up",100,100,50,-200,"Left"
15,1,36,"Red_Right","Yellow_Right","Green_Right","Blue_Right",100,100,50,50,"Down"
15,1,37,"Red_Left","Yellow_Right","Green_Down","Blue_Up",100,100,0,50,"Down"
15,1,38,"Red_Left","Yellow_Right","Green_Down","Blue_Right",-150,100,0,50,"Left"
15,1,39,"Red_Left","Yellow_Up","Green_Up","Blue_Up",100,-1150,0,50,"Left"
15,1,40,"Red_Left","Yellow_Left","Green_Right","Blue_Right",100,100,50,-200,"Up"
15,1,41,"Red_Left","Yellow_Down","Green_Right","Blue_Down",-150,100,50,50,"Up"
15,1,42,"Red_Left","Yellow_Up","Green_Right","Blue_Down",-150,100,50,50,"Left"
15,1,43,"Red_Up","Yellow_Left","Green_Down","Blue_Down",-150,100,50,50,"Right"
15,1,44,"Red_Up","Yellow_Up","Green_Up","Blue_Right",100,100,0,50,"Down"
15,1,45,"Red_Up","Yellow_Left","Green_Left","Blue_Right",-150,100,50,50,"Down"
15,1,46,"Red_Right","Yellow_Right","Green_Up","Blue_Up",100,-1150,0,50,"Down"
15,1,47,"Red_Up","Yellow_Down","Green_Down","Blue_Down",100,100,0,-200,"Left"
15,1,48,"Red_Right","Yellow_Left","Green_Down","Blue_Left",-150,100,0,50,"Down"
15,1,49,"Red_Right","Yellow_Left","Green_Left","Blue_Up",-150,100,0,50,"Up"
15,1,50,"Red_Left","Yellow_Up","Green_Up","Blue_Left",-150,100,50,50,"Left"
15,2,1,"Red_Right","Yellow_Up","Green_Right","Blue_Up",-150,100,0,50,"Down"
15,2,2,"Red_Left","Yellow_Right","Green_Down","Blue_Down",-150,100,50,-200,"Down"
15,2,3,"Red_Up","Yellow_Left","Green_Up","Blue_Down",-150,100,0,50,"Down"
15,2,4,"Red_Up","Yellow_Right","Green_Up","Blue_Left",100,-1150,0,50,"Down"
15,2,5,"Red_Right","Yellow_Left","Green_Left","Blue_Down",100,100,50,50,"Left"
15,2,6,"Red_Up","Yellow_Up","Green_Down","Blue_Down",-150,100,50,50,"Down"
15,2,7,"Red_Right","Yellow_Down","Green_Up","Blue_Up",-150,100,50,50,"Up"
15,2,8,"Red_Up","Yellow_Up","Green_Right","Blue_Up",-150,100,0,50,"Right"
15,2,9,"Red_Up","Yellow_Up","Green_Right","Blue_Right",100,100,0,50,"Down"
15,2,10,"Red_Right","Yellow_Right","Green_Left","Blue_Down",100,100,0,50,"Down"
15,2,11,"Red_Up","Yellow_Down","Green_Down","Blue_Down",100,100,0,50,"Up"
15,2,12,"Red_Down","Yellow_Up","Green_Down","Blue_Down",100,100,50,50,"Right"
15,2,13,"Red_Down","Yellow_Up","Green_Up","Blue_Up",-150,100,50,50,"Down"
15,2,14,"Red_Left","Yellow_Up","Green_Up","Blue_Left",-150,100,0,50,"Down"
15,2,15,"Red_Up","Yellow_Up","Green_Up","Blue_Right",100,100,0,50,"Up"
15,2,16,"Red_Down","Yellow_Down","Green_Down","Blue_Right",100,100,0,50,"Left"
15,2,17,"Red_Right","Yellow_Left","Green_Up","Blue_Right",-150,100,50,-200,"Up"
15,2,18,"Red_Right","Yellow_Right","Green_Right","Blue_Down",100,100,0,50,"Left"
15,2,19,"Red_Left","Yellow_Down","Green_Right","Blue_Left",-150,100,50,50,"Down"
15,2,20,"Red_Down","Yellow_Right","Green_Down","Blue_Up",100,100,50,50,"Up"
15,2,21,"Red_Right","Yellow_Down","Green_Up","Blue_Down",-150,100,0,50,"Right"
15,2,22,"Red_Left","Yellow_Left","Green_Up","Blue_Right",100,100,0,50,"Up"
15,2,23,"Red_Down","Yellow_Right","Green_Down","Blue_Left",-150,100,0,50,"Left"
15,2,24,"Red_Up","Yellow_Left","Green_Up","Blue_Down",100,100,50,50,"Right"
15,2,25,"Red_Down","Yellow_Up","Green_Down","Blue_Left",-150,100,0,-200,"Up"
15,2,26,"Red_Right","Yellow_Left","Green_Down","Blue_Up",-150,100,50,50,"Down"
15,2,27,"Red_Right","Yellow_Down","Green_Down","Blue_Up",100,-1150,50,50,"Up"
15,2,28,"Red_Down","Yellow_Right","Green_Right","Blue_Up",100,100,0,50,"Down"
15,2,29,"Red_Up","Yellow_Up","Green_Left","Blue_Right",100,100,50,50,"Right"
15,2,30,"Red_Up","Yellow_Left","Green_Up","Blue_Down",-150,100,0,50,"Up"
15,2,31,"Red_Up","Yellow_Down","Green_Right","Blue_Down",-150,-1150,50,50,"Up"
15,2,32,"Red_Up","Yellow_Down","Green_Up","Blue_Right",-150,100,50,50,"Left"
15,2,33,"Red_Left","Yellow_Down","Green_Left","Blue_Down",-150,100,50,50,"Down"
15,2,34,"Red_Down","Yellow_Left","Green_Down","Blue_Up",100,100,0,50,"Left"
15,2,35,"Red_Left","Yellow_Down","Green_Left","Blue_Up",-150,100,50,50,"Up"
15,2,36,"Red_Right","Yellow_Up","Green_Right","Blue_Right",100,100,0,-200,"Right"
15,2,37,"Red_Up","Yellow_Left","Green_Left","Blue_Right",100,-1150,0,50,"Down"
15,2,38,"Red_Left","Yellow_Up","Green_Up","Blue_Left",-150,100,0,50,"Up"
15,2,39,"Red_Left","Yellow_Right","Green_Up","Blue_Right",100,100,0,-200,"Right"
15,2,40,"Red_Down","Yellow_Up","Green_Down","Blue_Right",100,100,0,50,"Down"
15,2,41,"Red_Right","Yellow_Right","Green_Down","Blue_Left",-150,100,0,50,"Down"
15,2,42,"Red_Left","Yellow_Down","Green_Down","Blue_Right",-150,100,50,50,"Down"
15,2,43,"Red_Left","Yellow_Right","Green_Left","Blue_Down",100,100,50,50,"Down"
15,2,44,"Red_Left","Yellow_Down","Green_Left","Blue_Right",-150,100,50,50,"Up"
15,2,45,"Red_Left","Yellow_Left","Green_Left","Blue_Right",100,100,50,50,"Down"
15,2,46,"Red_Right","Yellow_Left","Green_Right","Blue_Down",-150,100,0,50,"Down"
15,2,47,"Red_Up","Yellow_Left","Green_Up","Blue_Down",-150,100,50,50,"Right"
15,2,48,"Red_Up","Yellow_Right","Green_Down","Blue_Left",100,100,50,50,"Down"
15,2,49,"Red_Left","Yellow_Left","Green_Down","Blue_Down",100,100,50,50,"Left"
15,2,50,"Red_Right","Yellow_Left","Green_Down","Blue_Up",100,-1150,50,50,"Right"
15,3,1,"Red_Up","Yellow_Left","Green_Left","Blue_Right",100,100,0,-200,"Right"
15,3,2,"Red_Down","Yellow_Up","Green_Down","Blue_Left",-150,100,0,50,"Up"
15,3,3,"Red_Left","Yellow_Up","Green_Right","Blue_Left",100,100,0,50,"Down"
15,3,4,"Red_Right","Yellow_Up","Green_Right","Blue_Down",-150,100,0,50,"Right"
15,3,5,"Red_Right","Yellow_Left","Green_Down","Blue_Down",-150,100,0,50,"Right"
15,3,6,"Red_Down","Yellow_Up","Green_Up","Blue_Right",100,100,50,50,"Up"
15,3,7,"Red_Up","Yellow_Right","Green_Up","Blue_Left",-150,100,50,50,"Down"
15,3,8,"Red_Right","Yellow_Right","Green_Up","Blue_Left",100,100,0,50,"Right"
15,3,9,"Red_Down","Yellow_Up","Green_Up","Blue_Right",100,100,50,50,"Left"
15,3,10,"Red_Down","Yellow_Up","Green_Down","Blue_Left",-150,100,50,50,"Down"
15,3,11,"Red_Right","Yellow_Up","Green_Up","Blue_Up",-150,100,50,50,"Right"
15,3,12,"Red_Down","Yellow_Down","Green_Right","Blue_Down",100,100,0,50,"Right"
15,3,13,"Red_Down","Yellow_Down","Green_Right","Blue_Left",-150,100,0,50,"Right"
15,3,14,"Red_Up","Yellow_Left","Green_Up","Blue_Up",-150,100,50,50,"Down"
15,3,15,"Red_Left","Yellow_Up","Green_Left","Blue_Down",100,-1150,50,50,"Up"
15,3,16,"Red_Left","Yellow_Up","Green_Left","Blue_Up",-150,-1150,0,50,"Up"
15,3,17,"Red_Up","Yellow_Down","Green_Down","Blue_Left",100,100,50,50,"Right"
15,3,18,"Red_Right","Yellow_Left","Green_Down","Blue_Up",-150,100,0,50,"Down"
15,3,19,"Red_Left","Yellow_Up","Green_Right","Blue_Up",100,100,50,50,"Up"
15,3,20,"Red_Up","Yellow_Right","Green_Right","Blue_Up",-150,100,0,50,"Down"
15,3,21,"Red_Up","Yellow_Up","Green_Up","Blue_Left",-150,100,0,50,"Right"
15,3,22,"Red_Down","Yellow_Up","Green_Left","Blue_Up",-150,100,50,50,"Right"
15,3,23,"Red_Right","Yellow_Right","Green_Down","Blue_Up",-150,100,50,50,"Right"
15,3,24,"Red_Down","Yellow_Left","Green_Right","Blue_Down",100,100,0,50,"Up"
15,3,25,"Red_Left","Yellow_Right","Green_Up","Blue_Right",100,100,50,50,"Down"
15,3,26,"Red_Down","Yellow_Left","Green_Up","Blue_Up",-150,100,0,50,"Down"
15,3,27,"Red_Down","Yellow_Down","Green_Down","Blue_Left",100,100,50,50,"Down"
15,3,28,"Red_Left","Yellow_Down","Green_Down","Blue_Right",100,-1150,0,50,"Right"
15,3,29,"Red_Left","Yellow_Right","Green_Left","Blue_Left",-150,100,50,50,"Down"
15,3,30,"Red_Up","Yellow_Left","Green_Down","Blue_Right",-150,-1150,50,50,"Right"
15,3,31,"Red_Left","Yellow_Right","Green_Left","Blue_Down",100,100,0,50,"Left"
15,3,32,"Red_Down","Yellow_Right","Green_Left","Blue_Right",100,100,0,50,"Right"
15,3,33,"Red_Down","Yellow_Left","Green_Left","Blue_Left",100,100,0,50,"Right"
15,3,34,"Red_Right","Yellow_Left","Green_Up","Blue_Right",100,100,50,-200,"Left"
15,3,35,"Red_Down","Yellow_Right","Green_Down","Blue_Down",100,100,0,50,"Left"
15,3,36,"Red_Right","Yellow_Down","Green_Up","Blue_Up",-150,100,50,50,"Left"
15,3,37,"Red_Right","Yellow_Up","Green_Right","Blue_Down",-150,100,50,50,"Right"
15,3,38,"Red_Right","Yellow_Down","Green_Left","Blue_Down",-150,100,50,-200,"Left"
15,3,39,"Red_Right","Yellow_Up","Green_Up","Blue_Left",-150,100,50,50,"Right"
15,3,40,"Red_Right","Yellow_Down","Green_Up","Blue_Left",100,100,50,50,"Down"
15,3,41,"Red_Down","Yellow_Right","Green_Down","Blue_Up",100,100,50,50,"Left"
15,3,42,"Red_Up","Yellow_Down","Green_Right","Blue_Right",-150,100,50,-200,"Up"
15,3,43,"Red_Left","Yellow_Right","Green_Left","Blue_Down",-150,100,50,50,"Down"
15,3,44,"Red_Up","Yellow_Up","Green_Up","Blue_Right",-150,100,0,50,"Up"
15,3,45,"Red_Left","Yellow_Left","Green_Down","Blue_Down",100,100,0,50,"Down"
15,3,46,"Red_Up","Yellow_Up","Green_Right","Blue_Up",100,-1150,50,-200,"Up"
15,3,47,"Red_Up","Yellow_Left","Green_Right","Blue_Right",100,100,0,50,"Left"
15,3,48,"Red_Up","Yellow_Up","Green_Left","Blue_Right",100,100,0,50,"Left"
15,3,49,"Red_Right","Yellow_Up","Green_Up","Blue_Right",100,100,0,50,"Down"
15,3,50,"Red_Up","Yellow_Left","Green_Left","Blue_Right",-150,100,0,50,"Right"
15,4,1,"Red_Left","Yellow_Down","Green_Up","Blue_Left",-150,100,50,50,"Down"
15,4,2,"Red_Up","Yellow_Up","Green_Up","Blue_Up",100,100,50,50,"Left"
15,4,3,"Red_Left","Yellow_Down","Green_Up","Blue_Down",-150,100,0,50,"Down"
15,4,4,"Red_Up","Yellow_Down","Green_Down","Blue_Left",-150,-1150,0,-200,"Right"
15,4,5,"Red_Down","Yellow_Up","Green_Right","Blue_Up",-150,100,0,50,"Up"
15,4,6,"Red_Right","Yellow_Right","Green_Down","Blue_Right",100,100,50,50,"Right"
15,4,7,"Red_Down","Yellow_Right","Green_Left","Blue_Down",-150,100,0,50,"Right"
15,4,8,"Red_Left","Yellow_Up","Green_Down","Blue_Right",100,100,0,50,"Right"
15,4,9,"Red_Left","Yellow_Right","Green_Right","Blue_Up",-150,100,50,50,"Right"
15,4,10,"Red_Down","Yellow_Left","Green_Up","Blue_Left",100,100,50,50,"Left"
15,4,11,"Red_Right","Yellow_Up","Green_Left","Blue_Down",-150,-1150,0,50,"Up"
15,4,12,"Red_Down","Yellow_Up","Green_Up","Blue_Left",-150,100,50,50,"Right"
15,4,13,"Red_Up","Yellow_Left","Green_Up","Blue_Right",100,100,50,50,"Down"
15,4,14,"Red_Down","Yellow_Left","Green_Down","Blue_Right",100,100,0,50,"Right"
15,4,15,"Red_Up","Yellow_Right","Green_Left","Blue_Left",-150,100,50,50,"Up"
15,4,16,"Red_Right","Yellow_Right","Green_Down","Blue_Down",-150,100,50,50,"Left"
15,4,17,"Red_Up","Yellow_Down","Green_Left","Blue_Right",100,100,0,50,"Right"
15,4,18,"Red_Left","Yellow_Up","Green_Down","Blue_Up",100,100,50,50,"Up"
15,4,19,"Red_Left","Yellow_Left","Green_Up","Blue_Left",-150,100,50,50,"Right"
15,4,20,"Red_Left","Yellow_Left","Green_Up","Blue_Up",-150,100,50,50,"Right"
15,4,21,"Red_Right","Yellow_Left","Green_Left","Blue_Down",100,100,0,50,"Up"
15,4,22,"Red_Down","Yellow_Up","Green_Up","Blue_Left",-150,-1150,0,50,"Right"
15,4,23,"Red_Left","Yellow_Up","Green_Down","Blue_Up",-150,100,50,50,"Up"
15,4,24,"Red_Up","Yellow_Up","Green_Up","Blue_Left",-150,100,50,50,"Right"
15,4,25,"Red_Down","Yellow_Up","Green_Down","Blue_Up",-150,100,50,50,"Left"
15,4,26,"Red_Down","Yellow_Up","Green_Right","Blue_Left",100,100,0,50,"Left"
15,4,27,"Red_Up","Yellow_Down","Green_Right","Blue_Left",100,-1150,0,-200,"Right"
15,4,28,"Red_Right","Yellow_Down","Green_Left","Blue_Left",-150,100,0,50,"Down"
15,4,29,"Red_Down","Yellow_Up","Green_Down","Blue_Left",-150,100,50,-200,"Right"
15,4,30,"Red_Up","Yellow_Down","Green_Up","Blue_Left",100,100,0,50,"Up"
15,4,31,"Red_Down","Yellow_Left","Green_Up","Blue_Up",100,100,0,50,"Right"
15,4,32,"Red_Down","Yellow_Down","Green_Right","Blue_Down",100,100,50,50,"Up"
15,4,33,"Red_Down","Yellow_Down","Green_Left","Blue_Right",100,100,0,50,"Up"
15,4,34,"Red_Down","Yellow_Left","Green_Up","Blue_Down",100,100,50,50,"Right"
15,4,35,"Red_Right","Yellow_Left","Green_Right","Blue_Left",100,100,50,50,"Down"
15,4,36,"Red_Up","Yellow_Left","Green_Down","Blue_Right",-150,100,50,-200,"Up"
15,4,37,"Red_Up","Yellow_Left","Green_Right","Blue_Right",-150,100,50,50,"Down"
15,4,38,"Red_Right","Yellow_Left","Green_Right","Blue_Up",100,-1150,0,50,"Left"
15,4,39,"Red_Right","Yellow_Right","Green_Up","Blue_Left",100,100,0,50,"Right"
15,4,40,"Red_Left","Yellow_Down","Green_Up","Blue_Up",100,100,50,-200,"Left"
15,4,41,"Red_Right","Yellow_Up","Green_Down","Blue_Left",-150,100,0,50,"Left"
15,4,42,"Red_Up","Yellow_Down","Green_Right","Blue_Up",-150,100,0,50,"Down"
15,4,43,"Red_Up","Yellow_Right","Green_Right","Blue_Right",100,100,50,50,"Left"
15,4,44,"Red_Left","Yellow_Right","Green_Up","Blue_Down",100,100,50,50,"Up"
15,4,45,"Red_Right","Yellow_Left","Green_Down","Blue_Left",-150,100,0,50,"Left"
15,4,46,"Red_Down","Yellow_Up","Green_Up","Blue_Left",100,100,0,50,"Right"
15,4,47,"Red_Right","Yellow_Up","Green_Down","Blue_Up",100,100,0,50,"Down"
15,4,48,"Red_Right","Yellow_Left","Green_Left","Blue_Left",-150,100,0,50,"Left"
15,4,49,"Red_Up","Yellow_Right","Green_Right","Blue_Right",100,100,50,50,"Right"
15,4,50,"Red_Right","Yellow_Up","Green_Down","Blue_Right",-150,100,0,50,"Right"
15,5,1,"Red_Up","Yellow_Up","Green_Right","Blue_Down",100,100,50,50,"Right"
15,5,2,"Red_Right","Yellow_Down","Green_Down","Blue_Up",-150,100,0,50,"Right"
15,5,3,"Red_Right","Yellow_Down","Green_Left","Blue_Right",-150,100,0,50,"Down"
15,5,4,"Red_Up","Yellow_Right","Green_Left","Blue_Left",-150,100,0,50,"Down"
15,5,5,"Red_Up","Yellow_Up","Green_Down","Blue_Right",100,100,50,-200,"Up"
15,5,6,"Red_Left","Yellow_Up","Green_Up","Blue_Down",-150,100,50,50,"Up"
15,5,7,"Red_Down","Yellow_Right","Green_Up","Blue_Right",100,100,0,50,"Down"
15,5,8,"Red_Down","Yellow_Left","Green_Up","Blue_Up",-150,100,50,50,"Up"
15,5,9,"Red_Down","Yellow_Down","Green_Up","Blue_Right",-150,100,50,50,"Right"
15,5,10,"Red_Left","Yellow_Right","Green_Left","Blue_Right",-150,100,0,50,"Right"
15,5,11,"Red_Down","Yellow_Left","Green_Left","Blue_Down",100,100,50,50,"Left"
15,5,12,"Red_Right","Yellow_Left","Green_Up","Blue_Right",-150,100,50,-200,"Down"
15,5,13,"Red_Right","Yellow_Left","Green_Right","Blue_Right",100,100,0,50,"Up"
15,5,14,"Red_Up","Yellow_Down","Green_Left","Blue_Left",-150,100,0,50,"Right"
15,5,15,"Red_Left","Yellow_Left","Green_Up","Blue_Down",100,100,0,50,"Left"
15,5,16,"Red_Right","Yellow_Left","Green_Up","Blue_Down",-150,-1150,0,50,"Up"
15,5,17,"Red_Left","Yellow_Up","Green_Up","Blue_Up",-150,100,0,50,"Up"
15,5,18,"Red_Left","Yellow_Right","Green_Down","Blue_Up",100,100,50,50,"Left"
15,5,19,"Red_Right","Yellow_Down","Green_Right","Blue_Left",-150,100,50,50,"Down"
15,5,20,"Red_Left","Yellow_Down","Green_Up","Blue_Down",100,100,50,50,"Right"
15,5,21,"Red_Up","Yellow_Up","Green_Right","Blue_Down",-150,100,0,50,"Right"
15,5,22,"Red_Up","Yellow_Up","Green_Left","Blue_Down",-150,-1150,0,50,"Down"
15,5,23,"Red_Right","Yellow_Up","Green_Up","Blue_Down",-150,-1150,50,50,"Right"
15,5,24,"Red_Up","Yellow_Left","Green_Left","Blue_Left",100,100,50,-200,"Left"
15,5,25,"Red_Down","Yellow_Up","Green_Down","Blue_Right",100,100,50,50,"Down"
15,5,26,"Red_Left","Yellow_Right","Green_Right","Blue_Left",-150,100,50,50,"Down"
15,5,27,"Red_Right","Yellow_Down","Green_Down","Blue_Right",-150,-1150,0,-200,"Right"
15,5,28,"Red_Down","Yellow_Down","Green_Up","Blue_Up",100,100,50,50,"Up"
15,5,29,"Red_Right","Yellow_Down","Green_Right","Blue_Up",100,100,50,50,"Right"
15,5,30,"Red_Right","Yellow_Right","Green_Left","Blue_Down",100,100,0,50,"Down"
15,5,31,"Red_Up","Yellow_Up","Green_Up","Blue_Down",-150,100,50,50,"Right"
15,5,32,"Red_Left","Yellow_Right","Green_Right","Blue_Right",-150,100,50,50,"Right"
15,5,33,"Red_Down","Yellow_Down","Green_Up","Blue_Left",100,100,50,50,"Left"
15,5,34,"Red_Left","Yellow_Up","Green_Down","Blue_Right",100,100,0,50,"Down"
15,5,35,"Red_Down","Yellow_Up","Green_Left","Blue_Up",-150,100,50,50,"Left"
15,5,36,"Red_Down","Yellow_Left","Green_Left","Blue_Up",-150,100,0,50,"Up"
15,5,37,"Red_Right","Yellow_Down","Green_Up","Blue_Down",-150,100,0,50,"Down"
15,5,38,"Red_Left","Yellow_Down","Green_Down","Blue_Up",100,100,0,50,"Down"
15,5,39,"Red_Right","Yellow_Right","Green_Left","Blue_Down",100,100,0,50,"Up"
15,5,40,"Red_Down","Yellow_Down","Green_Left","Blue_Down",100,100,50,50,"Down"
15,5,41,"Red_Up","Yellow_Left","Green_Down","Blue_Right",100,100,0,50,"Right"
15,5,42,"Red_Up","Yellow_Down","Green_Right","Blue_Left",100,100,0,50,"Right"
15,5,43,"Red_Up","Yellow_Right","Green_Left","Blue_Left",100,-1150,0,50,"Right"
15,5,44,"Red_Left","Yellow_Right","Green_Left","Blue_Left",100,100,0,50,"Up"
15,5,45,"Red_Down","Yellow_Right","Green_Up","Blue_Left",-150,100,0,50,"Down"
15,5,46,"Red_Right","Yellow_Right","Green_Right","Blue_Left",100,100,50,50,"Right"
15,5,47,"Red_Left","Yellow_Right","Green_Right","Blue_Down",-150,100,50,50,"Left"
15,5,48,"Red_Down","Yellow_Down","Green_Down","Blue_Up",-150,100,50,-200,"Down"
15,5,49,"Red_Right","Yellow_Right","Green_Right","Blue_Left",100,100,0,50,"Left"
15,5,50,"Red_Left","Yellow_Right","Green_Left","Blue_Down",100,100,50,50,"Down"
15,6,1,"Red_Left","Yellow_Left","Green_Up","Blue_Left",100,100,50,50,"Right"
15,6,2,"Red_Up","Yellow_Down","Green_Right","Blue_Right",100,-1150,50,50,"Down"
15,6,3,"Red_Up","Yellow_Up","Green_Down","Blue_Down",-150,100,0,50,"Down"
15,6,4,"Red_Left","Yellow_Right","Green_Left","Blue_Right",100,100,50,50,"Left"
15,6,5,"Red_Left","Yellow_Left","Green_Left","Blue_Right",-150,100,50,-200,"Down"
15,6,6,"Red_Up","Yellow_Left","Green_Right","Blue_Down",100,100,0,50,"Left"
15,6,7,"Red_Down","Yellow_Up","Green_Right","Blue_Down",100,100,0,50,"Up"
15,6,8,"Red_Right","Yellow_Right","Green_Up","Blue_Left",100,100,50,50,"Up"
15,6,9,"Red_Up","Yellow_Up","Green_Down","Blue_Up",-150,100,0,50,"Down"
15,6,10,"Red_Down","Yellow_Up","Green_Up","Blue_Down",-150,100,0,50,"Right"
15,6,11,"Red_Up","Yellow_Right","Green_Right","Blue_Left",-150,100,50,50,"Left"
15,6,12,"Red_Right","Yellow_Up","Green_Down","Blue_Up",-150,100,0,50,"Left"
15,6,13,"Red_Up","Yellow_Down","Green_Up","Blue_Right",-150,100,0,50,"Left"
15,6,14,"Red_Down","Yellow_Up","Green_Right","Blue_Right",-150,100,50,-200,"Down"
15,6,15,"Red_Left","Yellow_Down","Green_Up","Blue_Down",-150,100,0,-200,"Down"
15,6,16,"Red_Right","Yellow_Left","Green_Down","Blue_Right",100,100,0,50,"Down"
15,6,17,"Red_Down","Yellow_Up","Green_Left","Blue_Down",100,100,0,50,"Right"
15,6,18,"Red_Left","Yellow_Down","Green_Right","Blue_Down",-150,100,0,50,"Right"
15,6,19,"Red_Up","Yellow_Down","Green_Right","Blue_Down",100,100,50,50,"Right"
15,6,20,"Red_Down","Yellow_Left","Green_Up","Blue_Down",-150,100,0,50,"Up"
15,6,21,"Red_Right","Yellow_Right","Green_Down","Blue_Down",100,100,50,50,"Right"
15,6,22,"Red_Right","Yellow_Right","Green_Up","Blue_Down",-150,100,0,50,"Down"
15,6,23,"Red_Left","Yellow_Up","Green_Up","Blue_Right",100,100,50,50,"Right"
15,6,24,"Red_Right","Yellow_Down","Green_Right","Blue_Left",100,100,0,50,"Down"
15,6,25,"Red_Right","Yellow_Right","Green_Down","Blue_Left",100,100,50,50,"Up"
15,6,26,"Red_Up","Yellow_Right","Green_Left","Blue_Left",100,100,50,50,"Down"
15,6,27,"Red_Up","Yellow_Up","Green_Right","Blue_Right",100,100,50,50,"Up"
15,6,28,"Red_Up","Yellow_Down","Green_Up","Blue_Up",-150,100,0,50,"Down"
15,6,29,"Red_Down","Yellow_Up","Green_Left","Blue_Down",-150,100,0,50,"Left"
15,6,30,"Red_Down","Yellow_Right","Green_Up","Blue_Left",100,100,50,50,"Left"
15,6,31,"Red_Down","Yellow_Left","Green_Right","Blue_Up",-150,-1150,0,50,"Down"
15,6,32,"Red_Up","Yellow_Up","Green_Left","Blue_Up",100,100,50,50,"Left"
15,6,33,"Red_Left","Yellow_Down","Green_Left","Blue_Up",-150,100,50,50,"Up"
15,6,34,"Red_Down","Yellow_Right","Green_Right","Blue_Right",100,100,50,50,"Down"
15,6,35,"Red_Down","Yellow_Up","Green_Down","Blue_Right",-150,100,0,50,"Left"
15,6,36,"Red_Up","Yellow_Up","Green_Left","Blue_Right",-150,-1150,50,50,"Down"
15,6,37,"Red_Right","Yellow_Right","Green_Left","Blue_Down",100,100,50,50,"Up"
15,6,38,"Red_Down","Yellow_Up","Green_Down","Blue_Down",100,100,0,50,"Up"
15,6,39,"Red_Left","Yellow_Right","Green_Right","Blue_Left",100,100,50,50,"Down"
15,6,40,"Red_Left","Yellow_Up","Green_Left","Blue_Left",-150,-1150,0,50,"Down"
15,6,41,"Red_Up","Yellow_Right","Green_Up","Blue_Up",100,100,0,50,"Down"
15,6,42,"Red_Down","Yellow_Left","Green_Up","Blue_Down",-150,100,0,50,"Right"
15,6,43,"Red_Left","Yellow_Up","Green_Up","Blue_Left",-150,-1150,0,50,"Right"
15,6,44,"Red_Up","Yellow_Right","Green_Right","Blue_Left",100,100,50,-200,"Right"
15,6,45,"Red_Left","Yellow_Left","Green_Down","Blue_Up",-150,100,50,-200,"Left"
15,6,46,"Red_Right","Yellow_Left","Green_Left","Blue_Down",100,100,50,50,"Down"
15,6,47,"Red_Up","Yellow_Right","Green_Right","Blue_Up",-150,100,0,50,"Right"
15,6,48,"Red_Down","Yellow_Right","Green_Left","Blue_Left",-150,100,50,50,"Up"
15,6,49,"Red_Left","Yellow_Left","Green_Right","Blue_Left",100,100,50,50,"Down"
15,6,50,"Red_Left","Yellow_Down","Green_Up","Blue_Up",-150,100,0,50,"Up"
16,1,1,"Red_Right","Yellow_Down","Green_Left","Blue_Left",100,100,50,50,"Up"
16,1,2,"Red_Up","Yellow_Down","Green_Left","Blue_Right",-150,100,0,50,"Left"
16,1,3,"Red_Down","Yellow_Down","Green_Left","Blue_Right",-150,100,0,50,"Right"
16,1,4,"Red_Left","Yellow_Up","Green_Left","Blue_Left",100,100,50,-200,"Up"
16,1,5,"Red_Up","Yellow_Right","Green_Right","Blue_Left",100,100,0,50,"Right"
16,1,6,"Red_Down","Yellow_Right","Green_Down","Blue_Right",100,100,50,50,"Up"
16,1,7,"Red_Up","Yellow_Left","Green_Up","Blue_Left",100,100,50,50,"Up"
16,1,8,"Red_Down","Yellow_Right","Green_Left","Blue_Left",-150,100,50,50,"Down"
16,1,9,"Red_Left","Yellow_Left","Green_Down","Blue_Left",100,100,0,50,"Left"
16,1,10,"Red_Left","Yellow_Up","Green_Down","Blue_Right",-150,100,50,50,"Right"
16,1,11,"Red_Right","Yellow_Down","Green_Up","Blue_Down",100,100,0,50,"Up"
16,1,12,"Red_Left","Yellow_Down","Green_Down","Blue_Down",-150,100,50,50,"Down"
16,1,13,"Red_Down","Yellow_Right","Green_Right","Blue_Up",-150,-1150,0,50,"Down"
16,1,14,"Red_Right","Yellow_Up","Green_Left","Blue_Left",-150,100,50,50,"Down"
16,1,15,"Red_Right","Yellow_Up","Green_Down","Blue_Up",100,100,0,50,"Down"
16,1,16,"Red_Up","Yellow_Down","Green_Down","Blue_Right",-150,100,50,50,"Right"
16,1,17,"Red_Up","Yellow_Down","Green_Down","Blue_Up",100,-1150,50,50,"Right"
16,1,18,"Red_Left","Yellow_Up","Green_Right","Blue_Down",-150,100,50,50,"Right"
16,1,19,"Red_Down","Yellow_Up","Green_Left","Blue_Left",-150,100,0,50,"Up"
16,1,20,"Red_Left","Yellow_Up","Green_Left","Blue_Left",100,100,0,50,"Right"
16,1,21,"Red_Right","Yellow_Down","Green_Up","Blue_Up",-150,100,0,50,"Up"
16,1,22,"Red_Down","Yellow_Down","Green_Right","Blue_Right",-150,100,50,50,"Up"
16,1,23,"Red_Down","Yellow_Up","Green_Left","Blue_Down",-150,-1150,50,50,"Left"
16,1,24,"Red_Down","Yellow_Left","Green_Left","Blue_Right",100,100,50,-200,"Right"
16,1,25,"Red_Down","Yellow_Down","Green_Up","Blue_Right",-150,100,0,50,"Left"
16,1,26,"Red_Right","Yellow_Down","Green_Up","Blue_Right",-150,100,0,50,"Left"
16,1,27,"Red_Down","Yellow_Right","Green_Up","Blue_Up",100,100,50,-200,"Right"
16,1,28,"Red_Down","Yellow_Down","Green_Down","Blue_Right",100,100,50,50,"Up"
16,1,29,"Red_Left","Yellow_Down","Green_Down","Blue_Left",100,100,0,50,"Down"
16,1,30,"Red_Right","Yellow_Right","Green_Right","Blue_Up",-150,-1150,0,50,"Up"
16,1,31,"Red_Down","Yellow_Up","Green_Right","Blue_Left",100,100,50,50,"Right"
16,1,32,"Red_Left","Yellow_Up","Green_Left","Blue_Down",100,100,0,50,"Up"
16,1,33,"Red_Left","Yellow_Left","Green_Right","Blue_Down",100,100,0,50,"Right"
16,1,34,"Red_Down","Yellow_Down","Green_Down","Blue_Right",-150,100,50,50,"Down"
16,1,35,"Red_Right","Yellow_Down","Green_Left","Blue_Down",100,100,50,50,"Right"
16,1,36,"Red_Right","Yellow_Up","Green_Down","Blue_Up",100,100,50,50,"Right"
16,1,37,"Red_Down","Yellow_Right","Green_Down","Blue_Down",-150,100,0,50,"Right"
16,1,38,"Red_Down","Yellow_Left","Green_Left","Blue_Down",-150,100,0,50,"Up"
16,1,39,"Red_Right","Yellow_Right","Green_Down","Blue_Left",-150,100,0,50,"Left"
16,1,40,"Red_Up","Yellow_Up","Green_Up","Blue_Up",100,100,50,50,"Down"
16,1,41,"Red_Right","Yellow_Right","Green_Left","Blue_Right",100,100,0,50,"Left"
16,1,42,"Red_Right","Yellow_Left","Green_Down","Blue_Right",-150,100,0,50,"Left"
16,1,43,"Red_Left","Yellow_Down","Green_Up","Blue_Right",100,-1150,0,50,"Left"
16,1,44,"Red_Down","Yellow_Down","Green_Up","Blue_Right",100,100,0,-200,"Right"
16,1,45,"Red_Left","Yellow_Right","Green_Up","Blue_Down",100,100,0,50,"Right"
16,1,46,"Red_Left","Yellow_Right","Green_Left","Blue_Up",-150,100,50,50,"Right"
16,1,47,"Red_Up","Yellow_Left","Green_Up","Blue_Left",100,100,50,50,"Right"
16,1,48,"Red_Up","Yellow_Right","Green_Up","Blue_Up",-150,100,0,-200,"Up"
16,1,49,"Red_Up","Yellow_Up","Green_Down","Blue_Left",-150,100,50,50,"Left"
16,1,50,"Red_Up","Yellow_Left","Green_Down","Blue_Up",-150,100,50,50,"Up"
16,2,1,"Red_Right","Yellow_Up","Green_Right","Blue_Down",-150,100,50,50,"Up"
16,2,2,"Red_Left","Yellow_Down","Green_Right","Blue_Left",-150,100,50,50,"Right"
16,2,3,"Red_Down","Yellow_Up","Green_Right","Blue_Left",-150,100,50,50,"Up"
16,2,4,"Red_Down","Yellow_Right","Green_Up","Blue_Left",100,100,50,-200,"Right"
16,2,5,"Red_Left","Yellow_Up","Green_Down","Blue_Right",100,100,50,50,"Left"
16,2,6,"Red_Right","Yellow_Up","Green_Up","Blue_Left",-150,100,0,50,"Left"
16,2,7,"Red_Up","Yellow_Up","Green_Left","Blue_Right",100,-1150,0,50,"Up"
16,2,8,"Red_Down","Yellow_Left","Green_Down","Blue_Down",-150,100,0,50,"Right"
16,2,9,"Red_Up","Yellow_Left","Green_Down","Blue_Left",100,100,0,50,"Up"
16,2,10,"Red_Down","Yellow_Up","Green_Down","Blue_Right",100,100,50,-200,"Up"
16,2,11,"Red_Left","Yellow_Left","Green_Left","Blue_Down",100,100,0,50,"Down"
16,2,12,"Red_Right","Yellow_Down","Green_Right","Blue_Down",-150,-1150,0,-200,"Up"
16,2,13,"Red_Right","Yellow_Left","Green_Left","Blue_Down",-150,100,50,50,"Down"
16,2,14,"Red_Right","Yellow_Right","Green_Up","Blue_Down",100,100,0,50,"Up"
16,2,15,"Red_Up","Yellow_Right","Green_Right","Blue_Up",100,100,50,50,"Down"
16,2,16,"Red_Left","Yellow_Up","Green_Up","Blue_Left",100,100,50,50,"Up"
16,2,17,"Red_Down","Yellow_Right","Green_Up","Blue_Down",100,100,0,50,"Up"
16,2,18,"Red_Up","Yellow_Down","Green_Right","Blue_Left",-150,100,50,50,"Up"
16,2,19,"Red_Down","Yellow_Up","Green_Left","Blue_Left",-150,100,50,50,"Up"
16,2,20,"Red_Left","Yellow_Up","Green_Up","Blue_Left",100,100,0,50,"Right"
16,2,21,"Red_Right","Yellow_Down","Green_Up","Blue_Left",100,100,0,50,"Right"
16,2,22,"Red_Up","Yellow_Left","Green_Up","Blue_Up",-150,100,50,50,"Right"
16,2,23,"Red_Up","Yellow_Right","Green_Left","Blue_Right",-150,-1150,0,50,"Left"
16,2,24,"Red_Left","Yellow_Left","Green_Right","Blue_Right",100,100,0,50,"Up"
16,2,25,"Red_Left","Yellow_Up","Green_Up","Blue_Left",-150,100,0,50,"Right"
16,2,26,"Red_Down","Yellow_Up","Green_Down","Blue_Right",100,100,50,50,"Down"
16,2,27,"Red_Down","Yellow_Right","Green_Up","Blue_Right",-150,100,0,-200,"Down"
16,2,28,"Red_Up","Yellow_Up","Green_Right","Blue_Left",-150,100,0,50,"Down"
16,2,29,"Red_Right","Yellow_Up","Green_Right","Blue_Right",100,100,0,50,"Down"
16,2,30,"Red_Right","Yellow_Left","Green_Up","Blue_Left",-150,100,0,50,"Up"
16,2,31,"Red_Left","Yellow_Right","Green_Right","Blue_Right",-150,100,0,50,"Left"
16,2,32,"Red_Down","Yellow_Up","Green_Up","Blue_Left",-150,100,0,50,"Up"
16,2,33,"Red_Down","Yellow_Down","Green_Down","Blue_Down",100,100,0,50,"Up"
16,2,34,"Red_Up","Yellow_Left","Green_Down","Blue_Left",100,100,50,50,"Up"
16,2,35,"Red_Down","Yellow_Left","Green_Down","Blue_Left",100,100,0,50,"Left"
16,2,36,"Red_Down","Yellow_Down","Green_Up","Blue_Down",100,-1150,50,50,"Down"
16,2,37,"Red_Right","Yellow_Down","Green_Left","Blue_Up",100,-1150,0,50,"Up"
16,2,38,"Red_Down","Yellow_Down","Green_Down","Blue_Right",-150,100,50,50,"Down"
16,2,39,"Red_Up","Yellow_Down","Green_Left","Blue_Left",-150,100,50,50,"Left"
16,2,40,"Red_Left","Yellow_Down","Green_Left","Blue_Left",100,100,0,50,"Down"
16,2,41,"Red_Right","Yellow_Up","Green_Down","Blue_Up",100,100,0,50,"Up"
16,2,42,"Red_Down","Yellow_Left","Green_Up","Blue_Up",-150,100,50,50,"Left"
16,2,43,"Red_Down","Yellow_Up","Green_Up","Blue_Right",100,100,50,-200,"Right"
16,2,44,"Red_Right","Yellow_Right","Green_Down","Blue_Down",100,100,50,50,"Down"
16,2,45,"Red_Up","Yellow_Down","Green_Down","Blue_Down",-150,100,50,50,"Left"
16,2,46,"Red_Down","Yellow_Up","Green_Right","Blue_Left",-150,100,50,50,"Down"
16,2,47,"Red_Up","Yellow_Right","Green_Right","Blue_Left",-150,100,50,50,"Left"
16,2,48,"Red_Up","Yellow_Right","Green_Down","Blue_Up",-150,100,50,50,"Left"
16,2,49,"Red_Up","Yellow_Down","Green_Down","Blue_Up",-150,100,0,50,"Right"
16,2,50,"Red_Left","Yellow_Left","Green_Up","Blue_Right",100,100,50,50,"Up"
16,3,1,"Red_Down","Yellow_Down","Green_Up","Blue_Left",100,100,50,50,"Left"
16,3,2,"Red_Down","Yellow_Up","Green_Down","Blue_Up",100,100,50,50,"Up"
16,3,3,"Red_Up","Yellow_Down","Green_Up","Blue_Left",-150,100,0,50,"Left"
16,3,4,"Red_Down","Yellow_Up","Green_Up","Blue_Down",-150,100,0,50,"Left"
16,3,5,"Red_Up","Yellow_Up","Green_Down","Blue_Left",-150,100,50,50,"Down"
16,3,6,"Red_Up","Yellow_Down","Green_Up","Blue_Up",100,-1150,0,50,"Left"
16,3,7,"Red_Up","Yellow_Up","Green_Right","Blue_Down",-150,100,0,50,"Right"
16,3,8,"Red_Right","Yellow_Up","Green_Up","Blue_Left",-150,100,0,50,"Right"
16,3,9,"Red_Up","Yellow_Left","Green_Left","Blue_Right",-150,100,50,-200,"Up"
16,3,10,"Red_Left","Yellow_Down","Green_Right","Blue_Left",100,100,50,50,"Right"
16,3,11,"Red_Up","Yellow_Right","Green_Right","Blue_Right",100,100,50,50,"Right"
16,3,12,"Red_Up","Yellow_Down","Green_Up","Blue_Up",-150,-1150,0,50,"Right"
16,3,13,"Red_Left","Yellow_Down","Green_Right","Blue_Left",-150,100,50,50,"Left"
16,3,14,"Red_Right","Yellow_Down","Green_Down","Blue_Down",100,100,0,50,"Down"
16,3,15,"Red_Down","Yellow_Right","Green_Down","Blue_Down",-150,100,0,50,"Up"
16,3,16,"Red_Right","Yellow_Up","Green_Down","Blue_Down",-150,100,50,-200,"Right"
16,3,17,"Red_Down","Yellow_Left","Green_Left","Blue_Left",-150,100,0,50,"Right"
16,3,18,"Red_Left","Yellow_Left","Green_Down","Blue_Left",-150,100,0,-200,"Left"
16,3,19,"Red_Left","Yellow_Left","Green_Left","Blue_Down",100,100,0,50,"Left"
16,3,20,"Red_Down","Yellow_Down","Green_Right","Blue_Left",100,100,0,50,"Right"
16,3,21,"Red_Up","Yellow_Up","Green_Down","Blue_Right",100,100,0,50,"Up"
16,3,22,"Red_Left","Yellow_Down","Green_Down","Blue_Down",-150,-1150,0,50,"Up"
16,3,23,"Red_Down","Yellow_Left","Green_Down","Blue_Right",100,100,0,50,"Left"
16,3,24,"Red_Up","Yellow_Left","Green_Up","Blue_Left",-150,100,50,50,"Up"
16,3,25,"Red_Down","Yellow_Right","Green_Left","Blue_Left",-150,100,50,50,"Up"
16,3,26,"Red_Right","Yellow_Up","Green_Left","Blue_Left",-150,100,50,50,"Right"
16,3,27,"Red_Down","Yellow_Up","Green_Right","Blue_Up",-150,100,0,50,"Down"
16,3,28,"Red_Down","Yellow_Right","Green_Right","Blue_Right",100,-1150,50,50,"Left"
16,3,29,"Red_Down","Yellow_Down","Green_Right","Blue_Up",100,100,50,-200,"Up"
16,3,30,"Red_Right","Yellow_Right","Green_Left","Blue_Left",100,100,0,50,"Up"
16,3,31,"Red_Up","Yellow_Up","Green_Left","Blue_Down",100,100,50,50,"Left"
16,3,32,"Red_Left","Yellow_Right","Green_Left","Blue_Right",100,100,50,50,"Down"
16,3,33,"Red_Left","Yellow_Left","Green_Up","Blue_Left",100,100,0,50,"Right"
16,3,34,"Red_Right","Yellow_Up","Green_Down","Blue_Left",-150,100,0,50,"Down"
16,3,35,"Red_Left","Yellow_Right","Green_Up","Blue_Right",100,100,50,50,"Right"
16,3,36,"Red_Right","Yellow_Right","Green_Left","Blue_Left",100,100,50,50,"Right"
16,3,37,"Red_Left","Yellow_Left","Green_Up","Blue_Right",100,100,50,50,"Down"
16,3,38,"Red_Right","Yellow_Down","Green_Up","Blue_Left",100,100,50,50,"Right"
16,3,39,"Red_Left","Yellow_Right","Green_Left","Blue_Up",100,100,50,50,"Down"
16,3,40,"Red_Down","Yellow_Left","Green_Left","Blue_Right",100,100,0,50,"Right"
16,3,41,"Red_Right","Yellow_Up","Green_Down","Blue_Left",-150,100,0,50,"Right"
16,3,42,"Red_Left","Yellow_Up","Green_Right","Blue_Left",-150,100,50,50,"Right"
16,3,43,"Red_Left","Yellow_Down","Green_Right","Blue_Right",100,100,0,50,"Right"
16,3,44,"Red_Down","Yellow_Right","Green_Right","Blue_Left",-150,100,50,50,"Up"
16,3,45,"Red_Right","Yellow_Left","Green_Down","Blue_Down",-150,100,50,50,"Down"
16,3,46,"Red_Up","Yellow_Left","Green_Right","Blue_Up",100,-1150,50,50,"Left"
16,3,47,"Red_Left","Yellow_Left","Green_Up","Blue_Down",100,100,0,50,"Right"
16,3,48,"Red_Up","Yellow_Right","Green_Right","Blue_Left",-150,100,50,-200,"Down"
16,3,49,"Red_Down","Yellow_Left","Green_Left","Blue_Left",-150,100,0,50,"Left"
16,3,50,"Red_Up","Yellow_Up","Green_Down","Blue_Right",-150,100,0,50,"Up"
16,4,1,"Red_Left","Yellow_Left","Green_Left","Blue_Right",-150,100,50,50,"Right"
16,4,2,"Red_Down","Yellow_Down","Green_Up","Blue_Right",100,100,50,50,"Down"
16,4,3,"Red_Left","Yellow_Down","Green_Right","Blue_Right",-150,100,50,50,"Right"
16,4,4,"Red_Left","Yellow_Down","Green_Down","Blue_Right",100,100,50,50,"Up"
16,4,5,"Red_Right","Yellow_Up","Green_Left","Blue_Down",100,100,0,50,"Right"
16,4,6,"Red_Down","Yellow_Right","Green_Down","Blue_Down",100,100,0,50,"Left"
16,4,7,"Red_Up","Yellow_Right","Green_Left","Blue_Left",-150,100,0,50,"Left"
16,4,8,"Red_Right","Yellow_Left","Green_Up","Blue_Left",-150,100,0,50,"Left"
16,4,9,"Red_Up","Yellow_Up","Green_Right","Blue_Up",-150,100,50,50,"Left"
16,4,10,"Red_Left","Yellow_Down","Green_Up","Blue_Up",100,100,50,50,"Down"
16,4,11,"Red_Down","Yellow_Right","Green_Left","Blue_Up",100,-1150,50,50,"Left"
16,4,12,"Red_Down","Yellow_Right","Green_Down","Blue_Left",100,100,50,50,"Up"
16,4,13,"Red_Down","Yellow_Right","Green_Up","Blue_Down",100,100,0,50,"Up"
16,4,14,"Red_Up","Yellow_Left","Green_Right","Blue_Left",-150,100,50,50,"Left"
16,4,15,"Red_Right","Yellow_Down","Green_Down","Blue_Down",100,100,50,50,"Left"
16,4,16,"Red_Left","Yellow_Down","Green_Right","Blue_Right",-150,-1150,0,50,"Up"
16,4,17,"Red_Up","Yellow_Up","Green_Down","Blue_Up",-150,100,50,50,"Right"
16,4,18,"Red_Up","Yellow_Up","Green_Right","Blue_Down",-150,100,0,50,"Up"
16,4,19,"Red_Right","Yellow_Up","Green_Right","Blue_Up",100,100,0,50,"Left"
16,4,20,"Red_Down","Yellow_Down","Green_Down","Blue_Right",100,100,0,50,"Down"
16,4,21,"Red_Up","Yellow_Left","Green_Up","Blue_Up",-150,100,0,50,"Up"
16,4,22,"Red_Down","Yellow_Up","Green_Up","Blue_Right",100,100,50,-200,"Down"
16,4,23,"Red_Right","Yellow_Left","Green_Left","Blue_Left",100,100,50,50,"Left"
16,4,24,"Red_Left","Yellow_Right","Green_Up","Blue_Right",-150,-1150,0,-200,"Left"
16,4,25,"Red_Right","Yellow_Left","Green_Right","Blue_Up",-150,100,50,50,"Right"
16,4,26,"Red_Up","Yellow_Right","Green_Down","Blue_Down",100,100,0,50,"Up"
16,4,27,"Red_Down","Yellow_Down","Green_Left","Blue_Down",-150,100,50,50,"Right"
16,4,28,"Red_Up","Yellow_Left","Green_Right","Blue_Right",100,100,0,50,"Up"
16,4,29,"Red_Down","Yellow_Right","Green_Up","Blue_Left",100,100,50,50,"Left"
16,4,30,"Red_Up","Yellow_Left","Green_Down","Blue_Up",-150,100,0,50,"Down"
16,4,31,"Red_Left","Yellow_Left","Green_Right","Blue_Left",-150,100,0,50,"Down"
16,4,32,"Red_Right","Yellow_Left","Green_Left","Blue_Left",100,100,0,50,"Up"
16,4,33,"Red_Down","Yellow_Down","Green_Down","Blue_Right",100,100,0,50,"Left"
16,4,34,"Red_Left","Yellow_Down","Green_Left","Blue_Down",-150,100,0,50,"Up"
16,4,35,"Red_Left","Yellow_Down","Green_Right","Blue_Left",-150,100,50,50,"Left"
16,4,36,"Red_Up","Yellow_Down","Green_Left","Blue_Up",-150,100,50,50,"Left"
16,4,37,"Red_Right","Yellow_Right","Green_Up","Blue_Right",100,100,0,50,"Down"
16,4,38,"Red_Left","Yellow_Down","Green_Up","Blue_Right",100,100,0,50,"Up"
16,4,39,"Red_Left","Yellow_Left","Green_Right","Blue_Right",-150,-1150,50,50,"Left"
16,4,40,"Red_Up","Yellow_Down","Green_Up","Blue_Up",100,100,50,50,"Down"
16,4,41,"Red_Left","Yellow_Up","Green_Down","Blue_Up",-150,100,0,50,"Up"
16,4,42,"Red_Down","Yellow_Right","Green_Down","Blue_Right",-150,100,50,50,"Right"
16,4,43,"Red_Up","Yellow_Right","Green_Down","Blue_Down",-150,100,50,-200,"Up"
16,4,44,"Red_Down","Yellow_Down","Green_Up","Blue_Right",100,100,50,50,"Right"
16,4,45,"Red_Up","Yellow_Left","Green_Down","Blue_Up",100,-1150,50,50,"Right"
16,4,46,"Red_Left","Yellow_Left","Green_Right","Blue_Left",-150,100,0,50,"Left"
16,4,47,"Red_Down","Yellow_Up","Green_Right","Blue_Up",100,100,0,-200,"Down"
16,4,48,"Red_Down","Yellow_Left","Green_Up","Blue_Up",-150,100,0,-200,"Left"
16,4,49,"Red_Right","Yellow_Up","Green_Down","Blue_Left",100,100,50,50,"Right"
16,4,50,"Red_Down","Yellow_Left","Green_Down","Blue_Down",-150,100,0,50,"Left"
16,5,1,"Red_Right","Yellow_Right","Green_Down","Blue_Right",100,-1150,0,50,"Down"
16,5,2,"Red_Down","Yellow_Right","Green_Down","Blue_Down",100,100,0,50,"Right"
16,5,3,"Red_Left","Yellow_Right","Green_Right","Blue_Left",100,100,0,-200,"Down"
16,5,4,"Red_Down","Yellow_Left","Green_Right","Blue_Left",100,100,50,50,"Up"
16,5,5,"Red_Up","Yellow_Left","Green_Left","Blue_Right",100,100,50,50,"Up"
16,5,6,"Red_Up","Yellow_Up","Green_Left","Blue_Up",100,100,0,50,"Left"
16,5,7,"Red_Down","Yellow_Right","Green_Right","Blue_Left",-150,100,0,50,"Down"
16,5,8,"Red_Right","Yellow_Down","Green_Up","Blue_Left",-150,100,50,50,"Left"
16,5,9,"Red_Down","Yellow_Down","Green_Up","Blue_Right",-150,100,0,50,"Right"
16,5,10,"Red_Up","Yellow_Right","Green_Up","Blue_Up",100,100,50,50,"Down"
16,5,11,"Red_Right","Yellow_Left","Green_Right","Blue_Left",-150,-1150,0,50,"Right"
16,5,12,"Red_Down","Yellow_Right","Green_Left","Blue_Down",100,100,50,50,"Up"
16,5,13,"Red_Left","Yellow_Left","Green_Down","Blue_Up",-150,100,50,50,"Up"
16,5,14,"Red_Down","Yellow_Up","Green_Right","Blue_Right",100,100,0,50,"Down"
16,5,15,"Red_Up","Yellow_Left","Green_Left","Blue_Right",100,100,0,50,"Left"
16,5,16,"Red_Up","Yellow_Down","Green_Down","Blue_Down",-150,100,50,50,"Down"
16,5,17,"Red_Up","Yellow_Right","Green_Down","Blue_Up",-150,100,0,50,"Up"
16,5,18,"Red_Left","Yellow_Down","Green_Up","Blue_Up",100,100,50,50,"Left"
16,5,19,"Red_Right","Yellow_Down","Green_Right","Blue_Up",100,-1150,0,50,"Up"
16,5,20,"Red_Down","Yellow_Left","Green_Down","Blue_Up",-150,100,0,50,"Up"
16,5,21,"Red_Down","Yellow_Up","Green_Right","Blue_Left",100,100,50,50,"Left"
16,5,22,"Red_Left","Yellow_Left","Green_Right","Blue_Up",100,100,50,50,"Left"
16,5,23,"Red_Down","Yellow_Left","Green_Right","Blue_Up",-150,100,50,-200,"Left"
16,5,24,"Red_Left","Yellow_Down","Green_Up","Blue_Down",-150,100,50,50,"Right"
16,5,25,"Red_Right","Yellow_Up","Green_Down","Blue_Up",100,-1150,0,50,"Right"
16,5,26,"Red_Up","Yellow_Up","Green_Up","Blue_Right",-150,100,0,50,"Down"
16,5,27,"Red_Up","Yellow_Left","Green_Down","Blue_Left",-150,100,0,50,"Right"
16,5,28,"Red_Up","Yellow_Left","Green_Down","Blue_Up",-150,100,0,50,"Right"
16,5,29,"Red_Up","Yellow_Right","Green_Right","Blue_Left",-150,-1150,0,50,"Up"
16,5,30,"Red_Left","Yellow_Down","Green_Down","Blue_Right",100,100,50,-200,"Down"
16,5,31,"Red_Down","Yellow_Left","Green_Right","Blue_Left",100,100,0,50,"Up"
16,5,32,"Red_Left","Yellow_Down","Green_Up","Blue_Right",-150,100,50,50,"Left"
16,5,33,"Red_Right","Yellow_Down","Green_Down","Blue_Up",100,100,50,50,"Down"
16,5,34,"Red_Right","Yellow_Up","Green_Down","Blue_Up",100,100,50,50,"Left"
16,5,35,"Red_Right","Yellow_Down","Green_Right","Blue_Right",-150,100,50,50,"Right"
16,5,36,"Red_Down","Yellow_Down","Green_Up","Blue_Right",100,100,0,50,"Right"
16,5,37,"Red_Left","Yellow_Down","Green_Down","Blue_Left",-150,100,50,50,"Up"
16,5,38,"Red_Down","Yellow_Left","Green_Up","Blue_Left",100,100,0,50,"Down"
16,5,39,"Red_Up","Yellow_Left","Green_Up","Blue_Right",-150,100,0,50,"Left"
16,5,40,"Red_Left","Yellow_Left","Green_Up","Blue_Left",100,100,50,50,"Up"
16,5,41,"Red_Up","Yellow_Down","Green_Down","Blue_Left",-150,100,50,-200,"Left"
16,5,42,"Red_Up","Yellow_Left","Green_Down","Blue_Down",-150,100,50,50,"Left"
16,5,43,"Red_Down","Yellow_Down","Green_Down","Blue_Down",-150,100,0,50,"Up"
16,5,44,"Red_Up","Yellow_Left","Green_Left","Blue_Down",-150,100,0,50,"Down"
16,5,45,"Red_Up","Yellow_Left","Green_Right","Blue_Up",-150,100,50,50,"Down"
16,5,46,"Red_Left","Yellow_Down","Green_Right","Blue_Right",-150,100,50,50,"Left"
16,5,47,"Red_Down","Yellow_Right","Green_Right","Blue_Up",-150,100,0,-200,"Left"
16,5,48,"Red_Right","Yellow_Down","Green_Left","Blue_Right",100,100,50,50,"Left"
16,5,49,"Red_Down","Yellow_Left","Green_Up","Blue_Right",100,100,0,50,"Down"
16,5,50,"Red_Down","Yellow_Left","Green_Up","Blue_Right",100,100,50,50,"Up"
16,6,1,"Red_Left","Yellow_Right","Green_Left","Blue_Up",-150,100,0,50,"Left"
16,6,2,"Red_Right","Yellow_Right","Green_Left","Blue_Up",100,100,50,50,"Down"
16,6,3,"Red_Right","Yellow_Right","Green_Left","Blue_Up",100,100,0,50,"Right"
16,6,4,"Red_Left","Yellow_Up","Green_Left","Blue_Right",-150,-1150,0,50,"Right"
16,6,5,"Red_Right","Yellow_Right","Green_Right","Blue_Left",-150,100,0,50,"Down"
16,6,6,"Red_Right","Yellow_Right","Green_Left","Blue_Right",-150,100,0,50,"Up"
16,6,7,"Red_Down","Yellow_Right","Green_Right","Blue_Down",-150,100,0,50,"Up"
16,6,8,"Red_Left","Yellow_Right","Green_Up","Blue_Up",-150,100,50,50,"Down"
16,6,9,"Red_Up","Yellow_Up","Green_Up","Blue_Down",100,-1150,50,50,"Right"
16,6,10,"Red_Down","Yellow_Down","Green_Down","Blue_Right",100,100,50,50,"Left"
16,6,11,"Red_Down","Yellow_Down","Green_Down","Blue_Up",-150,100,0,50,"Right"
16,6,12,"Red_Left","Yellow_Left","Green_Left","Blue_Down",100,100,0,50,"Right"
16,6,13,"Red_Right","Yellow_Up","Green_Up","Blue_Left",-150,100,50,50,"Up"
16,6,14,"Red_Right","Yellow_Down","Green_Up","Blue_Up",100,100,50,50,"Down"
16,6,15,"Red_Up","Yellow_Right","Green_Down","Blue_Right",100,100,50,-200,"Right"
16,6,16,"Red_Up","Yellow_Up","Green_Left","Blue_Up",-150,100,0,50,"Left"
16,6,17,"Red_Down","Yellow_Right","Green_Left","Blue_Left",-150,100,50,-200,"Right"
16,6,18,"Red_Down","Yellow_Down","Green_Left","Blue_Up",-150,100,50,50,"Left"
16,6,19,"Red_Left","Yellow_Down","Green_Up","Blue_Left",100,100,0,50,"Down"
16,6,20,"Red_Right","Yellow_Right","Green_Down","Blue_Down",-150,-1150,50,50,"Down"
16,6,21,"Red_Left","Yellow_Up","Green_Up","Blue_Left",-150,100,0,50,"Up"
16,6,22,"Red_Left","Yellow_Up","Green_Down","Blue_Down",100,100,0,50,"Left"
16,6,23,"Red_Right","Yellow_Right","Green_Left","Blue_Right",100,100,0,-200,"Left"
16,6,24,"Red_Up","Yellow_Right","Green_Up","Blue_Down",-150,-1150,50,50,"Up"
16,6,25,"Red_Right","Yellow_Up","Green_Right","Blue_Right",100,100,50,50,"Up"
16,6,26,"Red_Down","Yellow_Up","Green_Up","Blue_Down",-150,100,50,50,"Right"
16,6,27,"Red_Down","Yellow_Down","Green_Right","Blue_Up",100,100,50,50,"Down"
16,6,28,"Red_Down","Yellow_Down","Green_Left","Blue_Up",100,100,50,50,"Right"
16,6,29,"Red_Left","Yellow_Down","Green_Left","Blue_Down",-150,100,50,50,"Down"
16,6,30,"Red_Down","Yellow_Up","Green_Right","Blue_Up",100,100,0,50,"Up"
16,6,31,"Red_Up","Yellow_Down","Green_Up","Blue_Left",-150,100,0,-200,"Right"
16,6,32,"Red_Right","Yellow_Up","Green_Down","Blue_Left",-150,100,50,50,"Down"
16,6,33,"Red_Left","Yellow_Up","Green_Left","Blue_Down",100,100,50,50,"Up"
16,6,34,"Red_Down","Yellow_Right","Green_Right","Blue_Left",100,100,0,50,"Right"
16,6,35,"Red_Down","Yellow_Right","Green_Left","Blue_Up",100,100,0,50,"Left"
16,6,36,"Red_Up","Yellow_Up","Green_Down","Blue_Down",100,-1150,0,50,"Up"
16,6,37,"Red_Up","Yellow_Left","Green_Down","Blue_Up",100,100,0,50,"Up"
16,6,38,"Red_Right","Yellow_Left","Green_Left","Blue_Left",100,100,0,50,"Left"
16,6,39,"Red_Right","Yellow_Up","Green_Up","Blue_Down",100,100,50,50,"Down"
16,6,40,"Red_Right","Yellow_Left","Green_Right","Blue_Right",-150,100,50,50,"Down"
16,6,41,"Red_Down","Yellow_Left","Green_Left","Blue_Down",-150,100,0,50,"Up"
16,6,42,"Red_Left","Yellow_Up","Green_Down","Blue_Right",-150,100,0,50,"Left"
16,6,43,"Red_Up","Yellow_Right","Green_Right","Blue_Right",-150,100,0,50,"Right"
16,6,44,"Red_Up","Yellow_Up","Green_Up","Blue_Right",100,100,50,50,"Down"
16,6,45,"Red_Up","Yellow_Right","Green_Down","Blue_Right",100,100,50,50,"Up"
16,6,46,"Red_Down","Yellow_Up","Green_Down","Blue_Up",100,100,0,-200,"Right"
16,6,47,"Red_Right","Yellow_Left","Green_Down","Blue_Up",-150,100,0,50,"Down"
16,6,48,"Red_Down","Yellow_Up","Green_Right","Blue_Up",100,100,50,50,"Down"
16,6,49,"Red_Left","Yellow_Left","Green_Up","Blue_Up",-150,100,50,50,"Left"
16,6,50,"Red_Left","Yellow_Left","Green_Left","Blue_Down",-150,100,50,50,"Down"
17,1,1,"Red_Down","Yellow_Down","Green_Left","Blue_Left",-150,100,50,50,"Right"
17,1,2,"Red_Down","Yellow_Up","Green_Up","Blue_Right",-150,100,50,50,"Up"
17,1,3,"Red_Up","Yellow_Right","Green_Left","Blue_Up",100,100,50,-200,"Left"
17,1,4,"Red_Left","Yellow_Right","Green_Left","Blue_Right",100,-1150,0,-200,"Down"
17,1,5,"Red_Up","Yellow_Left","Green_Left","Blue_Up",-150,100,0,50,"Right"
17,1,6,"Red_Down","Yellow_Right","Green_Right","Blue_Left",100,100,50,-200,"Right"
17,1,7,"Red_Right","Yellow_Down","Green_Left","Blue_Down",100,100,0,50,"Up"
17,1,8,"Red_Up","Yellow_Left","Green_Down","Blue_Left",-150,100,0,50,"Down"
17,1,9,"Red_Left","Yellow_Up","Green_Up","Blue_Down",-150,100,50,50,"Left"
17,1,10,"Red_Right","Yellow_Down","Green_Right","Blue_Down",100,100,0,50,"Down"
17,1,11,"Red_Left","Yellow_Up","Green_Right","Blue_Down",100,100,50,50,"Left"
17,1,12,"Red_Up","Yellow_Up","Green_Up","Blue_Down",100,100,0,50,"Left"
17,1,13,"Red_Down","Yellow_Up","Green_Down","Blue_Down",100,100,50,-200,"Down"
17,1,14,"Red_Down","Yellow_Down","Green_Down","Blue_Up",100,100,0,50,"Right"
17,1,15,"Red_Down","Yellow_Down","Green_Down","Blue_Up",100,100,0,50,"Down"
17,1,16,"Red_Left","Yellow_Left","Green_Right","Blue_Down",100,100,0,50,"Left"
17,1,17,"Red_Up","Yellow_Left","Green_Up","Blue_Up",100,100,0,50,"Right"
17,1,18,"Red_Right","Yellow_Right","Green_Right","Blue_Up",100,100,50,50,"Right"
17,1,19,"Red_Right","Yellow_Left","Green_Right","Blue_Up",-150,-1150,50,50,"Down"
17,1,20,"Red_Right","Yellow_Left","Green_Right","Blue_Up",-150,100,0,50,"Right"
17,1,21,"Red_Up","Yellow_Left","Green_Down","Blue_Up",-150,100,0,50,"Down"
17,1,22,"Red_Right","Yellow_Right","Green_Down","Blue_Right",-150,-1150,0,50,"Right"
17,1,23,"Red_Left","Yellow_Down","Green_Right","Blue_Right",-150,-1150,0,50,"Down"
17,1,24,"Red_Up","Yellow_Down","Green_Down","Blue_Right",-150,100,50,50,"Down"
17,1,25,"Red_Down","Yellow_Up","Green_Up","Blue_Up",-150,100,50,50,"Up"
17,1,26,"Red_Right","Yellow_Up","Green_Up","Blue_Down",-150,100,50,50,"Right"
17,1,27,"Red_Down","Yellow_Right","Green_Left","Blue_Left",100,100,50,50,"Right"
17,1,28,"Red_Down","Yellow_Left","Green_Up","Blue_Right",100,100,0,50,"Right"
17,1,29,"Red_Right","Yellow_Down","Green_Up","Blue_Down",-150,100,50,50,"Left"
17,1,30,"Red_Left","Yellow_Up","Green_Left","Blue_Left",-150,100,50,50,"Down"
17,1,31,"Red_Down","Yellow_Down","Green_Down","Blue_Up",100,100,0,50,"Left"
17,1,32,"Red_Right","Yellow_Down","Green_Right","Blue_Up",-150,100,0,50,"Down"
17,1,33,"Red_Down","Yellow_Right","Green_Down","Blue_Down",100,100,0,50,"Right"
17,1,34,"Red_Right","Yellow_Down","Green_Right","Blue_Right",-150,100,50,50,"Down"
17,1,35,"Red_Down","Yellow_Right","Green_Left","Blue_Up",100,100,0,50,"Left"
17,1,36,"Red_Up","Yellow_Down","Green_Down","Blue_Up",-150,100,0,-200,"Down"
17,1,37,"Red_Left","Yellow_Left","Green_Right","Blue_Right",-150,100,0,50,"Left"
17,1,38,"Red_Down","Yellow_Down","Green_Up","Blue_Down",-150,100,50,50,"Left"
17,1,39,"Red_Left","Yellow_Left","Green_Up","Blue_Left",100,100,50,50,"Down"
17,1,40,"Red_Left","Yellow_Left","Green_Down","Blue_Left",-150,100,50,50,"Down"
17,1,41,"Red_Up","Yellow_Down","Green_Left","Blue_Up",-150,-1150,50,50,"Left"
17,1,42,"Red_Down","Yellow_Left","Green_Left","Blue_Right",-150,100,50,50,"Down"
17,1,43,"Red_Up","Yellow_Down","Green_Up","Blue_Down",100,100,50,50,"Up"
17,1,44,"Red_Up","Yellow_Right","Green_Up","Blue_Up",100,100,0,50,"Left"
17,1,45,"Red_Left","Yellow_Right","Green_Right","Blue_Down",100,100,50,50,"Left"
17,1,46,"Red_Left","Yellow_Up","Green_Left","Blue_Down",100,100,0,50,"Down"
17,1,47,"Red_Right","Yellow_Up","Green_Right","Blue_Down",-150,100,50,50,"Right"
17,1,48,"Red_Right","Yellow_Right","Green_Up","Blue_Right",100,100,50,50,"Left"
17,1,49,"Red_Left","Yellow_Left","Green_Left","Blue_Up",100,100,0,50,"Up"
17,1,50,"Red_Up","Yellow_Up","Green_Up","Blue_Left",-150,100,0,50,"Down"
17,2,1,"Red_Left","Yellow_Left","Green_Down","Blue_Left",100,100,0,50,"Up"
17,2,2,"Red_Down","Yellow_Down","Green_Left","Blue_Down",100,100,0,50,"Up"
17,2,3,"Red_Down","Yellow_Left","Green_Down","Blue_Right",100,-1150,0,50,"Up"
17,2,4,"Red_Left","Yellow_Right","Green_Left","Blue_Right",100,-1150,0,50,"Left"
17,2,5,"Red_Right","Yellow_Right","Green_Left","Blue_Down",100,100,50,50,"Right"
17,2,6,"Red_Down","Yellow_Right","Green_Up","Blue_Right",100,100,50,50,"Left"
17,2,7,"Red_Down","Yellow_Right","Green_Right","Blue_Up",100,100,0,50,"Down"
17,2,8,"Red_Right","Yellow_Left","Green_Down","Blue_Up",-150,100,50,50,"Down"
17,2,9,"Red_Up","Yellow_Up","Green_Right","Blue_Right",-150,100,50,50,"Right"
17,2,10,"Red_Left","Yellow_Down","Green_Right","Blue_Up",100,100,50,50,"Right"
17,2,11,"Red_Left","Yellow_Down","Green_Right","Blue_Down",100,100,0,50,"Right"
17,2,12,"Red_Right","Yellow_Left","Green_Right","Blue_Down",-150,100,0,50,"Up"
17,2,13,"Red_Down","Yellow_Up","Green_Down","Blue_Right",-150,100,0,50,"Right"
17,2,14,"Red_Right","Yellow_Up","Green_Left","Blue_Right",-150,100,50,50,"Left"
17,2,15,"Red_Right","Yellow_Left","Green_Left","Blue_Up",100,100,50,50,"Up"
17,2,16,"Red_Right","Yellow_Up","Green_Right","Blue_Right",-150,100,0,-200,"Right"
17,2,17,"Red_Up","Yellow_Right","Green_Right","Blue_Left",-150,100,0,-200,"Left"
17,2,18,"Red_Down","Yellow_Up","Green_Left","Blue_Up",100,100,50,50,"Down"
17,2,19,"Red_Down","Yellow_Left","Green_Right","Blue_Up",100,100,50,50,"Down"
17,2,20,"Red_Right","Yellow_Right","Green_Down","Blue_Down",100,100,50,50,"Up"
17,2,21,"Red_Right","Yellow_Down","Green_Down","Blue_Up",-150,100,50,50,"Left"
17,2,22,"Red_Down","Yellow_Down","Green_Left","Blue_Left",100,-1150,0,50,"Right"
17,2,23,"Red_Up","Yellow_Down","Green_Up","Blue_Down",100,100,50,50,"Right"
17,2,24,"Red_Up","Yellow_Left","Green_Up","Blue_Down",100,100,0,50,"Down"
17,2,25,"Red_Down","Yellow_Left","Green_Right","Blue_Down",-150,100,50,50,"Left"
17,2,26,"Red_Up","Yellow_Left","Green_Up","Blue_Up",-150,100,0,50,"Up"
17,2,27,"Red_Right","Yellow_Right","Green_Down","Blue_Up",100,100,50,50,"Up"
17,2,28,"Red_Up","Yellow_Up","Green_Right","Blue_Up",-150,100,50,-200,"Right"
17,2,29,"Red_Left","Yellow_Left","Green_Down","Blue_Left",100,100,50,50,"Right"
17,2,30,"Red_Down","Yellow_Up","Green_Left","Blue_Up",-150,100,0,50,"Right"
17,2,31,"Red_Right","Yellow_Left","Green_Right","Blue_Up",100,100,0,50,"Left"
17,2,32,"Red_Up","Yellow_Right","Green_Left","Blue_Right",100,100,0,50,"Right"
17,2,33,"Red_Up","Yellow_Up","Green_Up","Blue_Down",100,100,50,50,"Right"
17,2,34,"Red_Left","Yellow_Left","Green_Up","Blue_Down",-150,100,0,50,"Left"
17,2,35,"Red_Left","Yellow_Right","Green_Left","Blue_Up",-150,100,50,50,"Up"
17,2,36,"Red_Right","Yellow_Up","Green_Down","Blue_Right",-150,100,50,50,"Up"
17,2,37,"Red_Up","Yellow_Up","Green_Left","Blue_Right",-150,100,0,50,"Left"
17,2,38,"Red_Up","Yellow_Down","Green_Down","Blue_Left",100,100,50,50,"Down"
17,2,39,"Red_Left","Yellow_Left","Green_Up","Blue_Left",-150,-1150,0,50,"Up"
17,2,40,"Red_Right","Yellow_Right","Green_Right","Blue_Up",-150,100,0,50,"Down"
17,2,41,"Red_Left","Yellow_Left","Green_Down","Blue_Down",-150,100,0,50,"Up"
17,2,42,"Red_Down","Yellow_Left","Green_Left","Blue_Up",-150,100,0,50,"Left"
17,2,43,"Red_Left","Yellow_Up","Green_Left","Blue_Right",-150,100,50,50,"Down"
17,2,44,"Red_Right","Yellow_Left","Green_Down","Blue_Down",-150,100,50,50,"Down"
17,2,45,"Red_Up","Yellow_Right","Green_Down","Blue_Down",100,100,0,-200,"Right"
17,2,46,"Red_Down","Yellow_Right","Green_Right","Blue_Right",-150,100,0,50,"Right"
17,2,47,"Red_Left","Yellow_Left","Green_Left","Blue_Down",100,100,0,50,"Right"
17,2,48,"Red_Up","Yellow_Right","Green_Right","Blue_Left",-150,-1150,50,50,"Left"
17,2,49,"Red_Left","Yellow_Up","Green_Up","Blue_Left",100,100,50,-200,"Down"
17,2,50,"Red_Right","Yellow_Up","Green_Up","Blue_Right",-150,100,50,50,"Down"
17,3,1,"Red_Down","Yellow_Right","Green_Up","Blue_Up",100,100,0,50,"Right"
17,3,2,"Red_Up","Yellow_Down","Green_Right","Blue_Left",100,100,50,50,"Up"
17,3,3,"Red_Up","Yellow_Down","Green_Down","Blue_Left",-150,-1150,0,50,"Down"
17,3,4,"Red_Right","Yellow_Right","Green_Left","Blue_Up",-150,100,50,50,"Down"
17,3,5,"Red_Right","Yellow_Up","Green_Down","Blue_Down",-150,100,0,50,"Left"
17,3,6,"Red_Right","Yellow_Right","Green_Up","Blue_Left",100,100,50,50,"Down"
17,3,7,"Red_Down","Yellow_Left","Green_Right","Blue_Up",-150,-1150,0,50,"Up"
17,3,8,"Red_Right","Yellow_Down","Green_Right","Blue_Left",-150,100,0,50,"Left"
17,3,9,"Red_Up","Yellow_Left","Green_Right","Blue_Down",100,100,50,50,"Down"
17,3,10,"Red_Up","Yellow_Right","Green_Right","Blue_Down",-150,-1150,0,50,"Left"
17,3,11,"Red_Up","Yellow_Down","Green_Down","Blue_Down",100,100,0,50,"Left"
17,3,12,"Red_Right","Yellow_Left","Green_Right","Blue_Down",100,100,50,50,"Down"
17,3,13,"Red_Down","Yellow_Right","Green_Left","Blue_Up",-150,100,50,50,"Right"
17,3,14,"Red_Left","Yellow_Down","Green_Up","Blue_Down",-150,100,0,50,"Right"
17,3,15,"Red_Up","Yellow_Left","Green_Up","Blue_Up",100,100,0,50,"Up"
17,3,16,"Red_Right","Yellow_Up","Green_Down","Blue_Up",-150,100,50,-200,"Left"
17,3,17,"Red_Left","Yellow_Up","Green_Down","Blue_Up",100,100,0,50,"Left"
17,3,18,"Red_Right","Yellow_Down","Green_Down","Blue_Down",-150,100,0,50,"Up"
17,3,19,"Red_Right","Yellow_Right","Green_Up","Blue_Up",100,100,0,50,"Left"
17,3,20,"Red_Left","Yellow_Right","Green_Down","Blue_Down",-150,100,50,50,"Right"
17,3,21,"Red_Left","Yellow_Down","Green_Left","Blue_Up",100,100,0,50,"Right"
17,3,22,"Red_Up","Yellow_Right","Green_Right","Blue_Up",100,100,50,50,"Up"
17,3,23,"Red_Right","Yellow_Down","Green_Up","Blue_Up",100,100,50,50,"Right"
17,3,24,"Red_Right","Yellow_Right","Green_Up","Blue_Up",-150,100,0,50,"Down"
17,3,25,"Red_Right","Yellow_Down","Green_Up","Blue_Up",100,100,0,50,"Left"
17,3,26,"Red_Left","Yellow_Up","Green_Left","Blue_Up",100,100,50,50,"Right"
17,3,27,"Red_Right","Yellow_Up","Green_Left","Blue_Left",-150,100,50,-200,"Right"
17,3,28,"Red_Down","Yellow_Right","Green_Up","Blue_Left",100,100,50,50,"Up"
17,3,29,"Red_Up","Yellow_Right","Green_Down","Blue_Down",-150,100,0,50,"Left"
17,3,30,"Red_Down","Yellow_Left","Green_Left","Blue_Down",100,100,0,-200,"Down"
17,3,31,"Red_Right","Yellow_Left","Green_Right","Blue_Down",100,100,50,50,"Left"
17,3,32,"Red_Right","Yellow_Left","Green_Left","Blue_Left",-150,100,50,50,"Up"
17,3,33,"Red_Right","Yellow_Up","Green_Right","Blue_Right",100,100,50,50,"Down"
17,3,34,"Red_Right","Yellow_Right","Green_Down","Blue_Up",-150,100,50,50,"Left"
17,3,35,"Red_Up","Yellow_Left","Green_Down","Blue_Left",-150,100,50,-200,"Down"
17,3,36,"Red_Left","Yellow_Up","Green_Left","Blue_Left",100,100,50,50,"Down"
17,3,37,"Red_Down","Yellow_Left","Green_Right","Blue_Left",-150,100,50,50,"Left"
17,3,38,"Red_Down","Yellow_Up","Green_Down","Blue_Right",-150,100,50,50,"Up"
17,3,39,"Red_Up","Yellow_Up","Green_Left","Blue_Right",-150,-1150,50,50,"Left"
17,3,40,"Red_Down","Yellow_Left","Green_Down","Blue_Right",100,100,0,50,"Left"
17,3,41,"Red_Right","Yellow_Up","Green_Right","Blue_Up",100,100,50,50,"Down"
17,3,42,"Red_Left","Yellow_Right","Green_Up","Blue_Down",-150,-1150,50,50,"Right"
17,3,43,"Red_Left","Yellow_Right","Green_Up","Blue_Right",-150,100,0,50,"Down"
17,3,44,"Red_Left","Yellow_Up","Green_Up","Blue_Right",100,100,0,50,"Left"
17,3,45,"Red_Right","Yellow_Down","Green_Right","Blue_Down",100,100,0,50,"Down"
17,3,46,"Red_Down","Yellow_Left","Green_Right","Blue_Left",-150,100,0,50,"Down"
17,3,47,"Red_Down","Yellow_Down","Green_Up","Blue_Left",-150,100,50,-200,"Right"
17,3,48,"Red_Down","Yellow_Right","Green_Up","Blue_Down",100,100,0,50,"Right"
17,3,49,"Red_Down","Yellow_Left","Green_Right","Blue_Up",-150,100,0,50,"Up"
17,3,50,"Red_Left","Yellow_Left","Green_Right","Blue_Right",100,100,0,50,"Right"
17,4,1,"Red_Right","Yellow_Left","Green_Up","Blue_Left",-150,100,0,50,"Up"
17,4,2,"Red_Right","Yellow_Up","Green_Down","Blue_Left",100,-1150,0,50,"Up"
17,4,3,"Red_Down","Yellow_Right","Green_Right","Blue_Down",100,100,50,50,"Right"
17,4,4,"Red_Up","Yellow_Left","Green_Right","Blue_Down",100,100,0,50,"Left"
17,4,5,"Red_Right","Yellow_Right","Green_Right","Blue_Left",-150,-1150,0,50,"Right"
17,4,6,"Red_Down","Yellow_Down","Green_Right","Blue_Up",-150,100,50,50,"Right"
17,4,7,"Red_Up","Yellow_Right","Green_Up","Blue_Down",-150,100,0,50,"Down"
17,4,8,"Red_Left","Yellow_Up","Green_Up","Blue_Down",100,100,0,50,"Left"
17,4,9,"Red_Left","Yellow_Up","Green_Up","Blue_Up",-150,100,0,50,"Up"
17,4,10,"Red_Left","Yellow_Up","Green_Right","Blue_Left",-150,100,0,50,"Down"
17,4,11,"Red_Left","Yellow_Right","Green_Down","Blue_Left",100,100,50,50,"Right"
17,4,12,"Red_Down","Yellow_Left","Green_Down","Blue_Down",-150,100,0,50,"Left"
17,4,13,"Red_Down","Yellow_Right","Green_Down","Blue_Down",-150,-1150,50,50,"Right"
17,4,14,"Red_Down","Yellow_Left","Green_Up","Blue_Right",100,100,50,-200,"Down"
17,4,15,"Red_Down","Yellow_Up","Green_Down","Blue_Left",100,100,0,50,"Left"
17,4,16,"Red_Right","Yellow_Left","Green_Up","Blue_Down",-150,100,50,-200,"Down"
17,4,17,"Red_Down","Yellow_Up","Green_Right","Blue_Up",-150,100,0,50,"Down"
17,4,18,"Red_Down","Yellow_Up","Green_Left","Blue_Right",-150,100,0,50,"Up"
17,4,19,"Red_Up","Yellow_Left","Green_Left","Blue_Down",100,100,50,50,"Left"
17,4,20,"Red_Up","Yellow_Left","Green_Right","Blue_Up",-150,100,0,50,"Up"
17,4,21,"Red_Up","Yellow_Left","Green_Right","Blue_Down",-150,100,50,50,"Down"
17,4,22,"Red_Right","Yellow_Down","Green_Up","Blue_Right",100,100,0,50,"Down"
17,4,23,"Red_Down","Yellow_Down","Green_Left","Blue_Left",100,100,50,50,"Up"
17,4,24,"Red_Up","Yellow_Right","Green_Up","Blue_Right",-150,100,50,50,"Right"
17,4,25,"Red_Down","Yellow_Right","Green_Left","Blue_Left",-150,100,50,50,"Left"
17,4,26,"Red_Down","Yellow_Right","Green_Left","Blue_Right",-150,100,50,50,"Right"
17,4,27,"Red_Up","Yellow_Right","Green_Up","Blue_Left",100,100,50,50,"Right"
17,4,28,"Red_Left","Yellow_Right","Green_Left","Blue_Right",100,100,0,50,"Down"
17,4,29,"Red_Left","Yellow_Down","Green_Left","Blue_Left",-150,100,0,-200,"Right"
17,4,30,"Red_Left","Yellow_Right","Green_Left","Blue_Up",-150,100,50,50,"Up"
17,4,31,"Red_Left","Yellow_Up","Green_Right","Blue_Right",100,-1150,50,50,"Left"
17,4,32,"Red_Left","Yellow_Up","Green_Up","Blue_Right",100,100,0,50,"Right"
17,4,33,"Red_Up","Yellow_Up","Green_Right","Blue_Up",100,100,0,50,"Left"
17,4,34,"Red_Right","Yellow_Down","Green_Down","Blue_Down",-150,100,50,50,"Up"
17,4,35,"Red_Left","Yellow_Left","Green_Left","Blue_Left",-150,-1150,50,50,"Down"
17,4,36,"Red_Down","Yellow_Up","Green_Down","Blue_Left",-150,100,50,50,"Left"
17,4,37,"Red_Right","Yellow_Right","Green_Right","Blue_Right",100,100,0,50,"Up"
17,4,38,"Red_Up","Yellow_Up","Green_Up","Blue_Left",100,100,50,50,"Right"
17,4,39,"Red_Down","Yellow_Up","Green_Up","Blue_Up",100,100,0,50,"Up"
17,4,40,"Red_Right","Yellow_Up","Green_Down","Blue_Right",100,100,0,50,"Down"
17,4,41,"Red_Left","Yellow_Up","Green_Down","Blue_Right",-150,100,50,-200,"Down"
17,4,42,"Red_Left","Yellow_Left","Green_Right","Blue_Right",100,100,50,50,"Up"
17,4,43,"Red_Up","Yellow_Up","Green_Left","Blue_Up",100,100,0,50,"Down"
17,4,44,"Red_Down","Yellow_Left","Green_Right","Blue_Down",100,100,50,50,"Right"
17,4,45,"Red_Left","Yellow_Up","Green_Down","Blue_Down",100,100,0,-200,"Down"
17,4,46,"Red_Up","Yellow_Down","Green_Right","Blue_Down",100,100,0,50,"Down"
17,4,47,"Red_Right","Yellow_Up","Green_Left","Blue_Down",-150,100,0,50,"Up"
17,4,48,"Red_Up","Yellow_Right","Green_Left","Blue_Left",-150,100,50,50,"Left"
17,4,49,"Red_Right","Yellow_Right","Green_Down","Blue_Right",-150,100,50,50,"Left"
17,4,50,"Red_Right","Yellow_Down","Green_Left","Blue_Down",100,100,50,50,"Right"
17,5,1,"Red_Down","Yellow_Right","Green_Left","Blue_Left",100,100,0,-200,"Left"
17,5,2,"Red_Up","Yellow_Right","Green_Right","Blue_Right",100,100,0,50,"Down"
17,5,3,"Red_Left","Yellow_Up","Green_Left","Blue_Up",100,100,0,50,"Down"
17,5,4,"Red_Left","Yellow_Up","Green_Down","Blue_Up",100,100,0,50,"Right"
17,5,5,"Red_Up","Yellow_Right","Green_Up","Blue_Left",100,100,0,50,"Down"
17,5,6,"Red_Right","Yellow_Right","Green_Down","Blue_Up",-150,100,0,50,"Up"
17,5,7,"Red_Left","Yellow_Left","Green_Down","Blue_Right",-150,100,0,50,"Left"
17,5,8,"Red_Up","Yellow_Down","Green_Right","Blue_Down",-150,100,50,50,"Down"
17,5,9,"Red_Right","Yellow_Left","Green_Down","Blue_Down",-150,100,50,50,"Up"
17,5,10,"Red_Left","Yellow_Down","Green_Up","Blue_Up",100,100,50,50,"Right"
17,5,11,"Red_Left","Yellow_Left","Green_Left","Blue_Left",-150,-1150,0,50,"Left"
17,5,12,"Red_Right","Yellow_Down","Green_Down","Blue_Left",100,100,0,50,"Down"
17,5,13,"Red_Right","Yellow_Down","Green_Right","Blue_Left",100,100,50,50,"Down"
17,5,14,"Red_Left","Yellow_Down","Green_Down","Blue_Left",100,100,0,50,"Right"
17,5,15,"Red_Down","Yellow_Down","Green_Up","Blue_Up",-150,100,0,50,"Up"
17,5,16,"Red_Right","Yellow_Right","Green_Left","Blue_Right",100,100,0,50,"Right"
17,5,17,"Red_Down","Yellow_Down","Green_Up","Blue_Up",100,100,50,50,"Left"
17,5,18,"Red_Right","Yellow_Left","Green_Up","Blue_Right",-150,100,0,-200,"Down"
17,5,19,"Red_Down","Yellow_Right","Green_Down","Blue_Down",100,100,0,50,"Left"
17,5,20,"Red_Left","Yellow_Right","Green_Right","Blue_Right",-150,100,0,50,"Up"
17,5,21,"Red_Right","Yellow_Up","Green_Left","Blue_Right",100,100,0,50,"Right"
17,5,22,"Red_Up","Yellow_Right","Green_Up","Blue_Right",-150,100,50,50,"Down"
17,5,23,"Red_Down","Yellow_Left","Green_Up","Blue_Down",100,100,50,50,"Down"
17,5,24,"Red_Up","Yellow_Up","Green_Left","Blue_Down",100,100,50,50,"Right"
17,5,25,"Red_Up","Yellow_Up","Green_Up","Blue_Right",-150,100,50,-200,"Up"
17,5,26,"Red_Left","Yellow_Up","Green_Right","Blue_Right",-150,100,50,50,"Down"
17,5,27,"Red_Up","Yellow_Left","Green_Left","Blue_Down",-150,100,50,50,"Left"
17,5,28,"Red_Up","Yellow_Right","Green_Left","Blue_Left",100,100,0,50,"Up"
17,5,29,"Red_Left","Yellow_Up","Green_Down","Blue_Left",-150,100,0,50,"Left"
17,5,30,"Red_Down","Yellow_Right","Green_Down","Blue_Right",100,100,50,50,"Down"
17,5,31,"Red_Right","Yellow_Right","Green_Right","Blue_Down",-150,100,50,-200,"Left"
17,5,32,"Red_Down","Yellow_Up","Green_Up","Blue_Right",-150,100,0,50,"Down"
17,5,33,"Red_Right","Yellow_Right","Green_Up","Blue_Right",100,100,50,50,"Right"
17,5,34,"Red_Right","Yellow_Left","Green_Up","Blue_Right",-150,100,0,50,"Right"
17,5,35,"Red_Right","Yellow_Up","Green_Left","Blue_Right",-150,100,50,-200,"Up"
17,5,36,"Red_Left","Yellow_Right","Green_Down","Blue_Left",-150,-1150,50,50,"Up"
17,5,37,"Red_Right","Yellow_Up","Green_Down","Blue_Right",100,100,0,50,"Left"
17,5,38,"Red_Up","Yellow_Left","Green_Down","Blue_Right",100,100,50,50,"Down"
17,5,39,"Red_Up","Yellow_Up","Green_Up","Blue_Down",-150,100,0,50,"Down"
17,5,40,"Red_Left","Yellow_Left","Green_Right","Blue_Up",100,-1150,50,50,"Up"
17,5,41,"Red_Down","Yellow_Right","Green_Down","Blue_Down",100,100,50,50,"Right"
17,5,42,"Red_Down","Yellow_Down","Green_Down","Blue_Down",-150,100,50,50,"Right"
17,5,43,"Red_Right","Yellow_Down","Green_Down","Blue_Left",-150,100,50,50,"Up"
17,5,44,"Red_Down","Yellow_Up","Green_Up","Blue_Right",100,100,50,50,"Down"
17,5,45,"Red_Right","Yellow_Right","Green_Right","Blue_Left",-150,-1150,0,50,"Down"
17,5,46,"Red_Down","Yellow_Right","Green_Right","Blue_Up",-150,100,0,50,"Right"
17,5,47,"Red_Up","Yellow_Down","Green_Down","Blue_Up",-150,-1150,50,50,"Down"
17,5,48,"Red_Right","Yellow_Left","Green_Left","Blue_Up",100,100,50,50,"Up"
17,5,49,"Red_Left","Yellow_Left","Green_Left","Blue_Up",-150,100,0,50,"Down"
17,5,50,"Red_Right","Yellow_Right","Green_Left","Blue_Down",100,100,50,50,"Up"
17,6,1,"Red_Down","Yellow_Up","Green_Up","Blue_Down",100,100,50,-200,"Right"
17,6,2,"Red_Down","Yellow_Right","Green_Down","Blue_Down",100,100,0,50,"Left"
17,6,3,"Red_Down","Yellow_Left","Green_Right","Blue_Down",-150,100,0,50,"Left"
17,6,4,"Red_Down","Yellow_Up","Green_Left","Blue_Up",100,100,0,50,"Left"
17,6,5,"Red_Left","Yellow_Up","Green_Down","Blue_Up",100,100,50,50,"Left"
17,6,6,"Red_Down","Yellow_Up","Green_Left","Blue_Right",-150,100,50,50,"Up"
17,6,7,"Red_Down","Yellow_Left","Green_Right","Blue_Right",100,100,0,-200,"Up"
17,6,8,"Red_Right","Yellow_Right","Green_Up","Blue_Down",100,100,0,50,"Left"
17,6,9,"Red_Down","Yellow_Down","Green_Down","Blue_Left",-150,100,50,50,"Left"
17,6,10,"Red_Down","Yellow_Up","Green_Down","Blue_Right",100,100,50,50,"Left"
17,6,11,"Red_Left","Yellow_Down","Green_Right","Blue_Right",-150,100,50,50,"Left"
17,6,12,"Red_Right","Yellow_Down","Green_Down","Blue_Up",100,100,0,50,"Left"
17,6,13,"Red_Left","Yellow_Left","Green_Right","Blue_Up",100,100,0,50,"Down"
17,6,14,"Red_Left","Yellow_Up","Green_Down","Blue_Down",-150,100,0,50,"Left"
17,6,15,"Red_Down","Yellow_Down","Green_Left","Blue_Up",-150,100,0,50,"Down"
17,6,16,"Red_Up","Yellow_Down","Green_Up","Blue_Right",-150,100,50,50,"Right"
17,6,17,"Red_Up","Yellow_Left","Green_Up","Blue_Down",-150,100,50,50,"Down"
17,6,18,"Red_Right","Yellow_Down","Green_Down","Blue_Right",100,100,50,50,"Left"
17,6,19,"Red_Up","Yellow_Left","Green_Left","Blue_Down",-150,100,50,50,"Down"
17,6,20,"Red_Right","Yellow_Down","Green_Up","Blue_Up",-150,100,50,50,"Right"
17,6,21,"Red_Left","Yellow_Down","Green_Right","Blue_Down",100,100,50,50,"Up"
17,6,22,"Red_Down","Yellow_Right","Green_Down","Blue_Left",100,100,0,50,"Up"
17,6,23,"Red_Left","Yellow_Left","Green_Right","Blue_Up",100,100,0,50,"Right"
17,6,24,"Red_Left","Yellow_Up","Green_Left","Blue_Left",-150,-1150,0,50,"Right"
17,6,25,"Red_Down","Yellow_Right","Green_Up","Blue_Up",100,100,0,50,"Up"
17,6,26,"Red_Left","Yellow_Left","Green_Up","Blue_Up",100,100,50,50,"Right"
17,6,27,"Red_Right","Yellow_Up","Green_Right","Blue_Up",-150,100,50,50,"Up"
17,6,28,"Red_Left","Yellow_Left","Green_Up","Blue_Up",100,100,50,50,"Up"
17,6,29,"Red_Up","Yellow_Left","Green_Up","Blue_Right",100,-1150,50,50,"Up"
17,6,30,"Red_Down","Yellow_Up","Green_Up","Blue_Up",100,100,0,50,"Left"
17,6,31,"Red_Right","Yellow_Up","Green_Down","Blue_Up",-150,100,0,-200,"Down"
17,6,32,"Red_Down","Yellow_Right","Green_Up","Blue_Left",-150,100,50,50,"Up"
17,6,33,"Red_Right","Yellow_Right","Green_Left","Blue_Right",-150,100,0,50,"Right"
17,6,34,"Red_Right","Yellow_Down","Green_Up","Blue_Right",100,100,0,50,"Up"
17,6,35,"Red_Left","Yellow_Left","Green_Right","Blue_Down",-150,100,50,50,"Left"
17,6,36,"Red_Up","Yellow_Left","Green_Left","Blue_Up",100,100,0,50,"Up"
17,6,37,"Red_Down","Yellow_Up","Green_Left","Blue_Up",-150,100,50,50,"Left"
17,6,38,"Red_Right","Yellow_Down","Green_Right","Blue_Down",100,100,0,50,"Down"
17,6,39,"Red_Left","Yellow_Left","Green_Down","Blue_Left",-150,100,0,-200,"Up"
17,6,40,"Red_Up","Yellow_Right","Green_Up","Blue_Down",100,100,50,50,"Down"
17,6,41,"Red_Right","Yellow_Right","Green_Right","Blue_Right",-150,100,50,50,"Down"
17,6,42,"Red_Up","Yellow_Up","Green_Right","Blue_Down",-150,100,50,-200,"Up"
17,6,43,"Red_Down","Yellow_Left","Green_Left","Blue_Up",-150,100,50,50,"Right"
17,6,44,"Red_Right","Yellow_Up","Green_Left","Blue_Right",100,100,0,50,"Down"
17,6,45,"Red_Right","Yellow_Right","Green_Down","Blue_Right",-150,-1150,0,50,"Down"
17,6,46,"Red_Right","Yellow_Left","Green_Right","Blue_Right",-150,100,0,50,"Right"
17,6,47,"Red_Down","Yellow_Up","Green_Up","Blue_Up",100,100,50,50,"Left"
17,6,48,"Red_Down","Yellow_Left","Green_Up","Blue_Up",-150,-1150,50,50,"Down"
17,6,49,"Red_Right","Yellow_Right","Green_Up","Blue_Down",-150,100,0,50,"Right"
17,6,50,"Red_Right","Yellow_Up","Green_Left","Blue_Down",100,-1150,0,50,"Up"
18,1,1,"Red_Left","Yellow_Down","Green_Up","Blue_Right",100,100,0,50,"Up"
18,1,2,"Red_Down","Yellow_Right","Green_Right","Blue_Right",100,-1150,0,50,"Right"
18,1,3,"Red_Right","Yellow_Right","Green_Down","Blue_Down",-150,100,50,50,"Left"
18,1,4,"Red_Down","Yellow_Left","Green_Right","Blue_Right",100,100,0,50,"Left"
18,1,5,"Red_Down","Yellow_Up","Green_Left","Blue_Down",-150,100,50,50,"Up"
18,1,6,"Red_Down","Yellow_Up","Green_Up","Blue_Down",100,100,50,50,"Up"
18,1,7,"Red_Left","Yellow_Left","Green_Left","Blue_Down",100,100,50,50,"Right"
18,1,8,"Red_Right","Yellow_Left","Green_Up","Blue_Up",-150,100,50,50,"Left"
18,1,9,"Red_Down","Yellow_Right","Green_Up","Blue_Up",100,100,50,-200,"Down"
18,1,10,"Red_Left","Yellow_Down","Green_Up","Blue_Down",-150,100,50,50,"Up"
18,1,11,"Red_Up","Yellow_Right","Green_Right","Blue_Right",-150,100,50,50,"Right"
18,1,12,"Red_Up","Yellow_Right","Green_Up","Blue_Left",-150,100,0,50,"Down"
18,1,13,"Red_Up","Yellow_Down","Green_Down","Blue_Right",-150,100,0,50,"Left"
18,1,14,"Red_Left","Yellow_Right","Green_Right","Blue_Left",-150,100,50,50,"Down"
18,1,15,"Red_Left","Yellow_Up","Green_Up","Blue_Up",100,100,0,50,"Left"
18,1,16,"Red_Right","Yellow_Down","Green_Right","Blue_Down",-150,100,50,50,"Right"
18,1,17,"Red_Up","Yellow_Left","Green_Right","Blue_Left",-150,100,0,50,"Left"
18,1,18,"Red_Right","Yellow_Right","Green_Up","Blue_Right",100,100,0,-200,"Down"
18,1,19,"Red_Up","Yellow_Left","Green_Right","Blue_Right",100,100,50,50,"Down"
18,1,20,"Red_Left","Yellow_Down","Green_Left","Blue_Left",-150,100,0,50,"Left"
18,1,21,"Red_Right","Yellow_Right","Green_Down","Blue_Right",-150,100,0,50,"Down"
18,1,22,"Red_Down","Yellow_Up","Green_Up","Blue_Right",100,100,50,50,"Down"
18,1,23,"Red_Left","Yellow_Right","Green_Up","Blue_Left",100,100,50,50,"Down"
18,1,24,"Red_Down","Yellow_Right","Green_Left","Blue_Down",-150,100,0,50,"Up"
18,1,25,"Red_Left","Yellow_Right","Green_Up","Blue_Up",-150,100,0,50,"Up"
18,1,26,"Red_Up","Yellow_Up","Green_Up","Blue_Up",-150,100,50,50,"Left"
18,1,27,"Red_Down","Yellow_Left","Green_Down","Blue_Left",100,100,0,50,"Left"
18,1,28,"Red_Down","Yellow_Right","Green_Left","Blue_Down",-150,100,0,50,"Down"
18,1,29,"Red_Left","Yellow_Up","Green_Right","Blue_Left",100,100,0,50,"Right"
18,1,30,"Red_Right","Yellow_Left","Green_Left","Blue_Right",-150,100,0,50,"Right"
18,1,31,"Red_Left","Yellow_Down","Green_Left","Blue_Right",100,-1150,50,50,"Up"
18,1,32,"Red_Up","Yellow_Right","Green_Down","Blue_Up",100,100,0,-200,"Down"
18,1,33,"Red_Right","Yellow_Left","Green_Up","Blue_Up",-150,-1150,50,50,"Left"
18,1,34,"Red_Right","Yellow_Left","Green_Down","Blue_Up",100,100,0,50,"Up"
18,1,35,"Red_Left","Yellow_Up","Green_Right","Blue_Up",100,100,0,50,"Up"
18,1,36,"Red_Up","Yellow_Right","Green_Down","Blue_Right",-150,-1150,0,50,"Right"
18,1,37,"Red_Right","Yellow_Up","Green_Left","Blue_Left",-150,100,0,50,"Right"
18,1,38,"Red_Right","Yellow_Up","Green_Down","Blue_Up",-150,100,0,-200,"Down"
18,1,39,"Red_Left","Yellow_Up","Green_Down","Blue_Right",-150,100,50,50,"Up"
18,1,40,"Red_Left","Yellow_Up","Green_Left","Blue_Right",100,100,0,-200,"Right"
18,1,41,"Red_Down","Yellow_Up","Green_Up","Blue_Left",-150,-1150,50,50,"Left"
18,1,42,"Red_Down","Yellow_Left","Green_Right","Blue_Down",-150,100,50,50,"Down"
18,1,43,"Red_Down","Yellow_Right","Green_Right","Blue_Right",-150,100,0,50,"Down"
18,1,44,"Red_Up","Yellow_Right","Green_Down","Blue_Up",100,100,50,50,"Down"
18,1,45,"Red_Right","Yellow_Left","Green_Right","Blue_Right",100,100,50,50,"Up"
18,1,46,"Red_Right","Yellow_Up","Green_Up","Blue_Left",100,100,50,50,"Down"
18,1,47,"Red_Right","Yellow_Right","Green_Right","Blue_Down",100,100,50,50,"Down"
18,1,48,"Red_Right","Yellow_Down","Green_Up","Blue_Up",100,100,50,50,"Down"
18,1,49,"Red_Left","Yellow_Right","Green_Left","Blue_Up",100,100,0,50,"Down"
18,1,50,"Red_Down","Yellow_Up","Green_Down","Blue_Right",100,100,50,50,"Right"
18,2,1,"Red_Left","Yellow_Left","Green_Up","Blue_Down",-150,100,50,50,"Right"
18,2,2,"Red_Right","Yellow_Right","Green_Up","Blue_Down",100,-1150,50,50,"Down"
18,2,3,"Red_Right","Yellow_Right","Green_Left","Blue_Down",-150,100,0,-200,"Down"
18,2,4,"Red_Left","Yellow_Up","Green_Down","Blue_Up",100,100,0,-200,"Down"
18,2,5,"Red_Right","Yellow_Left","Green_Right","Blue_Down",-150,100,50,50,"Up"
18,2,6,"Red_Down","Yellow_Left","Green_Up","Blue_Up",100,100,50,50,"Right"
18,2,7,"Red_Up","Yellow_Right","Green_Right","Blue_Right",100,100,50,50,"Up"
18,2,8,"Red_Down","Yellow_Up","Green_Up","Blue_Left",-150,100,50,50,"Right"
18,2,9,"Red_Up","Yellow_Down","Green_Up","Blue_Left",100,100,0,-200,"Down"
18,2,10,"Red_Left","Yellow_Right","Green_Left","Blue_Down",100,100,0,50,"Up"
18,2,11,"Red_Right","Yellow_Left","Green_Up","Blue_Right",-150,100,0,50,"Down"
18,2,12,"Red_Down","Yellow_Up","Green_Left","Blue_Up",100,-1150,0,50,"Right"
18,2,13,"Red_Left","Yellow_Down","Green_Up","Blue_Down",-150,100,0,50,"Left"
18,2,14,"Red_Left","Yellow_Down","Green_Up","Blue_Up",-150,100,50,50,"Up"
18,2,15,"Red_Left","Yellow_Right","Green_Down","Blue_Left",-150,100,50,50,"Right"
18,2,16,"Red_Up","Yellow_Left","Green_Left","Blue_Down",100,100,50,50,"Left"
18,2,17,"Red_Left","Yellow_Left","Green_Up","Blue_Up",-150,100,50,50,"Down"
18,2,18,"Red_Down","Yellow_Up","Green_Up","Blue_Left",100,100,0,50,"Down"
18,2,19,"Red_Right","Yellow_Down","Green_Up","Blue_Right",100,100,0,50,"Right"
18,2,20,"Red_Down","Yellow_Up","Green_Down","Blue_Down",-150,100,50,50,"Down"
18,2,21,"Red_Right","Yellow_Right","Green_Right","Blue_Up",-150,100,50,-200,"Up"
18,2,22,"Red_Down","Yellow_Right","Green_Up","Blue_Down",-150,100,50,50,"Down"
18,2,23,"Red_Left","Yellow_Left","Green_Up","Blue_Right",100,-1150,0,50,"Down"
18,2,24,"Red_Left","Yellow_Up","Green_Up","Blue_Down",100,100,0,50,"Down"
18,2,25,"Red_Down","Yellow_Up","Green_Down","Blue_Right",-150,100,0,50,"Right"
18,2,26,"Red_Down","Yellow_Right","Green_Up","Blue_Left",-150,-1150,0,50,"Up"
18,2,27,"Red_Up","Yellow_Up","Green_Down","Blue_Down",100,100,50,50,"Right"
18,2,28,"Red_Down","Yellow_Down","Green_Right","Blue_Right",-150,100,0,50,"Down"
18,2,29,"Red_Up","Yellow_Left","Green_Left","Blue_Right",-150,100,0,50,"Up"
18,2,30,"Red_Down","Yellow_Left","Green_Down","Blue_Left",100,100,50,50,"Left"
18,2,31,"Red_Left","Yellow_Up","Green_Down","Blue_Right",-150,100,0,50,"Down"
18,2,32,"Red_Down","Yellow_Right","Green_Right","Blue_Down",-150,100,50,50,"Down"
18,2,33,"Red_Down","Yellow_Up","Green_Left","Blue_Down",100,100,50,50,"Left"
18,2,34,"Red_Up","Yellow_Down","Green_Up","Blue_Left",-150,100,50,50,"Right"
18,2,35,"Red_Up","Yellow_Up","Green_Down","Blue_Up",100,100,0,50,"Left"
18,2,36,"Red_Down","Yellow_Down","Green_Right","Blue_Right",100,100,0,50,"Down"
18,2,37,"Red_Left","Yellow_Down","Green_Up","Blue_Down",100,100,50,50,"Right"
18,2,38,"Red_Up","Yellow_Left","Green_Right","Blue_Left",-150,100,0,50,"Down"
18,2,39,"Red_Down","Yellow_Down","Green_Up","Blue_Right",100,100,50,50,"Down"
18,2,40,"Red_Down","Yellow_Left","Green_Left","Blue_Up",-150,-1150,0,50,"Down"
18,2,41,"Red_Left","Yellow_Right","Green_Right","Blue_Left",-150,100,0,50,"Right"
18,2,42,"Red_Down","Yellow_Left","Green_Down","Blue_Down",100,100,50,50,"Down"
18,2,43,"Red_Up","Yellow_Down","Green_Down","Blue_Down",-150,100,50,50,"Down"
18,2,44,"Red_Up","Yellow_Right","Green_Down","Blue_Left",100,100,0,50,"Down"
18,2,45,"Red_Right","Yellow_Right","Green_Up","Blue_Down",100,100,0,50,"Right"
18,2,46,"Red_Up","Yellow_Up","Green_Left","Blue_Right",100,100,50,-200,"Up"
18,2,47,"Red_Up","Yellow_Left","Green_Up","Blue_Down",-150,100,0,50,"Up"
18,2,48,"Red_Right","Yellow_Down","Green_Up","Blue_Up",100,100,0,50,"Up"
18,2,49,"Red_Up","Yellow_Left","Green_Down","Blue_Right",-150,100,50,50,"Right"
18,2,50,"Red_Right","Yellow_Down","Green_Right","Blue_Left",100,100,50,50,"Up"
18,3,1,"Red_Down","Yellow_Up","Green_Down","Blue_Up",100,100,50,50,"Down"
18,3,2,"Red_Right","Yellow_Up","Green_Down","Blue_Left",-150,100,0,50,"Down"
18,3,3,"Red_Up","Yellow_Left","Green_Down","Blue_Up",100,100,0,-200,"Up"
18,3,4,"Red_Down","Yellow_Right","Green_Left","Blue_Right",100,100,0,50,"Up"
18,3,5,"Red_Right","Yellow_Right","Green_Up","Blue_Right",100,100,0,50,"Down"
18,3,6,"Red_Left","Yellow_Left","Green_Left","Blue_Right",-150,100,0,50,"Down"
18,3,7,"Red_Right","Yellow_Right","Green_Down","Blue_Left",100,100,0,50,"Down"
18,3,8,"Red_Right","Yellow_Down","Green_Up","Blue_Up",-150,100,50,50,"Left"
18,3,9,"Red_Down","Yellow_Right","Green_Left","Blue_Left",-150,100,50,50,"Up"
18,3,10,"Red_Down","Yellow_Left","Green_Left","Blue_Left",-150,100,50,50,"Down"
18,3,11,"Red_Left","Yellow_Left","Green_Right","Blue_Left",-150,100,0,50,"Down"
18,3,12,"Red_Down","Yellow_Down","Green_Left","Blue_Up",-150,100,50,50,"Down"
18,3,13,"Red_Right","Yellow_Up","Green_Up","Blue_Up",-150,100,50,50,"Down"
18,3,14,"Red_Down","Yellow_Right","Green_Right","Blue_Left",-150,100,0,50,"Right"
18,3,15,"Red_Down","Yellow_Right","Green_Up","Blue_Left",-150,100,50,50,"Down"
18,3,16,"Red_Left","Yellow_Down","Green_Down","Blue_Left",-150,100,0,50,"Left"
18,3,17,"Red_Up","Yellow_Down","Green_Down","Blue_Up",100,100,50,50,"Up"
18,3,18,"Red_Up","Yellow_Left","Green_Up","Blue_Right",-150,100,0,50,"Down"
18,3,19,"Red_Down","Yellow_Left","Green_Right","Blue_Left",100,100,50,50,"Up"
18,3,20,"Red_Up","Yellow_Left","Green_Down","Blue_Down",-150,100,0,50,"Left"
18,3,21,"Red_Up","Yellow_Right","Green_Down","Blue_Right",-150,100,0,-200,"Up"
18,3,22,"Red_Down","Yellow_Up","Green_Up","Blue_Down",100,100,0,50,"Right"
18,3,23,"Red_Left","Yellow_Up","Green_Right","Blue_Right",-150,-1150,0,50,"Down"
18,3,24,"Red_Right","Yellow_Right","Green_Down","Blue_Left",-150,100,50,50,"Right"
18,3,25,"Red_Right","Yellow_Left","Green_Up","Blue_Down",100,100,50,50,"Up"
18,3,26,"Red_Right","Yellow_Right","Green_Up","Blue_Up",100,100,50,50,"Left"
18,3,27,"Red_Right","Yellow_Left","Green_Up","Blue_Right",100,100,50,-200,"Down"
18,3,28,"Red_Right","Yellow_Right","Green_Left","Blue_Right",100,100,50,-200,"Left"
18,3,29,"Red_Right","Yellow_Left","Green_Up","Blue_Down",100,100,50,50,"Left"
18,3,30,"Red_Left","Yellow_Down","Green_Left","Blue_Right",100,100,50,50,"Up"
18,3,31,"Red_Up","Yellow_Up","Green_Right","Blue_Down",100,100,50,50,"Left"
18,3,32,"Red_Down","Yellow_Right","Green_Down","Blue_Up",-150,-1150,50,50,"Right"
18,3,33,"Red_Right","Yellow_Down","Green_Up","Blue_Right",100,100,0,50,"Left"
18,3,34,"Red_Left","Yellow_Right","Green_Down","Blue_Down",-150,100,50,-200,"Down"
18,3,35,"Red_Right","Yellow_Right","Green_Up","Blue_Left",100,100,0,50,"Down"
18,3,36,"Red_Down","Yellow_Left","Green_Right","Blue_Left",-150,100,0,50,"Right"
18,3,37,"Red_Up","Yellow_Right","Green_Left","Blue_Down",-150,100,0,50,"Down"
18,3,38,"Red_Up","Yellow_Left","Green_Up","Blue_Down",-150,100,50,50,"Up"
18,3,39,"Red_Right","Yellow_Left","Green_Right","Blue_Down",-150,100,50,50,"Right"
18,3,40,"Red_Down","Yellow_Left","Green_Down","Blue_Right",100,100,0,50,"Left"
18,3,41,"Red_Right","Yellow_Up","Green_Right","Blue_Up",100,100,0,50,"Up"
18,3,42,"Red_Right","Yellow_Left","Green_Right","Blue_Up",100,100,0,50,"Down"
18,3,43,"Red_Left","Yellow_Right","Green_Up","Blue_Up",-150,100,0,50,"Down"
18,3,44,"Red_Right","Yellow_Up","Green_Up","Blue_Up",100,-1150,0,50,"Up"
18,3,45,"Red_Up","Yellow_Down","Green_Right","Blue_Up",-150,100,50,50,"Left"
18,3,46,"Red_Left","Yellow_Right","Green_Up","Blue_Right",-150,-1150,50,50,"Down"
18,3,47,"Red_Left","Yellow_Up","Green_Up","Blue_Down",100,100,50,50,"Left"
18,3,48,"Red_Left","Yellow_Up","Green_Left","Blue_Left",100,100,0,50,"Down"
18,3,49,"Red_Left","Yellow_Down","Green_Up","Blue_Left",100,100,50,50,"Right"
18,3,50,"Red_Up","Yellow_Up","Green_Down","Blue_Down",100,-1150,0,50,"Left"
18,4,1,"Red_Up","Yellow_Down","Green_Right","Blue_Down",-150,100,0,50,"Left"
18,4,2,"Red_Up","Yellow_Right","Green_Up","Blue_Left",100,100,50,50,"Right"
18,4,3,"Red_Down","Yellow_Left","Green_Left","Blue_Right",100,100,50,50,"Right"
18,4,4,"Red_Down","Yellow_Down","Green_Right","Blue_Up",100,100,50,50,"Down"
18,4,5,"Red_Right","Yellow_Up","Green_Down","Blue_Down",100,100,50,50,"Down"
18,4,6,"Red_Left","Yellow_Left","Green_Left","Blue_Up",-150,100,0,50,"Right"
18,4,7,"Red_Left","Yellow_Right","Green_Right","Blue_Right",-150,100,50,50,"Left"
18,4,8,"Red_Right","Yellow_Left","Green_Down","Blue_Up",-150,100,50,50,"Down"
18,4,9,"Red_Down","Yellow_Right","Green_Down","Blue_Left",-150,100,50,-200,"Right"
18,4,10,"Red_Right","Yellow_Up","Green_Down","Blue_Left",-150,100,0,50,"Left"
18,4,11,"Red_Down","Yellow_Down","Green_Left","Blue_Right",100,100,50,50,"Up"
18,4,12,"Red_Right","Yellow_Left","Green_Left","Blue_Left",100,100,0,-200,"Right"
18,4,13,"Red_Up","Yellow_Down","Green_Right","Blue_Left",100,-1150,0,50,"Right"
18,4,14,"Red_Left","Yellow_Right","Green_Right","Blue_Up",100,100,0,50,"Left"
18,4,15,"Red_Up","Yellow_Up","Green_Right","Blue_Right",100,100,0,-200,"Down"
18,4,16,"Red_Left","Yellow_Down","Green_Down","Blue_Right",100,100,0,50,"Right"
18,4,17,"Red_Right","Yellow_Down","Green_Up","Blue_Up",100,100,0,50,"Up"
18,4,18,"Red_Up","Yellow_Right","Green_Right","Blue_Right",100,100,0,-200,"Right"
18,4,19,"Red_Up","Yellow_Up","Green_Right","Blue_Up",100,100,0,50,"Right"
18,4,20,"Red_Down","Yellow_Left","Green_Left","Blue_Down",100,100,0,50,"Right"
18,4,21,"Red_Up","Yellow_Down","Green_Right","Blue_Left",100,100,50,50,"Left"
18,4,22,"Red_Right","Yellow_Up","Green_Left","Blue_Right",100,100,50,50,"Up"
18,4,23,"Red_Left","Yellow_Right","Green_Down","Blue_Up",-150,100,0,50,"Left"
18,4,24,"Red_Right","Yellow_Right","Green_Left","Blue_Up",-150,100,0,50,"Right"
18,4,25,"Red_Down","Yellow_Right","Green_Left","Blue_Down",-150,100,0,50,"Down"
18,4,26,"Red_Right","Yellow_Down","Green_Down","Blue_Left",100,-1150,50,50,"Down"
18,4,27,"Red_Left","Yellow_Down","Green_Left","Blue_Left",-150,-1150,50,50,"Up"
18,4,28,"Red_Left","Yellow_Left","Green_Right","Blue_Down",100,100,50,50,"Right"
18,4,29,"Red_Down","Yellow_Right","Green_Down","Blue_Left",-150,100,50,-200,"Left"
18,4,30,"Red_Up","Yellow_Right","Green_Left","Blue_Down",100,100,50,50,"Up"
18,4,31,"Red_Down","Yellow_Left","Green_Left","Blue_Right",-150,100,0,50,"Up"
18,4,32,"Red_Left","Yellow_Up","Green_Down","Blue_Right",100,100,50,50,"Up"
18,4,33,"Red_Down","Yellow_Up","Green_Down","Blue_Down",-150,100,50,50,"Up"
18,4,34,"Red_Up","Yellow_Down","Green_Right","Blue_Up",100,100,0,50,"Left"
18,4,35,"Red_Up","Yellow_Up","Green_Up","Blue_Left",-150,100,50,50,"Right"
18,4,36,"Red_Right","Yellow_Up","Green_Right","Blue_Right",-150,100,0,50,"Right"
18,4,37,"Red_Right","Yellow_Up","Green_Down","Blue_Down",100,100,0,50,"Down"
18,4,38,"Red_Left","Yellow_Left","Green_Left","Blue_Left",-150,100,50,50,"Left"
18,4,39,"Red_Right","Yellow_Up","Green_Left","Blue_Left",-150,-1150,50,50,"Right"
18,4,40,"Red_Right","Yellow_Right","Green_Right","Blue_Up",-150,100,50,50,"Right"
18,4,41,"Red_Right","Yellow_Left","Green_Up","Blue_Up",-150,100,0,50,"Right"
18,4,42,"Red_Down","Yellow_Right","Green_Up","Blue_Left",100,100,50,50,"Up"
18,4,43,"Red_Right","Yellow_Right","Green_Down","Blue_Right",-150,100,50,50,"Left"
18,4,44,"Red_Right","Yellow_Right","Green_Down","Blue_Left",-150,100,0,50,"Down"
18,4,45,"Red_Left","Yellow_Left","Green_Up","Blue_Left",-150,-1150,0,50,"Right"
18,4,46,"Red_Right","Yellow_Right","Green_Up","Blue_Down",-150,100,50,50,"Down"
18,4,47,"Red_Left","Yellow_Right","Green_Up","Blue_Left",100,100,0,50,"Down"
18,4,48,"Red_Down","Yellow_Up","Green_Right","Blue_Up",100,100,50,50,"Up"
18,4,49,"Red_Left","Yellow_Up","Green_Right","Blue_Up",-150,100,0,50,"Left"
18,4,50,"Red_Right","Yellow_Down","Green_Down","Blue_Left",-150,100,0,50,"Right"
18,5,1,"Red_Left","Yellow_Down","Green_Down","Blue_Down",100,100,50,-200,"Left"
18,5,2,"Red_Down","Yellow_Left","Green_Down","Blue_Left",100,100,50,50,"Left"
18,5,3,"Red_Up","Yellow_Up","Green_Left","Blue_Up",-150,100,0,50,"Down"
18,5,4,"Red_Right","Yellow_Left","Green_Left","Blue_Up",100,100,50,50,"Right"
18,5,5,"Red_Right","Yellow_Right","Green_Down","Blue_Down",100,100,0,-200,"Right"
18,5,6,"Red_Left","Yellow_Left","Green_Right","Blue_Down",100,100,50,50,"Down"
18,5,7,"Red_Left","Yellow_Up","Green_Down","Blue_Down",100,100,0,50,"Down"
18,5,8,"Red_Up","Yellow_Right","Green_Up","Blue_Up",100,100,50,50,"Left"
18,5,9,"Red_Left","Yellow_Right","Green_Left","Blue_Down",100,100,0,50,"Up"
18,5,10,"Red_Up","Yellow_Up","Green_Left","Blue_Down",-150,100,0,50,"Left"
18,5,11,"Red_Right","Yellow_Left","Green_Down","Blue_Left",-150,-1150,0,50,"Up"
18,5,12,"Red_Right","Yellow_Right","Green_Up","Blue_Up",-150,100,50,50,"Left"
18,5,13,"Red_Down","Yellow_Right","Green_Right","Blue_Up",100,100,0,50,"Up"
18,5,14,"Red_Up","Yellow_Left","Green_Left","Blue_Right",100,100,0,50,"Down"
18,5,15,"Red_Left","Yellow_Right","Green_Left","Blue_Down",100,100,0,50,"Right"
18,5,16,"Red_Up","Yellow_Up","Green_Right","Blue_Up",100,100,50,50,"Right"
18,5,17,"Red_Right","Yellow_Left","Green_Down","Blue_Up",-150,100,0,50,"Left"
18,5,18,"Red_Down","Yellow_Down","Green_Down","Blue_Left",-150,-1150,50,50,"Left"
18,5,19,"Red_Up","Yellow_Up","Green_Up","Blue_Right",-150,100,0,50,"Left"
18,5,20,"Red_Down","Yellow_Down","Green_Down","Blue_Left",-150,100,0,50,"Left"
18,5,21,"Red_Down","Yellow_Right","Green_Left","Blue_Down",-150,100,0,50,"Left"
18,5,22,"Red_Left","Yellow_Left","Green_Left","Blue_Up",-150,100,50,50,"Up"
18,5,23,"Red_Up","Yellow_Right","Green_Right","Blue_Left",100,-1150,0,-200,"Right"
18,5,24,"Red_Up","Yellow_Up","Green_Right","Blue_Left",-150,100,50,50,"Down"
18,5,25,"Red_Right","Yellow_Up","Green_Up","Blue_Up",-150,100,0,50,"Down"
18,5,26,"Red_Left","Yellow_Left","Green_Down","Blue_Left",100,100,50,-200,"Left"
18,5,27,"Red_Up","Yellow_Down","Green_Left","Blue_Left",100,-1150,0,50,"Right"
18,5,28,"Red_Up","Yellow_Up","Green_Right","Blue_Left",-150,100,0,50,"Right"
18,5,29,"Red_Down","Yellow_Up","Green_Right","Blue_Down",100,100,50,50,"Down"
18,5,30,"Red_Down","Yellow_Left","Green_Down","Blue_Right",-150,100,0,50,"Down"
18,5,31,"Red_Up","Yellow_Down","Green_Left","Blue_Left",-150,100,0,50,"Down"
18,5,32,"Red_Right","Yellow_Down","Green_Right","Blue_Up",-150,100,50,50,"Left"
18,5,33,"Red_Left","Yellow_Left","Green_Down","Blue_Right",-150,100,50,50,"Down"
18,5,34,"Red_Up","Yellow_Down","Green_Down","Blue_Down",-150,100,0,50,"Down"
18,5,35,"Red_Down","Yellow_Down","Green_Right","Blue_Down",-150,100,50,50,"Left"
18,5,36,"Red_Down","Yellow_Down","Green_Left","Blue_Right",100,100,50,-200,"Down"
18,5,37,"Red_Down","Yellow_Down","Green_Right","Blue_Right",-150,100,50,50,"Down"
18,5,38,"Red_Down","Yellow_Right","Green_Right","Blue_Down",-150,100,0,50,"Right"
18,5,39,"Red_Left","Yellow_Up","Green_Left","Blue_Right",100,100,0,50,"Up"
18,5,40,"Red_Down","Yellow_Left","Green_Up","Blue_Down",-150,100,50,50,"Left"
18,5,41,"Red_Down","Yellow_Up","Green_Right","Blue_Left",-150,100,50,50,"Left"
18,5,42,"Red_Down","Yellow_Right","Green_Right","Blue_Right",100,100,0,50,"Right"
18,5,43,"Red_Down","Yellow_Right","Green_Up","Blue_Left",100,100,50,50,"Right"
18,5,44,"Red_Left","Yellow_Up","Green_Down","Blue_Right",100,100,50,50,"Down"
18,5,45,"Red_Up","Yellow_Down","Green_Up","Blue_Up",100,100,50,50,"Down"
18,5,46,"Red_Up","Yellow_Up","Green_Up","Blue_Down",-150,100,50,50,"Left"
18,5,47,"Red_Up","Yellow_Down","Green_Down","Blue_Right",100,100,50,50,"Up"
18,5,48,"Red_Right","Yellow_Up","Green_Up","Blue_Left",100,100,0,50,"Up"
18,5,49,"Red_Up","Yellow_Left","Green_Left","Blue_Right",-150,-1150,50,50,"Left"
18,5,50,"Red_Right","Yellow_Left","Green_Right","Blue_Up",100,100,0,50,"Right"
18,6,1,"Red_Down","Yellow_Left","Green_Left","Blue_Up",100,100,50,50,"Up"
18,6,2,"Red_Left","Yellow_Right","Green_Up","Blue_Left",100,100,50,50,"Up"
18,6,3,"Red_Down","Yellow_Down","Green_Up","Blue_Left",100,100,0,50,"Down"
18,6,4,"Red_Down","Yellow_Left","Green_Down","Blue_Left",-150,-1150,0,50,"Down"
18,6,5,"Red_Up","Yellow_Left","Green_Left","Blue_Left",-150,100,50,-200,"Right"
18,6,6,"Red_Right","Yellow_Down","Green_Down","Blue_Left",100,100,0,50,"Up"
18,6,7,"Red_Down","Yellow_Left","Green_Down","Blue_Down",-150,-1150,50,50,"Up"
18,6,8,"Red_Right","Yellow_Right","Green_Up","Blue_Up",-150,100,50,50,"Up"
18,6,9,"Red_Up","Yellow_Down","Green_Right","Blue_Up",100,100,50,50,"Up"
18,6,10,"Red_Right","Yellow_Up","Green_Down","Blue_Up",-150,100,0,50,"Left"
18,6,11,"Red_Right","Yellow_Right","Green_Right","Blue_Left",-150,100,0,50,"Left"
18,6,12,"Red_Down","Yellow_Right","Green_Down","Blue_Down",-150,100,50,50,"Down"
18,6,13,"Red_Down","Yellow_Right","Green_Up","Blue_Down",100,100,0,50,"Right"
18,6,14,"Red_Down","Yellow_Left","Green_Down","Blue_Down",100,-1150,50,50,"Down"
18,6,15,"Red_Left","Yellow_Left","Green_Up","Blue_Down",100,100,50,50,"Up"
18,6,16,"Red_Left","Yellow_Right","Green_Up","Blue_Down",100,100,0,50,"Up"
18,6,17,"Red_Right","Yellow_Left","Green_Down","Blue_Right",100,100,50,50,"Right"
18,6,18,"Red_Left","Yellow_Down","Green_Down","Blue_Up",-150,100,50,50,"Right"
18,6,19,"Red_Right","Yellow_Left","Green_Down","Blue_Up",-150,100,0,-200,"Right"
18,6,20,"Red_Up","Yellow_Down","Green_Left","Blue_Left",100,100,0,50,"Up"
18,6,21,"Red_Up","Yellow_Left","Green_Right","Blue_Left",-150,100,0,50,"Down"
18,6,22,"Red_Up","Yellow_Right","Green_Up","Blue_Right",100,100,50,50,"Down"
18,6,23,"Red_Down","Yellow_Right","Green_Left","Blue_Up",-150,100,0,50,"Down"
18,6,24,"Red_Left","Yellow_Down","Green_Up","Blue_Right",-150,100,0,50,"Down"
18,6,25,"Red_Up","Yellow_Right","Green_Right","Blue_Left",100,100,0,50,"Up"
18,6,26,"Red_Up","Yellow_Right","Green_Left","Blue_Down",-150,100,50,50,"Up"
18,6,27,"Red_Down","Yellow_Down","Green_Down","Blue_Left",100,100,0,50,"Left"
18,6,28,"Red_Down","Yellow_Down","Green_Down","Blue_Left",100,100,0,-200,"Down"
18,6,29,"Red_Left","Yellow_Down","Green_Left","Blue_Down",-150,100,0,50,"Down"
18,6,30,"Red_Right","Yellow_Left","Green_Right","Blue_Down",100,100,50,50,"Left"
18,6,31,"Red_Down","Yellow_Down","Green_Up","Blue_Down",-150,100,50,50,"Down"
18,6,32,"Red_Left","Yellow_Left","Green_Left","Blue_Up",-150,100,50,-200,"Down"
18,6,33,"Red_Up","Yellow_Down","Green_Down","Blue_Left",-150,100,50,50,"Down"
18,6,34,"Red_Down","Yellow_Right","Green_Up","Blue_Down",-150,100,50,50,"Right"
18,6,35,"Red_Up","Yellow_Down","Green_Down","Blue_Left",-150,100,0,50,"Right"
18,6,36,"Red_Up","Yellow_Right","Green_Down","Blue_Down",100,100,50,50,"Right"
18,6,37,"Red_Right","Yellow_Left","Green_Down","Blue_Down",-150,100,0,50,"Right"
18,6,38,"Red_Right","Yellow_Left","Green_Down","Blue_Down",-150,-1150,50,50,"Right"
18,6,39,"Red_Up","Yellow_Up","Green_Right","Blue_Up",100,-1150,0,50,"Left"
18,6,40,"Red_Left","Yellow_Down","Green_Right","Blue_Down",100,100,50,50,"Up"
18,6,41,"Red_Up","Yellow_Down","Green_Up","Blue_Up",-150,100,0,50,"Up"
18,6,42,"Red_Right","Yellow_Down","Green_Down","Blue_Right",-150,100,0,50,"Right"
18,6,43,"Red_Left","Yellow_Up","Green_Down","Blue_Right",-150,100,50,50,"Down"
18,6,44,"Red_Left","Yellow_Down","Green_Left","Blue_Down",100,100,50,-200,"Left"
18,6,45,"Red_Up","Yellow_Down","Green_Right","Blue_Left",-150,100,0,50,"Left"
18,6,46,"Red_Up","Yellow_Left","Green_Right","Blue_Down",100,100,50,50,"Down"
18,6,47,"Red_Down","Yellow_Up","Green_Down","Blue_Left",100,100,0,50,"Up"
18,6,48,"Red_Down","Yellow_Down","Green_Right","Blue_Up",100,100,50,50,"Left"
18,6,49,"Red_Up","Yellow_Left","Green_Right","Blue_Up",100,100,0,50,"Up"
18,6,50,"Red_Up","Yellow_Up","Green_Down","Blue_Up",100,100,0,50,"Right"
19,1,1,"Red_Right","Yellow_Left","Green_Right","Blue_Left",-150,100,0,50,"Down"
19,1,2,"Red_Down","Yellow_Left","Green_Up","Blue_Up",100,100,50,50,"Right"
19,1,3,"Red_Left","Yellow_Left","Green_Left","Blue_Left",100,100,0,50,"Up"
19,1,4,"Red_Up","Yellow_Right","Green_Right","Blue_Down",-150,100,0,50,"Up"
19,1,5,"Red_Left","Yellow_Right","Green_Right","Blue_Left",100,100,0,50,"Up"
19,1,6,"Red_Right","Yellow_Down","Green_Down","Blue_Left",-150,100,0,50,"Up"
19,1,7,"Red_Down","Yellow_Up","Green_Left","Blue_Left",100,100,0,50,"Right"
19,1,8,"Red_Down","Yellow_Up","Green_Up","Blue_Right",-150,100,0,50,"Up"
19,1,9,"Red_Up","Yellow_Up","Green_Down","Blue_Left",100,100,50,50,"Right"
19,1,10,"Red_Up","Yellow_Left","Green_Right","Blue_Right",100,100,50,50,"Left"
19,1,11,"Red_Up","Yellow_Left","Green_Left","Blue_Up",-150,100,50,50,"Left"
19,1,12,"Red_Left","Yellow_Up","Green_Left","Blue_Down",-150,100,0,50,"Down"
19,1,13,"Red_Down","Yellow_Up","Green_Right","Blue_Down",-150,100,50,50,"Right"
19,1,14,"Red_Down","Yellow_Right","Green_Right","Blue_Left",-150,-1150,0,50,"Left"
19,1,15,"Red_Up","Yellow_Up","Green_Down","Blue_Down",100,-1150,50,50,"Left"
19,1,16,"Red_Right","Yellow_Down","Green_Up","Blue_Right",100,100,0,50,"Right"
19,1,17,"Red_Up","Yellow_Left","Green_Down","Blue_Left",100,100,0,50,"Left"
19,1,18,"Red_Down","Yellow_Left","Green_Right","Blue_Down",100,-1150,50,50,"Right"
19,1,19,"Red_Down","Yellow_Down","Green_Up","Blue_Down",-150,100,50,50,"Down"
19,1,20,"Red_Left","Yellow_Right","Green_Up","Blue_Left",100,100,0,50,"Left"
19,1,21,"Red_Left","Yellow_Down","Green_Down","Blue_Down",-150,100,50,50,"Up"
19,1,22,"Red_Left","Yellow_Right","Green_Left","Blue_Up",100,100,50,50,"Up"
19,1,23,"Red_Down","Yellow_Right","Green_Up","Blue_Up",100,100,0,50,"Right"
19,1,24,"Red_Down","Yellow_Right","Green_Down","Blue_Right",100,100,50,50,"Down"
19,1,25,"Red_Right","Yellow_Down","Green_Up","Blue_Down",-150,100,50,50,"Left"
19,1,26,"Red_Left","Yellow_Up","Green_Down","Blue_Down",100,100,50,50,"Up"
19,1,27,"Red_Up","Yellow_Down","Green_Left","Blue_Left",-150,100,50,50,"Left"
19,1,28,"Red_Down","Yellow_Down","Green_Up","Blue_Down",100,100,0,-200,"Right"
19,1,29,"Red_Up","Yellow_Down","Green_Right","Blue_Down",-150,100,50,50,"Up"
19,1,30,"Red_Right","Yellow_Down","Green_Right","Blue_Down",-150,100,0,50,"Down"
19,1,31,"Red_Up","Yellow_Up","Green_Right","Blue_Right",-150,-1150,0,50,"Left"
19,1,32,"Red_Down","Yellow_Up","Green_Up","Blue_Left",-150,100,50,-200,"Right"
19,1,33,"Red_Up","Yellow_Up","Green_Up","Blue_Up",-150,100,50,50,"Up"
19,1,34,"Red_Right","Yellow_Left","Green_Left","Blue_Up",100,100,0,50,"Left"
19,1,35,"Red_Right","Yellow_Right","Green_Down","Blue_Up",-150,100,50,50,"Up"
19,1,36,"Red_Left","Yellow_Down","Green_Down","Blue_Down",100,100,0,50,"Down"
19,1,37,"Red_Left","Yellow_Right","Green_Left","Blue_Right",-150,100,0,50,"Up"
19,1,38,"Red_Right","Yellow_Left","Green_Down","Blue_Left",100,100,0,-200,"Right"
19,1,39,"Red_Up","Yellow_Up","Green_Right","Blue_Right",100,100,50,50,"Left"
19,1,40,"Red_Right","Yellow_Down","Green_Left","Blue_Left",100,100,50,50,"Up"
19,1,41,"Red_Right","Yellow_Up","Green_Right","Blue_Up",-150,100,0,50,"Left"
19,1,42,"Red_Right","Yellow_Left","Green_Right","Blue_Up",-150,100,0,50,"Down"
19,1,43,"Red_Right","Yellow_Up","Green_Right","Blue_Left",100,100,0,50,"Left"
19,1,44,"Red_Down","Yellow_Right","Green_Down","Blue_Left",-150,100,0,50,"Up"
19,1,45,"Red_Right","Yellow_Down","Green_Down","Blue_Left",-150,100,50,50,"Right"
19,1,46,"Red_Down","Yellow_Down","Green_Down","Blue_Left",100,100,0,50,"Up"
19,1,47,"Red_Left","Yellow_Right","Green_Left","Blue_Down",-150,100,50,50,"Left"
19,1,48,"Red_Up","Yellow_Down","Green_Down","Blue_Up",100,100,50,50,"Up"
19,1,49,"Red_Right","Yellow_Up","Green_Up","Blue_Up",100,100,50,-200,"Up"
19,1,50,"Red_Right","Yellow_Left","Green_Left","Blue_Right",-150,-1150,50,-200,"Left"
19,2,1,"Red_Right","Yellow_Left","Green_Down","Blue_Right",100,100,0,50,"Right"
19,2,2,"Red_Up","Yellow_Down","Green_Right","Blue_Left",100,100,0,50,"Up"
19,2,3,"Red_Up","Yellow_Left","Green_Up","Blue_Down",100,100,0,50,"Up"
19,2,4,"Red_Right","Yellow_Left","Green_Right","Blue_Right",100,100,50,-200,"Left"
19,2,5,"Red_Up","Yellow_Right","Green_Left","Blue_Left",100,100,0,50,"Right"
19,2,6,"Red_Left","Yellow_Right","Green_Right","Blue_Right",-150,100,0,50,"Down"
19,2,7,"Red_Down","Yellow_Right","Green_Up","Blue_Down",-150,100,50,50,"Right"
19,2,8,"Red_Right","Yellow_Down","Green_Up","Blue_Right",-150,100,0,50,"Right"
19,2,9,"Red_Left","Yellow_Up","Green_Right","Blue_Down",100,100,50,50,"Left"
19,2,10,"Red_Right","Yellow_Down","Green_Right","Blue_Down",100,100,50,50,"Down"
19,2,11,"Red_Down","Yellow_Up","Green_Right","Blue_Right",100,100,50,50,"Up"
19,2,12,"Red_Right","Yellow_Up","Green_Right","Blue_Left",100,100,50,50,"Right"
19,2,13,"Red_Left","Yellow_Left","Green_Right","Blue_Up",100,100,0,50,"Right"
19,2,14,"Red_Left","Yellow_Left","Green_Up","Blue_Down",-150,100,50,50,"Right"
19,2,15,"Red_Right","Yellow_Left","Green_Up","Blue_Right",-150,100,0,50,"Right"
19,2,16,"Red_Down","Yellow_Right","Green_Down","Blue_Down",-150,100,50,50,"Down"
19,2,17,"Red_Up","Yellow_Left","Green_Up","Blue_Up",-150,100,0,50,"Right"
19,2,18,"Red_Left","Yellow_Left","Green_Right","Blue_Up",-150,100,50,50,"Down"
19,2,19,"Red_Right","Yellow_Down","Green_Down","Blue_Right",100,100,50,50,"Up"
19,2,20,"Red_Right","Yellow_Up","Green_Right","Blue_Right",-150,-1150,0,50,"Up"
19,2,21,"Red_Left","Yellow_Right","Green_Down","Blue_Left",-150,-1150,0,50,"Up"
19,2,22,"Red_Down","Yellow_Right","Green_Up","Blue_Up",-150,100,0,50,"Right"
19,2,23,"Red_Right","Yellow_Up","Green_Left","Blue_Down",100,100,50,50,"Left"
19,2,24,"Red_Down","Yellow_Up","Green_Right","Blue_Down",100,100,0,50,"Up"
19,2,25,"Red_Right","Yellow_Left","Green_Left","Blue_Down",-150,100,50,50,"Left"
19,2,26,"Red_Down","Yellow_Right","Green_Left","Blue_Left",-150,100,0,50,"Up"
19,2,27,"Red_Left","Yellow_Left","Green_Left","Blue_Right",-150,100,50,50,"Right"
19,2,28,"Red_Down","Yellow_Up","Green_Up","Blue_Right",100,100,0,50,"Down"
19,2,29,"Red_Left","Yellow_Down","Green_Up","Blue_Right",100,100,50,50,"Up"
19,2,30,"Red_Right","Yellow_Down","Green_Up","Blue_Right",100,100,50,50,"Left"
19,2,31,"Red_Right","Yellow_Right","Green_Right","Blue_Down",100,-1150,50,50,"Left"
19,2,32,"Red_Up","Yellow_Right","Green_Left","Blue_Up",-150,100,50,50,"Right"
19,2,33,"Red_Up","Yellow_Up","Green_Left","Blue_Left",-150,100,50,50,"Right"
19,2,34,"Red_Down","Yellow_Left","Green_Left","Blue_Up",-150,100,50,50,"Down"
19,2,35,"Red_Right","Yellow_Down","Green_Left","Blue_Right",-150,100,50,50,"Down"
19,2,36,"Red_Left","Yellow_Left","Green_Up","Blue_Down",100,-1150,50,50,"Down"
19,2,37,"Red_Left","Yellow_Left","Green_Right","Blue_Right",100,100,50,50,"Down"
19,2,38,"Red_Down","Yellow_Up","Green_Up","Blue_Right",100,100,0,50,"Left"
19,2,39,"Red_Left","Yellow_Up","Green_Up","Blue_Left",100,-1150,50,-200,"Right"
19,2,40,"Red_Left","Yellow_Left","Green_Left","Blue_Down",-150,100,0,-200,"Left"
19,2,41,"Red_Left","Yellow_Right","Green_Down","Blue_Up",-150,100,0,50,"Right"
19,2,42,"Red_Up","Yellow_Up","Green_Right","Blue_Left",-150,100,50,50,"Left"
19,2,43,"Red_Up","Yellow_Left","Green_Left","Blue_Up",100,100,0,50,"Up"
19,2,44,"Red_Right","Yellow_Down","Green_Up","Blue_Right",-150,100,50,-200,"Right"
19,2,45,"Red_Down","Yellow_Down","Green_Left","Blue_Left",100,100,0,-200,"Down"
19,2,46,"Red_Right","Yellow_Right","Green_Left","Blue_Down",100,100,0,50,"Right"
19,2,47,"Red_Right","Yellow_Right","Green_Left","Blue_Down",100,100,0,50,"Down"
19,2,48,"Red_Up","Yellow_Up","Green_Right","Blue_Right",-150,100,0,50,"Left"
19,2,49,"Red_Left","Yellow_Down","Green_Down","Blue_Right",-150,100,0,50,"Left"
19,2,50,"Red_Right","Yellow_Right","Green_Down","Blue_Right",-150,100,0,50,"Down"
19,3,1,"Red_Down","Yellow_Down","Green_Right","Blue_Right",100,100,0,50,"Right"
19,3,2,"Red_Up","Yellow_Down","Green_Down","Blue_Right",100,100,50,50,"Left"
19,3,3,"Red_Left","Yellow_Left","Green_Left","Blue_Down",100,100,50,50,"Down"
19,3,4,"Red_Right","Yellow_Left","Green_Down","Blue_Down",-150,100,0,-200,"Down"
19,3,5,"Red_Left","Yellow_Right","Green_Up","Blue_Down",-150,100,0,50,"Left"
19,3,6,"Red_Right","Yellow_Up","Green_Up","Blue_Up",100,100,0,50,"Down"
19,3,7,"Red_Left","Yellow_Right","Green_Down","Blue_Left",100,100,0,50,"Up"
19,3,8,"Red_Right","Yellow_Up","Green_Up","Blue_Left",100,100,0,50,"Up"
19,3,9,"Red_Up","Yellow_Right","Green_Left","Blue_Left",100,-1150,50,50,"Right"
19,3,10,"Red_Left","Yellow_Left","Green_Right","Blue_Right",-150,100,0,50,"Up"
19,3,11,"Red_Up","Yellow_Left","Green_Left","Blue_Up",100,100,50,50,"Up"
19,3,12,"Red_Up","Yellow_Left","Green_Down","Blue_Left",-150,100,50,50,"Left"
19,3,13,"Red_Up","Yellow_Up","Green_Right","Blue_Right",-150,100,0,50,"Left"
19,3,14,"Red_Left","Yellow_Up","Green_Up","Blue_Left",100,100,0,50,"Right"
19,3,15,"Red_Left","Yellow_Up","Green_Down","Blue_Down",100,100,50,50,"Down"
19,3,16,"Red_Down","Yellow_Down","Green_Up","Blue_Down",100,100,50,50,"Up"
19,3,17,"Red_Left","Yellow_Up","Green_Left","Blue_Down",-150,100,0,50,"Left"
19,3,18,"Red_Left","Yellow_Up","Green_Down","Blue_Right",-150,100,0,50,"Right"
19,3,19,"Red_Down","Yellow_Right","Green_Left","Blue_Left",-150,100,0,50,"Left"
19,3,20,"Red_Up","Yellow_Up","Green_Up","Blue_Up",100,100,0,50,"Right"
19,3,21,"Red_Up","Yellow_Up","Green_Left","Blue_Right",100,100,50,50,"Right"
19,3,22,"Red_Left","Yellow_Right","Green_Left","Blue_Left",-150,100,50,50,"Left"
19,3,23,"Red_Down","Yellow_Down","Green_Up","Blue_Down",-150,100,50,50,"Left"
19,3,24,"Red_Down","Yellow_Down","Green_Up","Blue_Up",-150,100,50,50,"Left"
19,3,25,"Red_Down","Yellow_Left","Green_Left","Blue_Left",-150,100,50,50,"Right"
19,3,26,"Red_Right","Yellow_Right","Green_Down","Blue_Left",100,100,50,50,"Down"
19,3,27,"Red_Right","Yellow_Left","Green_Right","Blue_Down",-150,100,0,-200,"Up"
19,3,28,"Red_Right","Yellow_Up","Green_Right","Blue_Right",100,100,50,50,"Up"
19,3,29,"Red_Down","Yellow_Right","Green_Right","Blue_Right",100,100,0,50,"Left"
19,3,30,"Red_Right","Yellow_Left","Green_Left","Blue_Right",-150,100,0,50,"Down"
19,3,31,"Red_Left","Yellow_Right","Green_Left","Blue_Up",-150,100,0,-200,"Right"
19,3,32,"Red_Left","Yellow_Right","Green_Left","Blue_Up",-150,100,50,50,"Down"
19,3,33,"Red_Left","Yellow_Up","Green_Down","Blue_Up",-150,100,50,50,"Down"
19,3,34,"Red_Up","Yellow_Down","Green_Up","Blue_Left",-150,-1150,50,50,"Down"
19,3,35,"Red_Left","Yellow_Left","Green_Left","Blue_Up",100,100,50,50,"Right"
19,3,36,"Red_Down","Yellow_Left","Green_Up","Blue_Right",-150,-1150,0,50,"Down"
19,3,37,"Red_Left","Yellow_Left","Green_Down","Blue_Down",100,100,50,50,"Down"
19,3,38,"Red_Left","Yellow_Left","Green_Up","Blue_Left",-150,100,0,50,"Down"
19,3,39,"Red_Right","Yellow_Up","Green_Left","Blue_Up",100,100,50,50,"Down"
19,3,40,"Red_Right","Yellow_Left","Green_Right","Blue_Right",100,-1150,0,50,"Right"
19,3,41,"Red_Down","Yellow_Up","Green_Left","Blue_Down",100,100,50,50,"Down"
19,3,42,"Red_Up","Yellow_Down","Green_Right","Blue_Left",100,100,50,-200,"Left"
19,3,43,"Red_Down","Yellow_Up","Green_Right","Blue_Down",100,-1150,0,50,"Down"
19,3,44,"Red_Left","Yellow_Down","Green_Up","Blue_Left",-150,100,50,50,"Right"
19,3,45,"Red_Right","Yellow_Down","Green_Left","Blue_Right",100,100,0,50,"Left"
19,3,46,"Red_Up","Yellow_Right","Green_Down","Blue_Up",100,100,0,50,"Right"
19,3,47,"Red_Down","Yellow_Up","Green_Left","Blue_Down",-150,100,0,50,"Left"
19,3,48,"Red_Right","Yellow_Right","Green_Up","Blue_Up",-150,100,0,-200,"Right"
19,3,49,"Red_Left","Yellow_Left","Green_Right","Blue_Left",-150,100,50,50,"Up"
19,3,50,"Red_Down","Yellow_Down","Green_Left","Blue_Down",-150,100,50,50,"Down"
19,4,1,"Red_Down","Yellow_Down","Green_Left","Blue_Down",100,100,0,50,"Up"
19,4,2,"Red_Left","Yellow_Up","Green_Up","Blue_Up",-150,100,50,50,"Right"
19,4,3,"Red_Right","Yellow_Down","Green_Down","Blue_Down",-150,100,50,50,"Left"
19,4,4,"Red_Up","Yellow_Left","Green_Right","Blue_Right",100,100,0,50,"Down"
19,4,5,"Red_Left","Yellow_Left","Green_Down","Blue_Left",100,100,50,50,"Up"
19,4,6,"Red_Left","Yellow_Down","Green_Up","Blue_Right",-150,100,0,50,"Up"
19,4,7,"Red_Right","Yellow_Left","Green_Left","Blue_Down",100,100,50,50,"Left"
19,4,8,"Red_Right","Yellow_Down","Green_Up","Blue_Right",100,100,0,50,"Up"
19,4,9,"Red_Down","Yellow_Right","Green_Right","Blue_Right",100,100,50,50,"Right"
19,4,10,"Red_Down","Yellow_Up","Green_Right","Blue_Left",100,100,50,50,"Down"
19,4,11,"Red_Right","Yellow_Left","Green_Down","Blue_Up",100,100,50,50,"Down"
19,4,12,"Red_Right","Yellow_Down","Green_Up","Blue_Down",-150,100,50,50,"Left"
19,4,13,"Red_Up","Yellow_Up","Green_Down","Blue_Down",100,-1150,0,50,"Right"
19,4,14,"Red_Right","Yellow_Up","Green_Left","Blue_Right",100,100,0,-200,"Right"
19,4,15,"Red_Right","Yellow_Left","Green_Right","Blue_Down",100,100,0,50,"Right"
19,4,16,"Red_Left","Yellow_Up","Green_Down","Blue_Up",-150,100,50,50,"Up"
19,4,17,"Red_Down","Yellow_Right","Green_Up","Blue_Down",-150,100,0,50,"Down"
19,4,18,"Red_Down","Yellow_Right","Green_Down","Blue_Left",-150,100,50,50,"Down"
19,4,19,"Red_Down","Yellow_Up","Green_Down","Blue_Left",-150,100,0,50,"Up"
19,4,20,"Red_Up","Yellow_Down","Green_Down","Blue_Right",-150,100,0,50,"Up"
19,4,21,"Red_Down","Yellow_Left","Green_Right","Blue_Right",-150,100,0,50,"Up"
19,4,22,"Red_Left","Yellow_Up","Green_Left","Blue_Up",100,100,50,50,"Up"
19,4,23,"Red_Up","Yellow_Up","Green_Up","Blue_Down",-150,100,0,50,"Down"
19,4,24,"Red_Up","Yellow_Right","Green_Up","Blue_Right",-150,100,0,50,"Up"
19,4,25,"Red_Left","Yellow_Right","Green_Down","Blue_Right",-150,100,0,50,"Right"
19,4,26,"Red_Right","Yellow_Down","Green_Up","Blue_Left",100,100,0,50,"Down"
19,4,27,"Red_Up","Yellow_Right","Green_Down","Blue_Down",100,100,50,50,"Left"
19,4,28,"Red_Down","Yellow_Up","Green_Up","Blue_Left",-150,100,50,50,"Down"
19,4,29,"Red_Left","Yellow_Up","Green_Up","Blue_Down",100,100,0,-200,"Right"
19,4,30,"Red_Up","Yellow_Up","Green_Left","Blue_Left",100,100,0,50,"Right"
19,4,31,"Red_Up","Yellow_Up","Green_Up","Blue_Right",100,-1150,50,-200,"Left"
19,4,32,"Red_Left","Yellow_Right","Green_Left","Blue_Left",-150,100,50,50,"Down"
19,4,33,"Red_Right","Yellow_Left","Green_Down","Blue_Left",-150,100,50,50,"Down"
19,4,34,"Red_Left","Yellow_Down","Green_Down","Blue_Left",100,100,50,50,"Up"
19,4,35,"Red_Left","Yellow_Up","Green_Down","Blue_Left",100,100,0,50,"Down"
19,4,36,"Red_Left","Yellow_Right","Green_Down","Blue_Down",100,-1150,0,50,"Down"
19,4,37,"Red_Left","Yellow_Up","Green_Up","Blue_Left",-150,100,50,-200,"Down"
19,4,38,"Red_Up","Yellow_Right","Green_Left","Blue_Up",-150,100,0,50,"Up"
19,4,39,"Red_Up","Yellow_Left","Green_Right","Blue_Left",-150,100,50,50,"Down"
19,4,40,"Red_Left","Yellow_Up","Green_Up","Blue_Right",-150,100,0,-200,"Down"
19,4,41,"Red_Left","Yellow_Up","Green_Up","Blue_Down",100,100,50,50,"Down"
19,4,42,"Red_Right","Yellow_Right","Green_Up","Blue_Right",-150,100,50,50,"Left"
19,4,43,"Red_Up","Yellow_Right","Green_Down","Blue_Right",100,100,50,50,"Up"
19,4,44,"Red_Left","Yellow_Down","Green_Up","Blue_Right",100,100,50,50,"Left"
19,4,45,"Red_Left","Yellow_Left","Green_Right","Blue_Down",100,100,0,50,"Up"
19,4,46,"Red_Right","Yellow_Down","Green_Right","Blue_Right",-150,-1150,0,50,"Up"
19,4,47,"Red_Right","Yellow_Left","Green_Right","Blue_Up",100,100,0,50,"Up"
19,4,48,"Red_Up","Yellow_Up","Green_Left","Blue_Up",-150,100,0,50,"Left"
19,4,49,"Red_Right","Yellow_Left","Green_Right","Blue_Left",-150,-1150,50,50,"Right"
19,4,50,"Red_Down","Yellow_Down","Green_Down","Blue_Down",-150,100,50,50,"Up"
19,5,1,"Red_Left","Yellow_Up","Green_Up","Blue_Right",-150,100,50,50,"Left"
19,5,2,"Red_Left","Yellow_Left","Green_Down","Blue_Left",100,100,50,50,"Down"
19,5,3,"Red_Right","Yellow_Down","Green_Down","Blue_Right",100,100,50,50,"Left"
19,5,4,"Red_Left","Yellow_Right","Green_Down","Blue_Right",-150,100,0,50,"Right"
19,5,5,"Red_Up","Yellow_Left","Green_Right","Blue_Right",-150,100,50,50,"Right"
19,5,6,"Red_Down","Yellow_Right","Green_Right","Blue_Left",100,100,0,50,"Left"
19,5,7,"Red_Left","Yellow_Up","Green_Right","Blue_Right",-150,100,0,50,"Right"
19,5,8,"Red_Down","Yellow_Down","Green_Left","Blue_Left",-150,100,0,50,"Right"
19,5,9,"Red_Left","Yellow_Down","Green_Up","Blue_Down",100,100,0,50,"Left"
19,5,10,"Red_Right","Yellow_Left","Green_Down","Blue_Down",-150,100,50,50,"Up"
19,5,11,"Red_Down","Yellow_Down","Green_Right","Blue_Down",100,100,50,50,"Left"
19,5,12,"Red_Up","Yellow_Up","Green_Right","Blue_Up",100,100,0,50,"Up"
19,5,13,"Red_Right","Yellow_Up","Green_Left","Blue_Right",100,100,50,50,"Left"
19,5,14,"Red_Down","Yellow_Up","Green_Right","Blue_Right",-150,100,50,50,"Down"
19,5,15,"Red_Left","Yellow_Down","Green_Right","Blue_Down",-150,-1150,0,-200,"Right"
19,5,16,"Red_Down","Yellow_Right","Green_Up","Blue_Left",-150,100,50,50,"Left"
19,5,17,"Red_Down","Yellow_Left","Green_Left","Blue_Down",100,-1150,50,50,"Down"
19,5,18,"Red_Up","Yellow_Up","Green_Up","Blue_Up",-150,100,50,50,"Up"
19,5,19,"Red_Right","Yellow_Right","Green_Down","Blue_Up",100,100,0,50,"Up"
19,5,20,"Red_Up","Yellow_Down","Green_Down","Blue_Down",100,100,0,50,"Left"
19,5,21,"Red_Right","Yellow_Right","Green_Right","Blue_Right",100,100,50,50,"Left"
19,5,22,"Red_Down","Yellow_Left","Green_Down","Blue_Down",100,100,0,50,"Up"
19,5,23,"Red_Down","Yellow_Right","Green_Up","Blue_Down",-150,100,50,50,"Up"
19,5,24,"Red_Right","Yellow_Left","Green_Left","Blue_Left",100,100,0,50,"Down"
19,5,25,"Red_Up","Yellow_Right","Green_Up","Blue_Right",-150,100,0,-200,"Left"
19,5,26,"Red_Down","Yellow_Right","Green_Right","Blue_Up",-150,100,0,50,"Left"
19,5,27,"Red_Right","Yellow_Up","Green_Down","Blue_Right",-150,100,0,50,"Right"
19,5,28,"Red_Down","Yellow_Up","Green_Right","Blue_Right",-150,100,50,-200,"Right"
19,5,29,"Red_Right","Yellow_Left","Green_Left","Blue_Down",100,-1150,50,50,"Up"
19,5,30,"Red_Up","Yellow_Left","Green_Left","Blue_Left",-150,100,50,50,"Down"
19,5,31,"Red_Right","Yellow_Down","Green_Down","Blue_Up",100,100,0,50,"Down"
19,5,32,"Red_Down","Yellow_Left","Green_Right","Blue_Down",-150,-1150,50,50,"Up"
19,5,33,"Red_Up","Yellow_Down","Green_Down","Blue_Left",100,100,50,50,"Down"
19,5,34,"Red_Down","Yellow_Right","Green_Up","Blue_Down",-150,100,50,-200,"Up"
19,5,35,"Red_Left","Yellow_Left","Green_Left","Blue_Down",-150,100,50,50,"Right"
19,5,36,"Red_Left","Yellow_Left","Green_Right","Blue_Up",100,100,0,50,"Up"
19,5,37,"Red_Down","Yellow_Up","Green_Right","Blue_Left",-150,100,0,50,"Left"
19,5,38,"Red_Up","Yellow_Down","Green_Up","Blue_Down",-150,100,50,50,"Up"
19,5,39,"Red_Up","Yellow_Up","Green_Down","Blue_Up",100,100,50,50,"Up"
19,5,40,"Red_Down","Yellow_Down","Green_Down","Blue_Up",100,100,50,50,"Left"
19,5,41,"Red_Up","Yellow_Left","Green_Down","Blue_Right",100,100,0,-200,"Down"
19,5,42,"Red_Down","Yellow_Up","Green_Up","Blue_Up",-150,100,0,50,"Left"
19,5,43,"Red_Down","Yellow_Down","Green_Down","Blue_Down",100,100,0,50,"Right"
19,5,44,"Red_Down","Yellow_Left","Green_Down","Blue_Down",100,-1150,50,50,"Up"
19,5,45,"Red_Up","Yellow_Left","Green_Left","Blue_Left",-150,100,0,50,"Down"
19,5,46,"Red_Down","Yellow_Down","Green_Left","Blue_Right",100,100,0,50,"Up"
19,5,47,"Red_Up","Yellow_Down","Green_Down","Blue_Up",100,100,0,50,"Right"
19,5,48,"Red_Left","Yellow_Left","Green_Right","Blue_Left",-150,100,0,50,"Up"
19,5,49,"Red_Up","Yellow_Left","Green_Up","Blue_Down",-150,100,50,50,"Left"
19,5,50,"Red_Left","Yellow_Up","Green_Up","Blue_Down",100,100,0,50,"Left"
19,6,1,"Red_Left","Yellow_Up","Green_Right","Blue_Up",-150,100,50,50,"Right"
19,6,2,"Red_Up","Yellow_Down","Green_Down","Blue_Left",-150,100,50,50,"Up"
19,6,3,"Red_Left","Yellow_Right","Green_Left","Blue_Right",-150,100,0,50,"Up"
19,6,4,"Red_Up","Yellow_Up","Green_Up","Blue_Right",100,100,50,-200,"Left"
19,6,5,"Red_Down","Yellow_Right","Green_Down","Blue_Up",-150,-1150,50,50,"Up"
19,6,6,"Red_Up","Yellow_Down","Green_Up","Blue_Right",100,100,0,50,"Right"
19,6,7,"Red_Right","Yellow_Left","Green_Up","Blue_Up",-150,100,50,50,"Right"
19,6,8,"Red_Up","Yellow_Left","Green_Down","Blue_Down",-150,100,50,50,"Right"
19,6,9,"Red_Down","Yellow_Right","Green_Left","Blue_Up",-150,100,0,50,"Left"
19,6,10,"Red_Up","Yellow_Down","Green_Right","Blue_Right",100,100,50,50,"Down"
19,6,11,"Red_Down","Yellow_Left","Green_Down","Blue_Down",-150,100,0,50,"Left"
19,6,12,"Red_Right","Yellow_Right","Green_Up","Blue_Down",100,-1150,50,50,"Right"
19,6,13,"Red_Up","Yellow_Up","Green_Up","Blue_Right",-150,100,50,50,"Right"
19,6,14,"Red_Down","Yellow_Left","Green_Up","Blue_Down",100,100,0,-200,"Up"
19,6,15,"Red_Up","Yellow_Up","Green_Left","Blue_Up",100,100,0,50,"Down"
19,6,16,"Red_Right","Yellow_Up","Green_Up","Blue_Left",100,100,0,50,"Down"
19,6,17,"Red_Left","Yellow_Up","Green_Up","Blue_Up",100,-1150,0,-200,"Right"
19,6,18,"Red_Right","Yellow_Down","Green_Up","Blue_Left",100,100,50,50,"Left"
19,6,19,"Red_Left","Yellow_Down","Green_Down","Blue_Down",100,100,0,50,"Down"
19,6,20,"Red_Right","Yellow_Down","Green_Right","Blue_Right",100,100,0,50,"Up"
19,6,21,"Red_Down","Yellow_Up","Green_Down","Blue_Right",-150,-1150,50,50,"Down"
19,6,22,"Red_Down","Yellow_Right","Green_Up","Blue_Right",-150,100,0,50,"Right"
19,6,23,"Red_Up","Yellow_Left","Green_Up","Blue_Down",-150,100,50,50,"Up"
19,6,24,"Red_Left","Yellow_Right","Green_Right","Blue_Up",100,100,0,50,"Left"
19,6,25,"Red_Left","Yellow_Left","Green_Right","Blue_Right",-150,100,0,50,"Right"
19,6,26,"Red_Right","Yellow_Up","Green_Down","Blue_Left",100,100,50,50,"Left"
19,6,27,"Red_Up","Yellow_Left","Green_Up","Blue_Right",100,100,50,50,"Down"
19,6,28,"Red_Right","Yellow_Up","Green_Up","Blue_Down",-150,100,0,50,"Right"
19,6,29,"Red_Up","Yellow_Right","Green_Left","Blue_Left",100,100,0,50,"Right"
19,6,30,"Red_Left","Yellow_Left","Green_Right","Blue_Down",100,100,0,50,"Left"
19,6,31,"Red_Right","Yellow_Down","Green_Down","Blue_Down",100,100,50,50,"Left"
19,6,32,"Red_Down","Yellow_Right","Green_Right","Blue_Left",-150,100,50,50,"Down"
19,6,33,"Red_Right","Yellow_Right","Green_Right","Blue_Left",-150,100,0,-200,"Right"
19,6,34,"Red_Right","Yellow_Left","Green_Left","Blue_Down",-150,100,0,50,"Up"
19,6,35,"Red_Right","Yellow_Up","Green_Right","Blue_Left",100,100,50,50,"Left"
19,6,36,"Red_Up","Yellow_Up","Green_Up","Blue_Up",-150,100,50,-200,"Left"
19,6,37,"Red_Up","Yellow_Up","Green_Right","Blue_Down",100,100,0,50,"Right"
19,6,38,"Red_Left","Yellow_Up","Green_Down","Blue_Up",-150,100,0,50,"Up"
19,6,39,"Red_Right","Yellow_Right","Green_Left","Blue_Down",-150,100,0,50,"Up"
19,6,40,"Red_Down","Yellow_Right","Green_Up","Blue_Right",-150,100,50,50,"Right"
19,6,41,"Red_Right","Yellow_Right","Green_Left","Blue_Up",100,100,0,50,"Down"
19,6,42,"Red_Right","Yellow_Down","Green_Left","Blue_Down",100,100,50,50,"Up"
19,6,43,"Red_Down","Yellow_Left","Green_Down","Blue_Up",-150,100,50,50,"Down"
19,6,44,"Red_Right","Yellow_Down","Green_Down","Blue_Right",100,100,50,50,"Down"
19,6,45,"Red_Right","Yellow_Left","Green_Down","Blue_Left",100,100,50,50,"Right"
19,6,46,"Red_Right","Yellow_Up","Green_Up","Blue_Left",-150,-1150,0,50,"Up"
19,6,47,"Red_Up","Yellow_Left","Green_Down","Blue_Right",100,100,50,50,"Right"
19,6,48,"Red_Up","Yellow_Right","Green_Down","Blue_Right",100,100,50,50,"Up"
19,6,49,"Red_Right","Yellow_Left","Green_Down","Blue_Down",-150,100,0,50,"Up"
19,6,50,"Red_Right","Yellow_Right","Green_Left","Blue_Up",-150,100,0,50,"Right"
20,1,1,"Red_Right","Yellow_Up","Green_Up","Blue_Left",-150,-1150,50,-200,"Right"
20,1,2,"Red_Down","Yellow_Left","Green_Up","Blue_Left",100,100,50,50,"Right"
20,1,3,"Red_Down","Yellow_Left","Green_Left","Blue_Up",100,100,0,50,"Right"
20,1,4,"Red_Left","Yellow_Down","Green_Up","Blue_Up",100,100,0,50,"Up"
20,1,5,"Red_Up","Yellow_Left","Green_Right","Blue_Down",100,100,50,-200,"Right"
20,1,6,"Red_Right","Yellow_Right","Green_Up","Blue_Down",100,100,50,50,"Up"
20,1,7,"Red_Right","Yellow_Up","Green_Up","Blue_Up",100,100,0,-200,"Right"
20,1,8,"Red_Left","Yellow_Left","Green_Right","Blue_Left",-150,100,0,50,"Up"
20,1,9,"Red_Left","Yellow_Right","Green_Down","Blue_Left",-150,100,0,50,"Left"
20,1,10,"Red_Up","Yellow_Right","Green_Right","Blue_Down",100,-1150,50,50,"Right"
20,1,11,"Red_Down","Yellow_Right","Green_Left","Blue_Right",-150,-1150,0,50,"Left"
20,1,12,"Red_Up","Yellow_Left","Green_Up","Blue_Right",100,100,0,50,"Right"
20,1,13,"Red_Right","Yellow_Down","Green_Down","Blue_Left",100,100,50,50,"Left"
20,1,14,"Red_Right","Yellow_Right","Green_Up","Blue_Right",100,100,0,50,"Down"
20,1,15,"Red_Left","Yellow_Left","Green_Down","Blue_Right",100,100,50,50,"Up"
20,1,16,"Red_Right","Yellow_Down","Green_Left","Blue_Left",-150,-1150,0,50,"Down"
20,1,17,"Red_Left","Yellow_Down","Green_Left","Blue_Up",-150,100,50,50,"Up"
20,1,18,"Red_Left","Yellow_Right","Green_Down","Blue_Left",-150,100,50,50,"Left"
20,1,19,"Red_Up","Yellow_Left","Green_Left","Blue_Down",-150,100,0,50,"Down"
20,1,20,"Red_Left","Yellow_Down","Green_Left","Blue_Left",100,100,0,50,"Left"
20,1,21,"Red_Up","Yellow_Up","Green_Up","Blue_Right",100,100,0,50,"Left"
20,1,22,"Red_Up","Yellow_Right","Green_Left","Blue_Right",-150,100,0,50,"Down"
20,1,23,"Red_Left","Yellow_Down","Green_Left","Blue_Left",-150,100,0,50,"Down"
20,1,24,"Red_Up","Yellow_Right","Green_Down","Blue_Right",100,100,50,50,"Up"
20,1,25,"Red_Down","Yellow_Down","Green_Down","Blue_Up",100,100,0,50,"Left"
20,1,26,"Red_Up","Yellow_Left","Green_Up","Blue_Right",-150,100,50,50,"Left"
20,1,27,"Red_Down","Yellow_Down","Green_Up","Blue_Down",100,100,0,50,"Right"
20,1,28,"Red_Right","Yellow_Right","Green_Right","Blue_Up",-150,100,50,50,"Down"
20,1,29,"Red_Left","Yellow_Up","Green_Down","Blue_Left",-150,100,50,50,"Down"
20,1,30,"Red_Right","Yellow_Left","Green_Down","Blue_Down",100,100,50,-200,"Right"
20,1,31,"Red_Right","Yellow_Left","Green_Right","Blue_Left",-150,100,50,-200,"Up"
20,1,32,"Red_Left","Yellow_Down","Green_Down","Blue_Left",100,100,50,50,"Down"
20,1,33,"Red_Down","Yellow_Up","Green_Left","Blue_Up",-150,100,0,50,"Left"
20,1,34,"Red_Left","Yellow_Left","Green_Left","Blue_Up",100,100,0,50,"Down"
20,1,35,"Red_Up","Yellow_Down","Green_Right","Blue_Right",100,100,50,50,"Right"
20,1,36,"Red_Up","Yellow_Down","Green_Right","Blue_Up",-150,100,0,50,"Up"
20,1,37,"Red_Left","Yellow_Down","Green_Up","Blue_Left",-150,100,50,50,"Up"
20,1,38,"Red_Up","Yellow_Left","Green_Up","Blue_Right",100,100,0,50,"Left"
20,1,39,"Red_Right","Yellow_Down","Green_Left","Blue_Left",100,100,50,50,"Left"
20,1,40,"Red_Left","Yellow_Right","Green_Down","Blue_Right",-150,100,0,50,"Left"
20,1,41,"Red_Down","Yellow_Right","Green_Up","Blue_Left",100,100,50,50,"Right"
20,1,42,"Red_Down","Yellow_Left","Green_Up","Blue_Left",-150,100,0,50,"Right"
20,1,43,"Red_Down","Yellow_Down","Green_Up","Blue_Right",-150,-1150,50,50,"Up"
20,1,44,"Red_Up","Yellow_Up","Green_Up","Blue_Down",-150,100,50,50,"Left"
20,1,45,"Red_Down","Yellow_Down","Green_Up","Blue_Right",100,100,0,50,"Left"
20,1,46,"Red_Right","Yellow_Down","Green_Left","Blue_Right",100,100,50,50,"Up"
20,1,47,"Red_Left","Yellow_Left","Green_Right","Blue_Up",-150,100,50,50,"Up"
20,1,48,"Red_Right","Yellow_Down","Green_Right","Blue_Up",-150,100,50,50,"Up"
20,1,49,"Red_Down","Yellow_Up","Green_Up","Blue_Right",-150,100,0,50,"Right"
20,1,50,"Red_Down","Yellow_Left","Green_Down","Blue_Right",-150,100,0,50,"Up"
20,2,1,"Red_Left","Yellow_Left","Green_Left","Blue_Down",100,100,50,50,"Down"
20,2,2,"Red_Left","Yellow_Left","Green_Left","Blue_Left",-150,100,50,50,"Right"
20,2,3,"Red_Up","Yellow_Right","Green_Up","Blue_Down",-150,100,50,50,"Up"
20,2,4,"Red_Right","Yellow_Down","Green_Down","Blue_Right",-150,100,0,50,"Right"
20,2,5,"Red_Right","Yellow_Left","Green_Up","Blue_Right",100,100,50,50,"Up"
20,2,6,"Red_Down","Yellow_Down","Green_Down","Blue_Left",100,100,50,-200,"Left"
20,2,7,"Red_Down","Yellow_Up","Green_Up","Blue_Up",-150,100,0,50,"Down"
20,2,8,"Red_Down","Yellow_Down","Green_Right","Blue_Right",100,100,50,-200,"Right"
20,2,9,"Red_Left","Yellow_Down","Green_Right","Blue_Right",100,100,0,50,"Down"
20,2,10,"Red_Up","Yellow_Down","Green_Right","Blue_Left",100,-1150,0,50,"Left"
20,2,11,"Red_Left","Yellow_Left","Green_Up","Blue_Up",100,100,0,50,"Up"
20,2,12,"Red_Up","Yellow_Down","Green_Up","Blue_Left",100,100,0,50,"Down"
20,2,13,"Red_Up","Yellow_Left","Green_Left","Blue_Up",100,-1150,50,50,"Right"
20,2,14,"Red_Left","Yellow_Up","Green_Down","Blue_Left",100,100,50,50,"Left"
20,2,15,"Red_Down","Yellow_Down","Green_Down","Blue_Up",100,100,0,50,"Right"
20,2,16,"Red_Up","Yellow_Right","Green_Left","Blue_Down",-150,100,50,50,"Down"
20,2,17,"Red_Left","Yellow_Down","Green_Up","Blue_Up",-150,100,50,50,"Up"
20,2,18,"Red_Down","Yellow_Right","Green_Down","Blue_Up",-150,100,0,50,"Down"
20,2,19,"Red_Right","Yellow_Down","Green_Up","Blue_Down",-150,100,0,50,"Up"
20,2,20,"Red_Left","Yellow_Left","Green_Left","Blue_Up",-150,100,50,50,"Down"
20,2,21,"Red_Left","Yellow_Up","Green_Left","Blue_Down",100,100,0,50,"Up"
20,2,22,"Red_Right","Yellow_Left","Green_Right","Blue_Up",100,100,0,50,"Down"
20,2,23,"Red_Right","Yellow_Right","Green_Up","Blue_Down",100,100,0,50,"Up"
20,2,24,"Red_Left","Yellow_Left","Green_Up","Blue_Left",100,100,50,50,"Down"
20,2,25,"Red_Down","Yellow_Right","Green_Right","Blue_Up",-150,100,0,50,"Right"
20,2,26,"Red_Up","Yellow_Down","Green_Left","Blue_Left",-150,100,0,50,"Down"
20,2,27,"Red_Down","Yellow_Down","Green_Down","Blue_Down",-150,100,50,50,"Up"
20,2,28,"Red_Down","Yellow_Left","Green_Down","Blue_Right",-150,100,50,50,"Left"
20,2,29,"Red_Up","Yellow_Up","Green_Left","Blue_Up",100,100,50,50,"Right"
20,2,30,"Red_Right","Yellow_Right","Green_Up","Blue_Down",-150,100,0,50,"Right"
20,2,31,"Red_Down","Yellow_Right","Green_Down","Blue_Up",100,-1150,50,50,"Right"
20,2,32,"Red_Left","Yellow_Left","Green_Down","Blue_Up",-150,100,0,50,"Left"
20,2,33,"Red_Left","Yellow_Right","Green_Up","Blue_Up",-150,100,50,50,"Up"
20,2,34,"Red_Right","Yellow_Up","Green_Right","Blue_Up",100,100,0,50,"Down"
20,2,35,"Red_Right","Yellow_Left","Green_Left","Blue_Right",-150,100,50,-200,"Up"
20,2,36,"Red_Up","Yellow_Up","Green_Right","Blue_Up",-150,100,0,50,"Down"
20,2,37,"Red_Left","Yellow_Left","Green_Left","Blue_Up",100,100,0,50,"Right"
20,2,38,"Red_Up","Yellow_Up","Green_Up","Blue_Left",-150,-1150,50,50,"Right"
20,2,39,"Red_Left","Yellow_Up","Green_Left","Blue_Right",100,100,0,-200,"Down"
20,2,40,"Red_Left","Yellow_Right","Green_Right","Blue_Down",100,100,50,50,"Left"
20,2,41,"Red_Left","Yellow_Right","Green_Right","Blue_Up",100,100,0,50,"Right"
20,2,42,"Red_Down","Yellow_Left","Green_Up","Blue_Up",100,100,0,50,"Left"
20,2,43,"Red_Up","Yellow_Left","Green_Down","Blue_Down",-150,100,0,50,"Up"
20,2,44,"Red_Right","Yellow_Left","Green_Right","Blue_Right",-150,100,0,50,"Right"
20,2,45,"Red_Down","Yellow_Left","Green_Right","Blue_Right",-150,100,50,50,"Left"
20,2,46,"Red_Right","Yellow_Right","Green_Right","Blue_Left",-150,100,0,-200,"Left"
20,2,47,"Red_Down","Yellow_Up","Green_Up","Blue_Right",100,100,50,50,"Up"
20,2,48,"Red_Down","Yellow_Right","Green_Right","Blue_Right",-150,-1150,50,50,"Down"
20,2,49,"Red_Up","Yellow_Left","Green_Left","Blue_Left",-150,100,50,50,"Left"
20,2,50,"Red_Left","Yellow_Down","Green_Up","Blue_Up",100,100,50,50,"Left"
20,3,1,"Red_Left","Yellow_Left","Green_Left","Blue_Up",100,100,0,50,"Left"
20,3,2,"Red_Down","Yellow_Up","Green_Up","Blue_Right",100,100,0,50,"Left"
20,3,3,"Red_Right","Yellow_Up","Green_Up","Blue_Left",100,100,0,50,"Up"
20,3,4,"Red_Right","Yellow_Left","Green_Down","Blue_Right",-150,100,50,50,"Right"
20,3,5,"Red_Right","Yellow_Left","Green_Down","Blue_Left",-150,100,50,50,"Left"
20,3,6,"Red_Up","Yellow_Right","Green_Up","Blue_Left",-150,100,50,50,"Left"
20,3,7,"Red_Up","Yellow_Down","Green_Right","Blue_Up",-150,-1150,0,50,"Down"
20,3,8,"Red_Up","Yellow_Right","Green_Up","Blue_Left",100,100,0,50,"Right"
20,3,9,"Red_Up","Yellow_Down","Green_Down","Blue_Right",-150,100,50,50,"Right"
20,3,10,"Red_Left","Yellow_Down","Green_Up","Blue_Left",100,100,0,50,"Up"
20,3,11,"Red_Up","Yellow_Up","Green_Left","Blue_Left",100,100,50,50,"Up"
20,3,12,"Red_Up","Yellow_Down","Green_Up","Blue_Down",-150,-1150,0,50,"Down"
20,3,13,"Red_Down","Yellow_Up","Green_Left","Blue_Right",100,100,0,50,"Right"
20,3,14,"Red_Left","Yellow_Down","Green_Up","Blue_Down",-150,100,50,50,"Left"
20,3,15,"Red_Down","Yellow_Right","Green_Up","Blue_Right",-150,100,50,50,"Down"
20,3,16,"Red_Right","Yellow_Up","Green_Left","Blue_Left",-150,100,50,50,"Down"
20,3,17,"Red_Left","Yellow_Left","Green_Left","Blue_Right",-150,100,50,50,"Left"
20,3,18,"Red_Down","Yellow_Left","Green_Left","Blue_Left",-150,100,50,50,"Down"
20,3,19,"Red_Up","Yellow_Right","Green_Left","Blue_Left",100,100,50,50,"Down"
20,3,20,"Red_Left","Yellow_Right","Green_Left","Blue_Up",100,100,0,50,"Left"
20,3,21,"Red_Left","Yellow_Up","Green_Up","Blue_Right",100,100,50,50,"Down"
20,3,22,"Red_Left","Yellow_Down","Green_Left","Blue_Right",100,100,50,50,"Up"
20,3,23,"Red_Down","Yellow_Left","Green_Up","Blue_Down",100,100,0,-200,"Up"
20,3,24,"Red_Right","Yellow_Up","Green_Right","Blue_Right",100,100,0,50,"Down"
20,3,25,"Red_Left","Yellow_Up","Green_Right","Blue_Down",-150,100,50,50,"Right"
20,3,26,"Red_Down","Yellow_Left","Green_Down","Blue_Up",100,-1150,50,50,"Down"
20,3,27,"Red_Down","Yellow_Right","Green_Right","Blue_Down",100,100,50,50,"Up"
20,3,28,"Red_Down","Yellow_Right","Green_Down","Blue_Down",100,100,0,50,"Down"
20,3,29,"Red_Down","Yellow_Up","Green_Up","Blue_Right",100,-1150,0,50,"Left"
20,3,30,"Red_Up","Yellow_Left","Green_Up","Blue_Up",100,100,50,50,"Up"
20,3,31,"Red_Left","Yellow_Right","Green_Right","Blue_Right",100,100,0,50,"Right"
20,3,32,"Red_Up","Yellow_Up","Green_Down","Blue_Up",-150,100,50,50,"Left"
20,3,33,"Red_Right","Yellow_Right","Green_Down","Blue_Right",100,100,0,-200,"Up"
20,3,34,"Red_Left","Yellow_Right","Green_Right","Blue_Down",-150,100,50,50,"Right"
20,3,35,"Red_Right","Yellow_Up","Green_Left","Blue_Up",100,100,0,50,"Right"
20,3,36,"Red_Left","Yellow_Left","Green_Down","Blue_Down",-150,100,50,50,"Right"
20,3,37,"Red_Left","Yellow_Left","Green_Down","Blue_Down",-150,100,50,50,"Down"
20,3,38,"Red_Up","Yellow_Down","Green_Right","Blue_Left",-150,100,0,50,"Left"
20,3,39,"Red_Down","Yellow_Right","Green_Down","Blue_Down",100,100,50,50,"Left"
20,3,40,"Red_Right","Yellow_Down","Green_Right","Blue_Up",-150,100,0,50,"Right"
20,3,41,"Red_Down","Yellow_Up","Green_Up","Blue_Up",-150,100,50,-200,"Left"
20,3,42,"Red_Down","Yellow_Right","Green_Down","Blue_Down",100,100,0,50,"Right"
20,3,43,"Red_Down","Yellow_Down","Green_Right","Blue_Up",100,100,0,50,"Up"
20,3,44,"Red_Down","Yellow_Up","Green_Right","Blue_Up",100,-1150,0,50,"Right"
20,3,45,"Red_Up","Yellow_Right","Green_Up","Blue_Right",-150,100,0,50,"Left"
20,3,46,"Red_Down","Yellow_Left","Green_Left","Blue_Up",-150,100,0,-200,"Up"
20,3,47,"Red_Down","Yellow_Down","Green_Left","Blue_Left",-150,100,50,50,"Left"
20,3,48,"Red_Left","Yellow_Right","Green_Right","Blue_Down",-150,100,0,-200,"Down"
20,3,49,"Red_Right","Yellow_Up","Green_Up","Blue_Right",-150,100,0,50,"Left"
20,3,50,"Red_Up","Yellow_Up","Green_Left","Blue_Right",-150,100,50,50,"Left"
20,4,1,"Red_Left","Yellow_Left","Green_Right","Blue_Down",-150,-1150,0,50,"Down"
20,4,2,"Red_Down","Yellow_Up","Green_Down","Blue_Up",-150,100,0,50,"Right"
20,4,3,"Red_Down","Yellow_Right","Green_Left","Blue_Left",100,100,50,-200,"Up"
20,4,4,"Red_Left","Yellow_Up","Green_Up","Blue_Down",100,100,0,50,"Down"
20,4,5,"Red_Up","Yellow_Up","Green_Left","Blue_Down",100,100,0,50,"Left"
20,4,6,"Red_Right","Yellow_Up","Green_Right","Blue_Up",100,-1150,50,50,"Down"
20,4,7,"Red_Right","Yellow_Right","Green_Up","Blue_Up",100,100,50,50,"Left"
20,4,8,"Red_Down","Yellow_Down","Green_Left","Blue_Down",-150,100,0,50,"Down"
20,4,9,"Red_Up","Yellow_Right","Green_Down","Blue_Up",100,100,50,50,"Down"
20,4,10,"Red_Left","Yellow_Right","Green_Down","Blue_Up",-150,100,0,50,"Right"
20,4,11,"Red_Down","Yellow_Left","Green_Right","Blue_Down",100,100,50,50,"Down"
20,4,12,"Red_Up","Yellow_Left","Green_Down","Blue_Up",100,100,0,50,"Right"
20,4,13,"Red_Up","Yellow_Up","Green_Right","Blue_Right",-150,100,50,50,"Down"
20,4,14,"Red_Down","Yellow_Left","Green_Down","Blue_Left",-150,100,0,50,"Left"
20,4,15,"Red_Right","Yellow_Down","Green_Up","Blue_Up",100,100,50,50,"Right"
20,4,16,"Red_Left","Yellow_Up","Green_Up","Blue_Down",100,100,50,50,"Up"
20,4,17,"Red_Down","Yellow_Down","Green_Left","Blue_Down",100,100,0,50,"Up"
20,4,18,"Red_Right","Yellow_Left","Green_Up","Blue_Down",100,100,0,50,"Up"
20,4,19,"Red_Down","Yellow_Left","Green_Up","Blue_Down",-150,100,0,50,"Up"
20,4,20,"Red_Right","Yellow_Up","Green_Left","Blue_Left",100,100,50,50,"Left"
20,4,21,"Red_Left","Yellow_Right","Green_Down","Blue_Down",-150,100,50,50,"Left"
20,4,22,"Red_Down","Yellow_Down","Green_Up","Blue_Down",100,100,0,50,"Down"
20,4,23,"Red_Up","Yellow_Up","Green_Down","Blue_Left",-150,100,0,50,"Right"
20,4,24,"Red_Right","Yellow_Left","Green_Up","Blue_Down",100,100,50,50,"Up"
20,4,25,"Red_Right","Yellow_Up","Green_Down","Blue_Down",-150,100,50,50,"Down"
20,4,26,"Red_Left","Yellow_Down","Green_Right","Blue_Right",-150,100,0,50,"Up"
20,4,27,"Red_Up","Yellow_Down","Green_Down","Blue_Down",-150,100,50,50,"Up"
20,4,28,"Red_Right","Yellow_Up","Green_Left","Blue_Left",-150,-1150,0,50,"Right"
20,4,29,"Red_Right","Yellow_Right","Green_Up","Blue_Up",100,100,0,-200,"Down"
20,4,30,"Red_Down","Yellow_Down","Green_Down","Blue_Right",100,100,50,50,"Up"
20,4,31,"Red_Right","Yellow_Left","Green_Right","Blue_Down",-150,100,50,-200,"Down"
20,4,32,"Red_Left","Yellow_Left","Green_Down","Blue_Down",-150,100,50,50,"Up"
20,4,33,"Red_Left","Yellow_Left","Green_Up","Blue_Right",-150,100,50,50,"Up"
20,4,34,"Red_Down","Yellow_Left","Green_Left","Blue_Up",-150,100,0,-200,"Right"
20,4,35,"Red_Down","Yellow_Left","Green_Right","Blue_Right",100,-1150,50,50,"Down"
20,4,36,"Red_Left","Yellow_Up","Green_Left","Blue_Left",100,100,50,50,"Down"
20,4,37,"Red_Right","Yellow_Up","Green_Down","Blue_Right",-150,100,50,50,"Down"
20,4,38,"Red_Left","Yellow_Down","Green_Down","Blue_Up",100,100,50,-200,"Right"
20,4,39,"Red_Down","Yellow_Down","Green_Right","Blue_Down",-150,100,50,50,"Right"
20,4,40,"Red_Right","Yellow_Down","Green_Right","Blue_Left",100,100,0,50,"Left"
20,4,41,"Red_Down","Yellow_Up","Green_Right","Blue_Down",100,100,0,50,"Up"
20,4,42,"Red_Down","Yellow_Right","Green_Left","Blue_Right",-150,100,50,50,"Up"
20,4,43,"Red_Down","Yellow_Right","Green_Left","Blue_Left",-150,-1150,50,50,"Up"
20,4,44,"Red_Down","Yellow_Up","Green_Left","Blue_Up",-150,100,0,50,"Right"
20,4,45,"Red_Left","Yellow_Right","Green_Left","Blue_Left",100,100,0,50,"Down"
20,4,46,"Red_Up","Yellow_Right","Green_Right","Blue_Left",-150,100,0,50,"Right"
20,4,47,"Red_Up","Yellow_Down","Green_Down","Blue_Left",100,100,50,50,"Up"
20,4,48,"Red_Down","Yellow_Left","Green_Left","Blue_Up",-150,100,0,50,"Down"
20,4,49,"Red_Up","Yellow_Down","Green_Down","Blue_Up",100,100,0,50,"Right"
20,4,50,"Red_Up","Yellow_Left","Green_Up","Blue_Right",-150,100,0,50,"Down"
20,5,1,"Red_Left","Yellow_Up","Green_Up","Blue_Up",-150,100,50,50,"Right"
20,5,2,"Red_Right","Yellow_Down","Green_Left","Blue_Left",-150,100,0,50,"Right"
20,5,3,"Red_Right","Yellow_Left","Green_Up","Blue_Left",100,100,50,50,"Left"
20,5,4,"Red_Left","Yellow_Up","Green_Down","Blue_Down",-150,100,0,50,"Up"
20,5,5,"Red_Left","Yellow_Down","Green_Up","Blue_Up",-150,100,50,50,"Up"
20,5,6,"Red_Left","Yellow_Down","Green_Down","Blue_Up",100,100,50,50,"Left"
20,5,7,"Red_Right","Yellow_Right","Green_Down","Blue_Down",100,100,0,50,"Left"
20,5,8,"Red_Left","Yellow_Right","Green_Up","Blue_Right",-150,100,50,50,"Left"
20,5,9,"Red_Left","Yellow_Up","Green_Right","Blue_Left",100,100,0,50,"Right"
20,5,10,"Red_Left","Yellow_Right","Green_Up","Blue_Left",-150,100,0,50,"Down"
20,5,11,"Red_Right","Yellow_Up","Green_Right","Blue_Up",-150,100,50,50,"Down"
20,5,12,"Red_Right","Yellow_Down","Green_Down","Blue_Right",-150,100,0,50,"Down"
20,5,13,"Red_Right","Yellow_Right","Green_Left","Blue_Down",-150,100,0,50,"Up"
20,5,14,"Red_Right","Yellow_Down","Green_Left","Blue_Right",-150,-1150,50,50,"Right"
20,5,15,"Red_Up","Yellow_Right","Green_Down","Blue_Left",100,100,50,50,"Up"
20,5,16,"Red_Down","Yellow_Right","Green_Up","Blue_Left",-150,100,50,50,"Right"
20,5,17,"Red_Left","Yellow_Right","Green_Up","Blue_Down",100,100,50,50,"Down"
20,5,18,"Red_Down","Yellow_Right","Green_Left","Blue_Left",100,-1150,0,-200,"Right"
20,5,19,"Red_Left","Yellow_Up","Green_Right","Blue_Right",-150,100,0,50,"Up"
20,5,20,"Red_Right","Yellow_Down","Green_Up","Blue_Up",-150,100,50,50,"Up"
20,5,21,"Red_Down","Yellow_Right","Green_Down","Blue_Down",-150,-1150,50,50,"Up"
20,5,22,"Red_Right","Yellow_Up","Green_Up","Blue_Down",-150,100,0,50,"Down"
20,5,23,"Red_Up","Yellow_Down","Green_Left","Blue_Up",-150,100,0,50,"Left"
20,5,24,"Red_Right","Yellow_Up","Green_Right","Blue_Left",100,100,0,50,"Left"
20,5,25,"Red_Left","Yellow_Right","Green_Up","Blue_Up",-150,100,0,50,"Left"
20,5,26,"Red_Up","Yellow_Left","Green_Left","Blue_Left",-150,100,0,-200,"Right"
20,5,27,"Red_Down","Yellow_Down","Green_Up","Blue_Left",100,100,50,50,"Up"
20,5,28,"Red_Up","Yellow_Right","Green_Down","Blue_Right",100,100,50,50,"Right"
20,5,29,"Red_Up","Yellow_Right","Green_Right","Blue_Left",100,100,0,50,"Up"
20,5,30,"Red_Right","Yellow_Left","Green_Left","Blue_Right",-150,100,0,-200,"Up"
20,5,31,"Red_Right","Yellow_Right","Green_Up","Blue_Down",-150,100,0,50,"Right"
20,5,32,"Red_Up","Yellow_Right","Green_Right","Blue_Up",100,100,50,50,"Right"
20,5,33,"Red_Left","Yellow_Right","Green_Down","Blue_Left",100,100,50,50,"Down"
20,5,34,"Red_Up","Yellow_Right","Green_Left","Blue_Left",100,100,50,50,"Left"
20,5,35,"Red_Left","Yellow_Down","Green_Right","Blue_Down",-150,100,50,50,"Right"
20,5,36,"Red_Right","Yellow_Right","Green_Up","Blue_Up",100,100,50,-200,"Left"
20,5,37,"Red_Down","Yellow_Right","Green_Up","Blue_Left",100,100,0,50,"Down"
20,5,38,"Red_Right","Yellow_Right","Green_Up","Blue_Right",100,100,50,50,"Right"
20,5,39,"Red_Right","Yellow_Up","Green_Down","Blue_Right",-150,100,0,50,"Left"
20,5,40,"Red_Right","Yellow_Up","Green_Up","Blue_Down",100,-1150,0,50,"Left"
20,5,41,"Red_Up","Yellow_Left","Green_Left","Blue_Right",100,100,50,50,"Down"
20,5,42,"Red_Left","Yellow_Up","Green_Right","Blue_Right",100,100,50,50,"Up"
20,5,43,"Red_Left","Yellow_Up","Green_Left","Blue_Up",-150,100,50,50,"Left"
20,5,44,"Red_Down","Yellow_Up","Green_Right","Blue_Right",100,100,0,50,"Down"
20,5,45,"Red_Left","Yellow_Down","Green_Right","Blue_Down",100,100,0,-200,"Right"
20,5,46,"Red_Up","Yellow_Down","Green_Left","Blue_Down",100,-1150,0,50,"Down"
20,5,47,"Red_Left","Yellow_Up","Green_Down","Blue_Down",100,100,0,50,"Up"
20,5,48,"Red_Left","Yellow_Down","Green_Right","Blue_Up",-150,100,0,50,"Left"
20,5,49,"Red_Up","Yellow_Left","Green_Right","Blue_Right",100,100,50,50,"Left"
20,5,50,"Red_Up","Yellow_Up","Green_Right","Blue_Left",-150,100,50,50,"Left"
20,6,1,"Red_Right","Yellow_Left","Green_Up","Blue_Left",100,100,0,50,"Right"
20,6,2,"Red_Up","Yellow_Right","Green_Right","Blue_Up",100,-1150,50,-200,"Down"
20,6,3,"Red_Right","Yellow_Left","Green_Right","Blue_Left",-150,100,50,50,"Left"
20,6,4,"Red_Down","Yellow_Down","Green_Right","Blue_Left",-150,100,0,50,"Up"
20,6,5,"Red_Right","Yellow_Down","Green_Right","Blue_Right",100,100,50,50,"Right"
20,6,6,"Red_Right","Yellow_Up","Green_Down","Blue_Right",-150,100,50,50,"Up"
20,6,7,"Red_Up","Yellow_Up","Green_Right","Blue_Up",-150,100,50,50,"Left"
20,6,8,"Red_Right","Yellow_Up","Green_Left","Blue_Left",-150,-1150,50,50,"Left"
20,6,9,"Red_Right","Yellow_Left","Green_Down","Blue_Up",-150,100,50,50,"Left"
20,6,10,"Red_Up","Yellow_Up","Green_Down","Blue_Left",100,100,0,50,"Down"
20,6,11,"Red_Up","Yellow_Right","Green_Right","Blue_Up",-150,100,0,50,"Right"
20,6,12,"Red_Up","Yellow_Down","Green_Left","Blue_Up",-150,100,0,-200,"Down"
20,6,13,"Red_Down","Yellow_Up","Green_Left","Blue_Right",100,100,0,50,"Right"
20,6,14,"Red_Up","Yellow_Up","Green_Up","Blue_Right",100,100,50,50,"Down"
20,6,15,"Red_Down","Yellow_Down","Green_Down","Blue_Left",-150,100,0,50,"Left"
20,6,16,"Red_Left","Yellow_Up","Green_Left","Blue_Down",100,100,0,50,"Right"
20,6,17,"Red_Up","Yellow_Right","Green_Down","Blue_Down",-150,-1150,0,50,"Right"
20,6,18,"Red_Left","Yellow_Left","Green_Down","Blue_Left",100,100,0,50,"Up"
20,6,19,"Red_Up","Yellow_Down","Green_Up","Blue_Up",100,-1150,0,50,"Down"
20,6,20,"Red_Right","Yellow_Left","Green_Up","Blue_Left",100,100,0,50,"Up"
20,6,21,"Red_Right","Yellow_Up","Green_Up","Blue_Right",100,100,50,50,"Up"
20,6,22,"Red_Left","Yellow_Right","Green_Up","Blue_Down",100,100,0,50,"Down"
20,6,23,"Red_Down","Yellow_Up","Green_Up","Blue_Left",-150,100,0,50,"Right"
20,6,24,"Red_Down","Yellow_Left","Green_Down","Blue_Left",-150,100,50,50,"Left"
20,6,25,"Red_Down","Yellow_Right","Green_Down","Blue_Right",100,100,0,50,"Left"
20,6,26,"Red_Right","Yellow_Down","Green_Up","Blue_Left",100,100,50,-200,"Left"
20,6,27,"Red_Up","Yellow_Right","Green_Down","Blue_Up",-150,100,50,50,"Down"
20,6,28,"Red_Right","Yellow_Right","Green_Up","Blue_Down",100,100,50,-200,"Left"
20,6,29,"Red_Left","Yellow_Right","Green_Right","Blue_Left",100,100,50,50,"Down"
20,6,30,"Red_Down","Yellow_Right","Green_Right","Blue_Left",-150,100,0,50,"Right"
20,6,31,"Red_Up","Yellow_Right","Green_Down","Blue_Right",100,100,50,50,"Left"
20,6,32,"Red_Up","Yellow_Right","Green_Left","Blue_Up",100,100,0,50,"Left"
20,6,33,"Red_Up","Yellow_Up","Green_Left","Blue_Up",-150,-1150,0,50,"Left"
20,6,34,"Red_Right","Yellow_Up","Green_Right","Blue_Up",-150,100,50,50,"Up"
20,6,35,"Red_Down","Yellow_Up","Green_Left","Blue_Left",-150,100,0,50,"Left"
20,6,36,"Red_Down","Yellow_Left","Green_Up","Blue_Left",100,100,0,50,"Right"
20,6,37,"Red_Right","Yellow_Down","Green_Left","Blue_Left",-150,100,50,50,"Left"
20,6,38,"Red_Down","Yellow_Down","Green_Left","Blue_Left",-150,100,50,50,"Up"
20,6,39,"Red_Down","Yellow_Left","Green_Up","Blue_Right",-150,100,0,50,"Right"
20,6,40,"Red_Left","Yellow_Right","Green_Down","Blue_Down",-150,100,50,50,"Left"
20,6,41,"Red_Right","Yellow_Right","Green_Right","Blue_Left",-150,100,0,50,"Right"
20,6,42,"Red_Left","Yellow_Down","Green_Right","Blue_Right",100,100,50,50,"Left"
20,6,43,"Red_Right","Yellow_Down","Green_Down","Blue_Left",-150,100,0,-200,"Left"
20,6,44,"Red_Left","Yellow_Up","Green_Up","Blue_Left",100,100,50,50,"Up"
20,6,45,"Red_Up","Yellow_Up","Green_Left","Blue_Up",100,100,50,50,"Left"
20,6,46,"Red_Right","Yellow_Up","Green_Right","Blue_Up",-150,100,50,50,"Left"
20,6,47,"Red_Left","Yellow_Down","Green_Up","Blue_Down",-150,100,0,50,"Left"
20,6,48,"Red_Right","Yellow_Left","Green_Up","Blue_Up",100,100,50,50,"Right"
20,6,49,"Red_Right","Yellow_Down","Green_Left","Blue_Up",100,100,50,50,"Down"
20,6,50,"Red_Left","Yellow_Down","Green_Right","Blue_Up",100,100,0,50,"Right"
21,1,1,"Red_Right","Yellow_Left","Green_Left","Blue_Right",100,100,50,50,"Up"
21,1,2,"Red_Left","Yellow_Down","Green_Right","Blue_Down",100,100,50,50,"Right"
21,1,3,"Red_Down","Yellow_Up","Green_Up","Blue_Down",100,100,0,50,"Down"
21,1,4,"Red_Down","Yellow_Left","Green_Down","Blue_Left",-150,100,50,50,"Right"
21,1,5,"Red_Down","Yellow_Left","Green_Down","Blue_Up",-150,100,50,50,"Right"
21,1,6,"Red_Down","Yellow_Down","Green_Right","Blue_Down",-150,100,50,-200,"Right"
21,1,7,"Red_Down","Yellow_Left","Green_Left","Blue_Left",-150,100,0,50,"Up"
21,1,8,"Red_Left","Yellow_Right","Green_Right","Blue_Right",100,100,50,50,"Down"
21,1,9,"Red_Left","Yellow_Left","Green_Down","Blue_Left",-150,-1150,0,50,"Down"
21,1,10,"Red_Up","Yellow_Up","Green_Down","Blue_Down",-150,100,0,-200,"Down"
21,1,11,"Red_Left","Yellow_Right","Green_Right","Blue_Up",-150,100,50,50,"Left"
21,1,12,"Red_Up","Yellow_Left","Green_Up","Blue_Right",100,100,50,50,"Left"
21,1,13,"Red_Down","Yellow_Down","Green_Up","Blue_Up",-150,100,0,50,"Right"
21,1,14,"Red_Up","Yellow_Left","Green_Left","Blue_Right",-150,100,0,50,"Up"
21,1,15,"Red_Up","Yellow_Right","Green_Left","Blue_Up",-150,100,0,50,"Left"
21,1,16,"Red_Left","Yellow_Up","Green_Left","Blue_Up",100,-1150,0,-200,"Right"
21,1,17,"Red_Up","Yellow_Left","Green_Right","Blue_Left",100,100,0,50,"Up"
21,1,18,"Red_Down","Yellow_Up","Green_Left","Blue_Right",-150,100,0,50,"Left"
21,1,19,"Red_Down","Yellow_Right","Green_Down","Blue_Left",-150,100,50,50,"Left"
21,1,20,"Red_Right","Yellow_Down","Green_Up","Blue_Right",-150,100,0,50,"Right"
21,1,21,"Red_Left","Yellow_Down","Green_Down","Blue_Up",100,100,0,50,"Up"
21,1,22,"Red_Left","Yellow_Down","Green_Right","Blue_Up",100,100,0,-200,"Right"
21,1,23,"Red_Up","Yellow_Up","Green_Left","Blue_Right",100,100,0,50,"Up"
21,1,24,"Red_Left","Yellow_Right","Green_Left","Blue_Right",100,-1150,50,50,"Up"
21,1,25,"Red_Left","Yellow_Up","Green_Left","Blue_Right",100,100,0,50,"Down"
21,1,26,"Red_Down","Yellow_Up","Green_Up","Blue_Left",-150,100,50,50,"Up"
21,1,27,"Red_Down","Yellow_Left","Green_Up","Blue_Right",100,100,0,50,"Up"
21,1,28,"Red_Up","Yellow_Left","Green_Down","Blue_Left",100,100,50,50,"Left"
21,1,29,"Red_Down","Yellow_Right","Green_Up","Blue_Down",100,100,50,50,"Left"
21,1,30,"Red_Right","Yellow_Right","Green_Right","Blue_Left",-150,-1150,50,50,"Left"
21,1,31,"Red_Down","Yellow_Down","Green_Up","Blue_Up",100,100,50,-200,"Left"
21,1,32,"Red_Left","Yellow_Up","Green_Right","Blue_Left",100,100,50,50,"Right"
21,1,33,"Red_Down","Yellow_Down","Green_Right","Blue_Left",-150,100,50,50,"Right"
21,1,34,"Red_Left","Yellow_Up","Green_Down","Blue_Right",-150,100,0,50,"Right"
21,1,35,"Red_Left","Yellow_Up","Green_Up","Blue_Right",-150,100,50,50,"Right"
21,1,36,"Red_Up","Yellow_Up","Green_Up","Blue_Down",100,100,50,50,"Down"
21,1,37,"Red_Left","Yellow_Left","Green_Left","Blue_Down",100,100,0,50,"Up"
21,1,38,"Red_Up","Yellow_Right","Green_Right","Blue_Down",-150,100,0,50,"Down"
21,1,39,"Red_Left","Yellow_Up","Green_Up","Blue_Right",-150,100,0,50,"Up"
21,1,40,"Red_Down","Yellow_Left","Green_Left","Blue_Up",100,100,0,50,"Up"
21,1,41,"Red_Left","Yellow_Left","Green_Down","Blue_Up",100,100,50,50,"Down"
21,1,42,"Red_Left","Yellow_Up","Green_Left","Blue_Right",100,-1150,0,50,"Left"
21,1,43,"Red_Right","Yellow_Down","Green_Right","Blue_Right",100,100,50,50,"Left"
21,1,44,"Red_Up","Yellow_Right","Green_Down","Blue_Left",100,100,50,50,"Left"
21,1,45,"Red_Right","Yellow_Down","Green_Down","Blue_Left",-150,100,0,50,"Up"
21,1,46,"Red_Right","Yellow_Down","Green_Left","Blue_Right",-150,100,50,50,"Up"
21,1,47,"Red_Up","Yellow_Left","Green_Up","Blue_Up",-150,100,50,50,"Left"
21,1,48,"Red_Left","Yellow_Down","Green_Right","Blue_Up",-150,100,0,50,"Right"
21,1,49,"Red_Up","Yellow_Right","Green_Up","Blue_Down",100,100,0,50,"Up"
21,1,50,"Red_Up","Yellow_Right","Green_Down","Blue_Down",-150,100,50,50,"Right"
21,2,1,"Red_Down","Yellow_Down","Green_Left","Blue_Down",100,100,50,50,"Left"
21,2,2,"Red_Down","Yellow_Down","Green_Up","Blue_Up",-150,100,0,50,"Up"
21,2,3,"Red_Right","Yellow_Left","Green_Right","Blue_Left",-150,100,0,50,"Left"
21,2,4,"Red_Down","Yellow_Right","Green_Down","Blue_Left",100,-1150,50,50,"Left"
21,2,5,"Red_Up","Yellow_Up","Green_Up","Blue_Left",-150,-1150,0,50,"Left"
21,2,6,"Red_Left","Yellow_Down","Green_Up","Blue_Left",100,100,0,50,"Down"
21,2,7,"Red_Right","Yellow_Down","Green_Down","Blue_Right",100,100,50,50,"Right"
21,2,8,"Red_Left","Yellow_Down","Green_Right","Blue_Right",100,100,50,50,"Left"
21,2,9,"Red_Up","Yellow_Right","Green_Left","Blue_Left",-150,100,0,50,"Up"
21,2,10,"Red_Right","Yellow_Down","Green_Right","Blue_Up",100,100,0,50,"Right"
21,2,11,"Red_Down","Yellow_Left","Green_Right","Blue_Left",-150,100,0,50,"Right"
21,2,12,"Red_Up","Yellow_Up","Green_Down","Blue_Right",-150,100,50,50,"Down"
21,2,13,"Red_Up","Yellow_Right","Green_Up","Blue_Up",-150,100,0,50,"Left"
21,2,14,"Red_Up","Yellow_Up","Green_Down","Blue_Right",-150,100,0,50,"Up"
21,2,15,"Red_Up","Yellow_Down","Green_Left","Blue_Right",100,100,0,50,"Down"
21,2,16,"Red_Down","Yellow_Up","Green_Left","Blue_Down",-150,100,0,50,"Left"
21,2,17,"Red_Left","Yellow_Up","Green_Right","Blue_Down",-150,100,50,50,"Down"
21,2,18,"Red_Left","Yellow_Up","Green_Down","Blue_Right",100,100,50,50,"Down"
21,2,19,"Red_Left","Yellow_Down","Green_Right","Blue_Down",100,100,50,50,"Up"
21,2,20,"Red_Down","Yellow_Left","Green_Up","Blue_Up",-150,100,50,-200,"Right"
21,2,21,"Red_Up","Yellow_Right","Green_Right","Blue_Down",100,100,50,50,"Down"
21,2,22,"Red_Down","Yellow_Up","Green_Right","Blue_Left",-150,-1150,50,50,"Up"
21,2,23,"Red_Right","Yellow_Left","Green_Right","Blue_Left",100,100,50,50,"Down"
21,2,24,"Red_Right","Yellow_Right","Green_Left","Blue_Left",100,100,0,50,"Up"
21,2,25,"Red_Right","Yellow_Right","Green_Left","Blue_Right",100,100,50,50,"Right"
21,2,26,"Red_Down","Yellow_Right","Green_Left","Blue_Left",100,100,0,50,"Up"
21,2,27,"Red_Right","Yellow_Left","Green_Down","Blue_Down",100,100,50,50,"Down"
21,2,28,"Red_Up","Yellow_Up","Green_Down","Blue_Right",100,100,50,50,"Down"
21,2,29,"Red_Down","Yellow_Right","Green_Down","Blue_Right",-150,100,0,50,"Left"
21,2,30,"Red_Left","Yellow_Left","Green_Left","Blue_Up",-150,100,0,-200,"Left"
21,2,31,"Red_Up","Yellow_Up","Green_Down","Blue_Down",-150,100,0,50,"Up"
21,2,32,"Red_Right","Yellow_Down","Green_Down","Blue_Up",-150,100,0,50,"Down"
21,2,33,"Red_Up","Yellow_Right","Green_Down","Blue_Up",100,-1150,50,50,"Up"
21,2,34,"Red_Left","Yellow_Up","Green_Left","Blue_Down",-150,100,0,50,"Right"
21,2,35,"Red_Up","Yellow_Right","Green_Up","Blue_Up",-150,100,50,50,"Right"
21,2,36,"Red_Down","Yellow_Right","Green_Up","Blue_Up",100,100,50,50,"Down"
21,2,37,"Red_Up","Yellow_Up","Green_Right","Blue_Right",100,100,0,50,"Down"
21,2,38,"Red_Up","Yellow_Up","Green_Up","Blue_Left",100,100,50,50,"Right"
21,2,39,"Red_Up","Yellow_Up","Green_Left","Blue_Down",100,100,0,50,"Down"
21,2,40,"Red_Left","Yellow_Left","Green_Up","Blue_Left",-150,100,0,50,"Right"
21,2,41,"Red_Right","Yellow_Right","Green_Right","Blue_Up",100,100,50,-200,"Up"
21,2,42,"Red_Up","Yellow_Down","Green_Left","Blue_Up",100,-1150,50,50,"Left"
21,2,43,"Red_Left","Yellow_Down","Green_Left","Blue_Right",100,100,50,50,"Right"
21,2,44,"Red_Down","Yellow_Left","Green_Up","Blue_Down",-150,100,0,-200,"Up"
21,2,45,"Red_Left","Yellow_Right","Green_Left","Blue_Up",-150,100,0,50,"Up"
21,2,46,"Red_Left","Yellow_Right","Green_Up","Blue_Right",-150,100,50,50,"Left"
21,2,47,"Red_Right","Yellow_Down","Green_Down","Blue_Down",100,100,50,50,"Down"
21,2,48,"Red_Down","Yellow_Right","Green_Left","Blue_Up",-150,100,0,50,"Down"
21,2,49,"Red_Left","Yellow_Left","Green_Up","Blue_Up",-150,100,50,-200,"Up"
21,2,50,"Red_Right","Yellow_Down","Green_Down","Blue_Down",-150,100,0,50,"Right"
21,3,1,"Red_Right","Yellow_Down","Green_Down","Blue_Left",100,-1150,0,50,"Up"
21,3,2,"Red_Down","Yellow_Down","Green_Up","Blue_Right",100,100,0,50,"Right"
21,3,3,"Red_Left","Yellow_Right","Green_Down","Blue_Right",100,100,50,-200,"Right"
21,3,4,"Red_Left","Yellow_Right","Green_Up","Blue_Up",100,100,0,50,"Right"
21,3,5,"Red_Down","Yellow_Up","Green_Up","Blue_Down",-150,100,50,50,"Right"
21,3,6,"Red_Right","Yellow_Down","Green_Up","Blue_Left",-150,-1150,0,-200,"Up"
21,3,7,"Red_Down","Yellow_Up","Green_Right","Blue_Left",-150,100,0,50,"Up"
21,3,8,"Red_Down","Yellow_Left","Green_Right","Blue_Up",100,100,0,50,"Up"
21,3,9,"Red_Up","Yellow_Left","Green_Right","Blue_Down",100,-1150,0,50,"Down"
21,3,10,"Red_Down","Yellow_Left","Green_Right","Blue_Right",100,100,50,50,"Down"
21,3,11,"Red_Left","Yellow_Down","Green_Up","Blue_Down",-150,-1150,50,-200,"Right"
21,3,12,"Red_Left","Yellow_Right","Green_Down","Blue_Up",100,100,50,50,"Right"
21,3,13,"Red_Right","Yellow_Left","Green_Up","Blue_Down",100,100,0,50,"Down"
21,3,14,"Red_Down","Yellow_Up","Green_Down","Blue_Down",-150,100,50,50,"Down"
21,3,15,"Red_Up","Yellow_Left","Green_Left","Blue_Up",-150,100,50,50,"Up"
21,3,16,"Red_Down","Yellow_Left","Green_Left","Blue_Up",-150,100,50,50,"Right"
21,3,17,"Red_Up","Yellow_Down","Green_Down","Blue_Up",100,100,0,50,"Up"
21,3,18,"Red_Down","Yellow_Down","Green_Left","Blue_Right",-150,100,0,50,"Right"
21,3,19,"Red_Left","Yellow_Up","Green_Up","Blue_Up",-150,100,0,50,"Right"
21,3,20,"Red_Up","Yellow_Down","Green_Down","Blue_Down",100,100,0,50,"Down"
21,3,21,"Red_Right","Yellow_Right","Green_Down","Blue_Left",-150,100,0,50,"Right"
21,3,22,"Red_Down","Yellow_Right","Green_Left","Blue_Right",-150,100,50,50,"Left"
21,3,23,"Red_Right","Yellow_Right","Green_Down","Blue_Left",100,100,50,50,"Left"
21,3,24,"Red_Right","Yellow_Left","Green_Down","Blue_Right",100,100,50,50,"Left"
21,3,25,"Red_Up","Yellow_Left","Green_Up","Blue_Down",-150,100,50,50,"Right"
21,3,26,"Red_Up","Yellow_Down","Green_Up","Blue_Left",100,100,0,50,"Right"
21,3,27,"Red_Down","Yellow_Right","Green_Right","Blue_Down",-150,100,50,50,"Left"
21,3,28,"Red_Up","Yellow_Right","Green_Up","Blue_Up",100,100,0,50,"Up"
21,3,29,"Red_Up","Yellow_Left","Green_Up","Blue_Left",100,100,0,50,"Up"
21,3,30,"Red_Up","Yellow_Right","Green_Down","Blue_Down",100,100,0,50,"Up"
21,3,31,"Red_Left","Yellow_Up","Green_Right","Blue_Up",100,100,50,-200,"Right"
21,3,32,"Red_Up","Yellow_Left","Green_Down","Blue_Down",-150,100,50,50,"Down"
21,3,33,"Red_Down","Yellow_Left","Green_Right","Blue_Down",100,100,50,50,"Up"
21,3,34,"Red_Left","Yellow_Down","Green_Right","Blue_Left",-150,-1150,50,50,"Up"
21,3,35,"Red_Left","Yellow_Up","Green_Down","Blue_Right",-150,100,0,50,"Down"
21,3,36,"Red_Up","Yellow_Left","Green_Right","Blue_Down",100,100,50,50,"Left"
21,3,37,"Red_Left","Yellow_Right","Green_Right","Blue_Up",-150,100,0,50,"Right"
21,3,38,"Red_Up","Yellow_Down","Green_Down","Blue_Down",100,100,50,50,"Up"
21,3,39,"Red_Left","Yellow_Left","Green_Down","Blue_Up",-150,100,0,50,"Up"
21,3,40,"Red_Right","Yellow_Right","Green_Right","Blue_Down",-150,100,50,50,"Right"
21,3,41,"Red_Left","Yellow_Up","Green_Right","Blue_Down",-150,100,50,50,"Down"
21,3,42,"Red_Left","Yellow_Down","Green_Right","Blue_Down",100,100,0,50,"Right"
21,3,43,"Red_Right","Yellow_Right","Green_Right","Blue_Up",100,100,0,50,"Down"
21,3,44,"Red_Left","Yellow_Down","Green_Down","Blue_Up",100,100,0,50,"Down"
21,3,45,"Red_Up","Yellow_Up","Green_Right","Blue_Up",-150,100,0,50,"Up"
21,3,46,"Red_Right","Yellow_Right","Green_Left","Blue_Down",-150,100,50,-200,"Right"
21,3,47,"Red_Right","Yellow_Up","Green_Right","Blue_Left",-150,100,50,50,"Right"
21,3,48,"Red_Right","Yellow_Right","Green_Down","Blue_Left",100,100,50,50,"Down"
21,3,49,"Red_Down","Yellow_Left","Green_Right","Blue_Down",-150,100,50,50,"Down"
21,3,50,"Red_Down","Yellow_Down","Green_Up","Blue_Down",-150,100,0,50,"Down"
21,4,1,"Red_Down","Yellow_Down","Green_Down","Blue_Up",100,-1150,0,50,"Down"
21,4,2,"Red_Down","Yellow_Down","Green_Left","Blue_Up",-150,100,50,50,"Right"
21,4,3,"Red_Up","Yellow_Left","Green_Down","Blue_Left",100,100,50,50,"Up"
21,4,4,"Red_Up","Yellow_Down","Green_Right","Blue_Down",100,100,50,50,"Down"
21,4,5,"Red_Up","Yellow_Down","Green_Up","Blue_Up",-150,100,50,-200,"Right"
21,4,6,"Red_Right","Yellow_Down","Green_Right","Blue_Left",-150,100,0,50,"Up"
21,4,7,"Red_Down","Yellow_Right","Green_Down","Blue_Right",-150,100,50,50,"Right"
21,4,8,"Red_Down","Yellow_Up","Green_Right","Blue_Left",100,100,50,50,"Right"
21,4,9,"Red_Left","Yellow_Down","Green_Right","Blue_Down",-150,100,0,50,"Down"
21,4,10,"Red_Left","Yellow_Up","Green_Right","Blue_Left",-150,100,0,50,"Down"
21,4,11,"Red_Left","Yellow_Down","Green_Left","Blue_Left",-150,100,50,-200,"Right"
21,4,12,"Red_Down","Yellow_Right","Green_Left","Blue_Right",-150,100,0,50,"Right"
21,4,13,"Red_Left","Yellow_Down","Green_Down","Blue_Left",-150,100,50,50,"Down"
21,4,14,"Red_Right","Yellow_Left","Green_Left","Blue_Right",100,100,0,50,"Down"
21,4,15,"Red_Left","Yellow_Up","Green_Right","Blue_Up",-150,100,50,50,"Down"
21,4,16,"Red_Up","Yellow_Down","Green_Down","Blue_Right",-150,100,50,50,"Down"
21,4,17,"Red_Up","Yellow_Left","Green_Up","Blue_Down",100,100,0,50,"Right"
21,4,18,"Red_Left","Yellow_Right","Green_Left","Blue_Left",-150,100,50,-200,"Down"
21,4,19,"Red_Left","Yellow_Right","Green_Up","Blue_Up",100,100,0,50,"Down"
21,4,20,"Red_Up","Yellow_Up","Green_Up","Blue_Right",-150,100,50,50,"Down"
21,4,21,"Red_Right","Yellow_Up","Green_Left","Blue_Down",100,100,0,50,"Up"
21,4,22,"Red_Up","Yellow_Up","Green_Up","Blue_Left",100,100,50,50,"Right"
21,4,23,"Red_Up","Yellow_Right","Green_Left","Blue_Down",100,100,0,50,"Up"
21,4,24,"Red_Down","Yellow_Up","Green_Up","Blue_Right",100,100,50,50,"Left"
21,4,25,"Red_Right","Yellow_Right","Green_Up","Blue_Down",-150,100,0,-200,"Right"
21,4,26,"Red_Right","Yellow_Right","Green_Right","Blue_Left",100,100,50,50,"Left"
21,4,27,"Red_Down","Yellow_Down","Green_Left","Blue_Up",100,100,0,50,"Left"
21,4,28,"Red_Up","Yellow_Down","Green_Left","Blue_Up",-150,100,50,50,"Down"
21,4,29,"Red_Right","Yellow_Right","Green_Left","Blue_Down",100,100,0,50,"Left"
21,4,30,"Red_Right","Yellow_Up","Green_Down","Blue_Left",-150,100,0,50,"Up"
21,4,31,"Red_Down","Yellow_Down","Green_Left","Blue_Up",-150,100,50,50,"Left"
21,4,32,"Red_Down","Yellow_Right","Green_Right","Blue_Left",100,-1150,0,50,"Up"
21,4,33,"Red_Right","Yellow_Down","Green_Down","Blue_Left",100,100,50,50,"Down"
21,4,34,"Red_Left","Yellow_Right","Green_Down","Blue_Down",100,100,0,50,"Up"
21,4,35,"Red_Up","Yellow_Right","Green_Left","Blue_Up",100,100,0,-200,"Right"
21,4,36,"Red_Down","Yellow_Up","Green_Left","Blue_Left",100,100,0,50,"Down"
21,4,37,"Red_Right","Yellow_Up","Green_Left","Blue_Up",-150,100,0,50,"Left"
21,4,38,"Red_Down","Yellow_Down","Green_Up","Blue_Right",100,100,50,50,"Up"
21,4,39,"Red_Up","Yellow_Down","Green_Left","Blue_Left",-150,100,0,50,"Up"
21,4,40,"Red_Right","Yellow_Down","Green_Up","Blue_Down",-150,100,50,50,"Left"
21,4,41,"Red_Up","Yellow_Left","Green_Down","Blue_Down",100,100,50,50,"Down"
21,4,42,"Red_Up","Yellow_Down","Green_Up","Blue_Up",-150,100,0,50,"Down"
21,4,43,"Red_Left","Yellow_Right","Green_Right","Blue_Up",100,100,0,50,"Down"
21,4,44,"Red_Up","Yellow_Down","Green_Up","Blue_Down",-150,-1150,50,50,"Down"
21,4,45,"Red_Down","Yellow_Up","Green_Left","Blue_Right",100,100,50,50,"Right"
21,4,46,"Red_Left","Yellow_Right","Green_Left","Blue_Up",-150,100,0,50,"Right"
21,4,47,"Red_Right","Yellow_Down","Green_Left","Blue_Up",100,-1150,0,50,"Down"
21,4,48,"Red_Up","Yellow_Up","Green_Left","Blue_Down",-150,100,50,50,"Left"
21,4,49,"Red_Up","Yellow_Up","Green_Right","Blue_Right",100,100,50,50,"Up"
21,4,50,"Red_Up","Yellow_Down","Green_Down","Blue_Right",-150,-1150,0,50,"Up"
21,5,1,"Red_Down","Yellow_Down","Green_Down","Blue_Up",-150,100,50,50,"Right"
21,5,2,"Red_Down","Yellow_Down","Green_Left","Blue_Down",100,-1150,0,50,"Up"
21,5,3,"Red_Up","Yellow_Right","Green_Down","Blue_Right",100,100,50,50,"Down"
21,5,4,"Red_Left","Yellow_Up","Green_Left","Blue_Down",100,100,50,50,"Left"
21,5,5,"Red_Right","Yellow_Right","Green_Up","Blue_Right",-150,-1150,0,50,"Down"
21,5,6,"Red_Down","Yellow_Left","Green_Left","Blue_Right",100,100,0,50,"Up"
21,5,7,"Red_Up","Yellow_Left","Green_Right","Blue_Right",100,-1150,50,50,"Up"
21,5,8,"Red_Left","Yellow_Up","Green_Right","Blue_Right",100,100,50,50,"Down"
21,5,9,"Red_Left","Yellow_Down","Green_Left","Blue_Right",-150,100,50,50,"Up"
21,5,10,"Red_Left","Yellow_Down","Green_Up","Blue_Left",-150,100,0,50,"Left"
21,5,11,"Red_Up","Yellow_Right","Green_Down","Blue_Right",-150,100,0,50,"Right"
21,5,12,"Red_Up","Yellow_Left","Green_Up","Blue_Left",-150,100,50,50,"Down"
21,5,13,"Red_Left","Yellow_Up","Green_Down","Blue_Right",100,100,50,50,"Left"
21,5,14,"Red_Down","Yellow_Up","Green_Up","Blue_Down",-150,100,0,-200,"Down"
21,5,15,"Red_Up","Yellow_Up","Green_Down","Blue_Up",100,100,0,50,"Left"
21,5,16,"Red_Right","Yellow_Left","Green_Right","Blue_Left",-150,100,50,50,"Left"
21,5,17,"Red_Up","Yellow_Up","Green_Right","Blue_Right",-150,100,0,50,"Down"
21,5,18,"Red_Down","Yellow_Right","Green_Up","Blue_Down",-150,100,50,50,"Down"
21,5,19,"Red_Right","Yellow_Left","Green_Right","Blue_Left",100,100,50,-200,"Left"
21,5,20,"Red_Up","Yellow_Right","Green_Left","Blue_Left",-150,100,0,50,"Up"
21,5,21,"Red_Right","Yellow_Up","Green_Left","Blue_Right",100,100,50,50,"Right"
21,5,22,"Red_Up","Yellow_Right","Green_Down","Blue_Left",-150,100,50,50,"Down"
21,5,23,"Red_Down","Yellow_Up","Green_Up","Blue_Left",100,100,0,50,"Down"
21,5,24,"Red_Down","Yellow_Left","Green_Up","Blue_Right",100,100,0,50,"Right"
21,5,25,"Red_Up","Yellow_Right","Green_Down","Blue_Up",100,100,0,-200,"Right"
21,5,26,"Red_Up","Yellow_Left","Green_Up","Blue_Right",-150,-1150,0,50,"Up"
21,5,27,"Red_Right","Yellow_Right","Green_Up","Blue_Right",100,100,50,50,"Down"
21,5,28,"Red_Left","Yellow_Right","Green_Down","Blue_Right",100,100,50,50,"Down"
21,5,29,"Red_Up","Yellow_Down","Green_Right","Blue_Right",100,100,50,50,"Right"
21,5,30,"Red_Up","Yellow_Down","Green_Left","Blue_Left",100,100,0,50,"Left"
21,5,31,"Red_Down","Yellow_Down","Green_Down","Blue_Right",-150,100,50,50,"Right"
21,5,32,"Red_Right","Yellow_Left","Green_Up","Blue_Down",-150,100,0,50,"Left"
21,5,33,"Red_Up","Yellow_Right","Green_Up","Blue_Right",-150,100,50,50,"Right"
21,5,34,"Red_Up","Yellow_Left","Green_Up","Blue_Up",-150,100,50,50,"Down"
21,5,35,"Red_Down","Yellow_Down","Green_Right","Blue_Up",100,100,0,50,"Down"
21,5,36,"Red_Down","Yellow_Up","Green_Right","Blue_Right",100,100,50,-200,"Up"
21,5,37,"Red_Up","Yellow_Left","Green_Up","Blue_Down",-150,100,50,50,"Down"
21,5,38,"Red_Down","Yellow_Up","Green_Left","Blue_Down",-150,100,50,-200,"Left"
21,5,39,"Red_Right","Yellow_Up","Green_Left","Blue_Left",100,100,50,50,"Left"
21,5,40,"Red_Down","Yellow_Right","Green_Right","Blue_Up",-150,100,0,50,"Down"
21,5,41,"Red_Down","Yellow_Up","Green_Down","Blue_Right",-150,100,0,50,"Up"
21,5,42,"Red_Left","Yellow_Left","Green_Up","Blue_Up",100,100,50,50,"Left"
21,5,43,"Red_Right","Yellow_Right","Green_Down","Blue_Down",100,100,0,50,"Left"
21,5,44,"Red_Right","Yellow_Left","Green_Up","Blue_Up",100,100,0,50,"Down"
21,5,45,"Red_Down","Yellow_Down","Green_Left","Blue_Up",-150,100,50,50,"Up"
21,5,46,"Red_Down","Yellow_Left","Green_Right","Blue_Up",100,-1150,0,50,"Up"
21,5,47,"Red_Left","Yellow_Up","Green_Right","Blue_Up",-150,100,0,50,"Up"
21,5,48,"Red_Down","Yellow_Left","Green_Down","Blue_Right",-150,100,0,50,"Right"
21,5,49,"Red_Right","Yellow_Down","Green_Down","Blue_Left",100,100,0,50,"Right"
21,5,50,"Red_Right","Yellow_Right","Green_Right","Blue_Up",-150,100,0,50,"Up"
21,6,1,"Red_Up","Yellow_Up","Green_Left","Blue_Down",-150,-1150,0,50,"Right"
21,6,2,"Red_Up","Yellow_Left","Green_Right","Blue_Left",-150,100,50,50,"Down"
21,6,3,"Red_Left","Yellow_Up","Green_Right","Blue_Down",-150,100,0,50,"Up"
21,6,4,"Red_Left","Yellow_Left","Green_Up","Blue_Up",100,-1150,50,50,"Down"
21,6,5,"Red_Down","Yellow_Left","Green_Up","Blue_Up",-150,100,0,50,"Right"
21,6,6,"Red_Up","Yellow_Left","Green_Down","Blue_Right",100,100,0,50,"Down"
21,6,7,"Red_Up","Yellow_Left","Green_Right","Blue_Left",-150,100,0,50,"Down"
21,6,8,"Red_Left","Yellow_Down","Green_Right","Blue_Up",100,-1150,0,50,"Up"
21,6,9,"Red_Up","Yellow_Left","Green_Up","Blue_Left",100,100,50,50,"Left"
21,6,10,"Red_Left","Yellow_Up","Green_Left","Blue_Down",100,100,0,50,"Right"
21,6,11,"Red_Right","Yellow_Up","Green_Down","Blue_Down",100,-1150,0,50,"Left"
21,6,12,"Red_Left","Yellow_Down","Green_Left","Blue_Down",-150,100,50,50,"Up"
21,6,13,"Red_Left","Yellow_Down","Green_Up","Blue_Left",100,100,0,50,"Left"
21,6,14,"Red_Up","Yellow_Down","Green_Right","Blue_Up",-150,100,0,-200,"Up"
21,6,15,"Red_Down","Yellow_Right","Green_Down","Blue_Left",-150,100,50,-200,"Left"
21,6,16,"Red_Left","Yellow_Left","Green_Right","Blue_Down",100,100,50,50,"Left"
21,6,17,"Red_Left","Yellow_Left","Green_Right","Blue_Right",100,100,0,50,"Left"
21,6,18,"Red_Right","Yellow_Down","Green_Left","Blue_Right",100,100,0,50,"Up"
21,6,19,"Red_Down","Yellow_Left","Green_Down","Blue_Left",-150,-1150,50,50,"Left"
21,6,20,"Red_Left","Yellow_Down","Green_Left","Blue_Down",-150,100,0,50,"Right"
21,6,21,"Red_Left","Yellow_Right","Green_Right","Blue_Right",-150,100,50,50,"Up"
21,6,22,"Red_Up","Yellow_Right","Green_Left","Blue_Left",-150,100,0,50,"Up"
21,6,23,"Red_Up","Yellow_Left","Green_Left","Blue_Right",100,100,50,50,"Down"
21,6,24,"Red_Down","Yellow_Right","Green_Up","Blue_Up",100,100,50,50,"Up"
21,6,25,"Red_Up","Yellow_Left","Green_Left","Blue_Up",100,100,0,50,"Down"
21,6,26,"Red_Up","Yellow_Right","Green_Left","Blue_Down",100,100,50,50,"Left"
21,6,27,"Red_Right","Yellow_Down","Green_Up","Blue_Right",100,100,50,50,"Left"
21,6,28,"Red_Down","Yellow_Up","Green_Down","Blue_Down",-150,100,0,50,"Down"
21,6,29,"Red_Left","Yellow_Down","Green_Right","Blue_Left",100,100,50,-200,"Up"
21,6,30,"Red_Down","Yellow_Down","Green_Right","Blue_Up",100,100,0,50,"Left"
21,6,31,"Red_Left","Yellow_Up","Green_Left","Blue_Left",-150,100,0,50,"Left"
21,6,32,"Red_Left","Yellow_Left","Green_Left","Blue_Left",100,100,50,50,"Up"
21,6,33,"Red_Up","Yellow_Down","Green_Right","Blue_Down",-150,100,50,50,"Down"
21,6,34,"Red_Up","Yellow_Down","Green_Right","Blue_Up",-150,100,50,50,"Up"
21,6,35,"Red_Up","Yellow_Up","Green_Right","Blue_Up",-150,100,50,50,"Right"
21,6,36,"Red_Down","Yellow_Up","Green_Up","Blue_Down",100,100,0,50,"Right"
21,6,37,"Red_Down","Yellow_Right","Green_Left","Blue_Up",100,100,0,50,"Right"
21,6,38,"Red_Left","Yellow_Up","Green_Up","Blue_Up",-150,100,0,50,"Left"
21,6,39,"Red_Up","Yellow_Left","Green_Right","Blue_Right",-150,100,0,-200,"Down"
21,6,40,"Red_Down","Yellow_Left","Green_Up","Blue_Right",-150,100,0,-200,"Up"
21,6,41,"Red_Down","Yellow_Left","Green_Down","Blue_Down",-150,100,50,50,"Up"
21,6,42,"Red_Left","Yellow_Down","Green_Up","Blue_Left",100,100,50,50,"Down"
21,6,43,"Red_Left","Yellow_Right","Green_Up","Blue_Left",100,100,50,50,"Left"
21,6,44,"Red_Up","Yellow_Up","Green_Up","Blue_Right",-150,100,50,50,"Down"
21,6,45,"Red_Down","Yellow_Right","Green_Down","Blue_Down",-150,100,50,50,"Left"
21,6,46,"Red_Up","Yellow_Down","Green_Down","Blue_Down",100,100,50,50,"Right"
21,6,47,"Red_Left","Yellow_Up","Green_Up","Blue_Up",100,100,50,50,"Right"
21,6,48,"Red_Up","Yellow_Down","Green_Up","Blue_Up",-150,100,50,50,"Up"
21,6,49,"Red_Up","Yellow_Left","Green_Right","Blue_Right",100,100,0,50,"Down"
21,6,50,"Red_Down","Yellow_Left","Green_Down","Blue_Left",-150,100,0,50,"Up"
22,1,1,"Red_Right","Yellow_Up","Green_Right","Blue_Up",-150,100,50,50,"Down"
22,1,2,"Red_Down","Yellow_Down","Green_Left","Blue_Up",100,100,0,50,"Down"
22,1,3,"Red_Down","Yellow_Up","Green_Right","Blue_Left",100,100,0,-200,"Down"
22,1,4,"Red_Up","Yellow_Right","Green_Right","Blue_Left",-150,-1150,0,50,"Left"
22,1,5,"Red_Right","Yellow_Right","Green_Down","Blue_Up",-150,100,50,50,"Right"
22,1,6,"Red_Left","Yellow_Up","Green_Left","Blue_Right",100,100,0,50,"Down"
22,1,7,"Red_Left","Yellow_Right","Green_Right","Blue_Down",100,100,0,50,"Up"
22,1,8,"Red_Left","Yellow_Right","Green_Down","Blue_Right",-150,100,50,50,"Up"
22,1,9,"Red_Left","Yellow_Down","Green_Right","Blue_Left",100,100,0,50,"Left"
22,1,10,"Red_Down","Yellow_Down","Green_Up","Blue_Left",-150,100,0,50,"Left"
22,1,11,"Red_Right","Yellow_Down","Green_Left","Blue_Up",-150,100,0,50,"Left"
22,1,12,"Red_Up","Yellow_Right","Green_Up","Blue_Up",-150,-1150,0,50,"Up"
22,1,13,"Red_Right","Yellow_Right","Green_Down","Blue_Left",-150,100,50,50,"Down"
22,1,14,"Red_Right","Yellow_Down","Green_Up","Blue_Down",-150,100,0,50,"Down"
22,1,15,"Red_Up","Yellow_Up","Green_Right","Blue_Left",100,100,0,50,"Down"
22,1,16,"Red_Right","Yellow_Up","Green_Left","Blue_Right",100,100,50,50,"Right"
22,1,17,"Red_Left","Yellow_Up","Green_Left","Blue_Up",-150,100,50,-200,"Up"
22,1,18,"Red_Up","Yellow_Up","Green_Down","Blue_Down",100,100,50,50,"Right"
22,1,19,"Red_Left","Yellow_Up","Green_Up","Blue_Up",100,100,0,50,"Left"
22,1,20,"Red_Up","Yellow_Left","Green_Up","Blue_Down",100,100,0,50,"Down"
22,1,21,"Red_Down","Yellow_Right","Green_Up","Blue_Down",-150,100,0,50,"Up"
22,1,22,"Red_Left","Yellow_Left","Green_Right","Blue_Left",-150,100,50,50,"Right"
22,1,23,"Red_Down","Yellow_Up","Green_Up","Blue_Left",-150,100,0,50,"Left"
22,1,24,"Red_Up","Yellow_Right","Green_Right","Blue_Right",100,100,50,50,"Down"
22,1,25,"Red_Left","Yellow_Up","Green_Right","Blue_Down",100,100,50,50,"Left"
22,1,26,"Red_Left","Yellow_Down","Green_Up","Blue_Right",-150,100,0,50,"Right"
22,1,27,"Red_Right","Yellow_Up","Green_Right","Blue_Down",-150,100,0,50,"Right"
22,1,28,"Red_Right","Yellow_Down","Green_Right","Blue_Down",100,-1150,0,50,"Left"
22,1,29,"Red_Down","Yellow_Left","Green_Down","Blue_Down",100,100,50,50,"Right"
22,1,30,"Red_Left","Yellow_Left","Green_Right","Blue_Right",100,100,50,50,"Up"
22,1,31,"Red_Left","Yellow_Left","Green_Left","Blue_Left",-150,100,50,50,"Right"
22,1,32,"Red_Right","Yellow_Up","Green_Left","Blue_Down",-150,100,50,50,"Left"
22,1,33,"Red_Up","Yellow_Left","Green_Left","Blue_Down",-150,100,50,-200,"Down"
22,1,34,"Red_Up","Yellow_Right","Green_Left","Blue_Right",-150,100,0,50,"Up"
22,1,35,"Red_Down","Yellow_Down","Green_Right","Blue_Right",-150,100,50,50,"Right"
22,1,36,"Red_Right","Yellow_Up","Green_Up","Blue_Up",-150,100,50,50,"Right"
22,1,37,"Red_Left","Yellow_Up","Green_Right","Blue_Right",-150,100,0,50,"Up"
22,1,38,"Red_Down","Yellow_Left","Green_Down","Blue_Up",100,100,50,50,"Left"
22,1,39,"Red_Up","Yellow_Up","Green_Right","Blue_Right",-150,100,50,-200,"Down"
22,1,40,"Red_Right","Yellow_Down","Green_Right","Blue_Up",100,100,0,-200,"Right"
22,1,41,"Red_Up","Yellow_Up","Green_Down","Blue_Up",100,100,50,50,"Left"
22,1,42,"Red_Up","Yellow_Down","Green_Right","Blue_Left",100,100,0,50,"Up"
22,1,43,"Red_Down","Yellow_Down","Green_Right","Blue_Left",100,-1150,0,50,"Down"
22,1,44,"Red_Down","Yellow_Down","Green_Right","Blue_Left",100,100,0,50,"Down"
22,1,45,"Red_Left","Yellow_Left","Green_Right","Blue_Left",-150,100,50,50,"Down"
22,1,46,"Red_Up","Yellow_Down","Green_Left","Blue_Down",100,100,50,50,"Down"
22,1,47,"Red_Left","Yellow_Up","Green_Down","Blue_Up",100,100,50,50,"Left"
22,1,48,"Red_Down","Yellow_Left","Green_Left","Blue_Up",100,100,0,50,"Down"
22,1,49,"Red_Left","Yellow_Left","Green_Up","Blue_Down",-150,100,50,50,"Down"
22,1,50,"Red_Down","Yellow_Down","Green_Left","Blue_Up",100,-1150,50,50,"Right"
22,2,1,"Red_Right","Yellow_Left","Green_Left","Blue_Left",-150,100,0,50,"Right"
22,2,2,"Red_Right","Yellow_Down","Green_Up","Blue_Left",100,100,0,50,"Right"
22,2,3,"Red_Down","Yellow_Right","Green_Left","Blue_Down",-150,100,50,50,"Down"
22,2,4,"Red_Left","Yellow_Right","Green_Right","Blue_Up",100,100,50,-200,"Right"
22,2,5,"Red_Up","Yellow_Down","Green_Right","Blue_Left",100,100,50,-200,"Up"
22,2,6,"Red_Left","Yellow_Left","Green_Down","Blue_Down",-150,100,50,50,"Down"
22,2,7,"Red_Down","Yellow_Left","Green_Down","Blue_Right",-150,100,0,-200,"Up"
22,2,8,"Red_Right","Yellow_Left","Green_Up","Blue_Left",-150,-1150,0,50,"Right"
22,2,9,"Red_Down","Yellow_Right","Green_Up","Blue_Down",100,100,50,50,"Right"
22,2,10,"Red_Right","Yellow_Right","Green_Up","Blue_Right",100,100,50,50,"Left"
22,2,11,"Red_Down","Yellow_Left","Green_Left","Blue_Right",100,100,0,50,"Up"
22,2,12,"Red_Up","Yellow_Right","Green_Left","Blue_Left",-150,100,0,50,"Right"
22,2,13,"Red_Left","Yellow_Up","Green_Right","Blue_Left",100,100,0,50,"Up"
22,2,14,"Red_Right","Yellow_Down","Green_Down","Blue_Right",-150,-1150,50,-200,"Down"
22,2,15,"Red_Left","Yellow_Down","Green_Up","Blue_Right",-150,100,50,50,"Down"
22,2,16,"Red_Right","Yellow_Up","Green_Right","Blue_Left",100,100,50,50,"Down"
22,2,17,"Red_Left","Yellow_Left","Green_Right","Blue_Down",-150,100,0,50,"Down"
22,2,18,"Red_Up","Yellow_Up","Green_Down","Blue_Left",100,100,0,50,"Down"
22,2,19,"Red_Right","Yellow_Up","Green_Up","Blue_Left",-150,100,50,50,"Right"
22,2,20,"Red_Down","Yellow_Left","Green_Up","Blue_Up",100,100,50,50,"Left"
22,2,21,"Red_Right","Yellow_Down","Green_Up","Blue_Left",-150,100,0,50,"Right"
22,2,22,"Red_Left","Yellow_Down","Green_Down","Blue_Up",-150,100,0,50,"Right"
22,2,23,"Red_Right","Yellow_Left","Green_Up","Blue_Right",100,100,0,50,"Left"
22,2,24,"Red_Right","Yellow_Down","Green_Up","Blue_Left",100,-1150,0,50,"Left"
22,2,25,"Red_Up","Yellow_Left","Green_Right","Blue_Right",-150,100,50,50,"Down"
22,2,26,"Red_Left","Yellow_Left","Green_Up","Blue_Down",-150,100,50,50,"Up"
22,2,27,"Red_Up","Yellow_Left","Green_Right","Blue_Down",100,100,0,50,"Up"
22,2,28,"Red_Right","Yellow_Right","Green_Down","Blue_Right",100,-1150,0,50,"Up"
22,2,29,"Red_Left","Yellow_Right","Green_Right","Blue_Left",-150,100,0,50,"Right"
22,2,30,"Red_Down","Yellow_Down","Green_Up","Blue_Right",-150,100,0,50,"Down"
22,2,31,"Red_Right","Yellow_Right","Green_Up","Blue_Left",100,100,50,50,"Left"
22,2,32,"Red_Left","Yellow_Left","Green_Down","Blue_Down",100,100,50,50,"Down"
22,2,33,"Red_Left","Yellow_Right","Green_Down","Blue_Down",-150,100,50,50,"Down"
22,2,34,"Red_Left","Yellow_Right","Green_Right","Blue_Up",100,100,0,50,"Down"
22,2,35,"Red_Up","Yellow_Down","Green_Right","Blue_Right",-150,100,50,50,"Down"
22,2,36,"Red_Left","Yellow_Up","Green_Left","Blue_Down",-150,100,0,50,"Down"
22,2,37,"Red_Down","Yellow_Down","Green_Up","Blue_Left",100,100,0,50,"Up"
22,2,38,"Red_Down","Yellow_Down","Green_Left","Blue_Up",100,100,0,50,"Down"
22,2,39,"Red_Up","Yellow_Down","Green_Down","Blue_Up",-150,100,0,-200,"Left"
22,2,40,"Red_Down","Yellow_Down","Green_Right","Blue_Right",-150,100,50,50,"Right"
22,2,41,"Red_Left","Yellow_Left","Green_Right","Blue_Down",100,-1150,0,50,"Up"
22,2,42,"Red_Right","Yellow_Right","Green_Down","Blue_Right",-150,100,50,50,"Right"
22,2,43,"Red_Right","Yellow_Down","Green_Right","Blue_Right",100,100,50,50,"Up"
22,2,44,"Red_Right","Yellow_Up","Green_Down","Blue_Up",-150,100,50,50,"Right"
22,2,45,"Red_Left","Yellow_Left","Green_Right","Blue_Up",100,100,50,50,"Left"
22,2,46,"Red_Right","Yellow_Left","Green_Down","Blue_Up",100,100,0,50,"Up"
22,2,47,"Red_Up","Yellow_Left","Green_Left","Blue_Left",-150,100,50,50,"Right"
22,2,48,"Red_Up","Yellow_Down","Green_Left","Blue_Right",-150,100,50,50,"Left"
22,2,49,"Red_Down","Yellow_Left","Green_Up","Blue_Left",100,100,50,50,"Up"
22,2,50,"Red_Down","Yellow_Right","Green_Down","Blue_Left",100,100,0,50,"Right"
22,3,1,"Red_Up","Yellow_Right","Green_Down","Blue_Down",-150,100,0,50,"Left"
22,3,2,"Red_Left","Yellow_Down","Green_Right","Blue_Down",-150,100,0,50,"Right"
22,3,3,"Red_Down","Yellow_Up","Green_Down","Blue_Right",100,100,0,50,"Right"
22,3,4,"Red_Right","Yellow_Left","Green_Right","Blue_Left",-150,-1150,50,50,"Left"
22,3,5,"Red_Up","Yellow_Up","Green_Right","Blue_Down",100,-1150,0,50,"Left"
22,3,6,"Red_Left","Yellow_Right","Green_Up","Blue_Down",-150,-1150,0,50,"Left"
22,3,7,"Red_Down","Yellow_Down","Green_Left","Blue_Up",100,100,50,-200,"Right"
22,3,8,"Red_Right","Yellow_Left","Green_Down","Blue_Down",100,100,50,50,"Down"
22,3,9,"Red_Left","Yellow_Left","Green_Left","Blue_Right",100,100,0,50,"Left"
22,3,10,"Red_Up","Yellow_Up","Green_Down","Blue_Left",-150,100,50,50,"Left"
22,3,11,"Red_Up","Yellow_Right","Green_Down","Blue_Left",100,100,50,50,"Up"
22,3,12,"Red_Up","Yellow_Right","Green_Down","Blue_Down",-150,100,0,50,"Right"
22,3,13,"Red_Right","Yellow_Right","Green_Right","Blue_Up",100,100,50,50,"Down"
22,3,14,"Red_Right","Yellow_Left","Green_Up","Blue_Down",100,100,0,50,"Left"
22,3,15,"Red_Down","Yellow_Left","Green_Right","Blue_Right",-150,100,0,50,"Left"
22,3,16,"Red_Up","Yellow_Up","Green_Left","Blue_Right",-150,100,0,50,"Up"
22,3,17,"Red_Left","Yellow_Up","Green_Down","Blue_Left",-150,100,0,50,"Down"
22,3,18,"Red_Left","Yellow_Right","Green_Up","Blue_Right",-150,100,50,50,"Down"
22,3,19,"Red_Down","Yellow_Left","Green_Right","Blue_Down",100,100,50,50,"Left"
22,3,20,"Red_Left","Yellow_Down","Green_Down","Blue_Down",-150,100,50,50,"Up"
22,3,21,"Red_Down","Yellow_Left","Green_Up","Blue_Right",-150,100,50,50,"Up"
22,3,22,"Red_Down","Yellow_Up","Green_Down","Blue_Up",-150,100,0,-200,"Down"
22,3,23,"Red_Right","Yellow_Left","Green_Right","Blue_Right",100,100,50,50,"Down"
22,3,24,"Red_Up","Yellow_Down","Green_Up","Blue_Right",100,100,0,50,"Up"
22,3,25,"Red_Up","Yellow_Up","Green_Up","Blue_Left",-150,100,0,50,"Right"
22,3,26,"Red_Right","Yellow_Up","Green_Down","Blue_Right",-150,100,50,50,"Up"
22,3,27,"Red_Up","Yellow_Down","Green_Up","Blue_Up",-150,100,0,50,"Right"
22,3,28,"Red_Up","Yellow_Up","Green_Left","Blue_Down",-150,100,0,50,"Right"
22,3,29,"Red_Down","Yellow_Down","Green_Up","Blue_Right",100,100,0,50,"Right"
22,3,30,"Red_Up","Yellow_Right","Green_Right","Blue_Right",100,100,0,-200,"Right"
22,3,31,"Red_Left","Yellow_Up","Green_Right","Blue_Up",-150,100,50,50,"Left"
22,3,32,"Red_Up","Yellow_Down","Green_Down","Blue_Left",100,100,50,50,"Up"
22,3,33,"Red_Left","Yellow_Left","Green_Left","Blue_Down",100,100,0,-200,"Left"
22,3,34,"Red_Right","Yellow_Right","Green_Right","Blue_Up",-150,100,50,50,"Right"
22,3,35,"Red_Left","Yellow_Up","Green_Right","Blue_Up",100,100,0,50,"Down"
22,3,36,"Red_Down","Yellow_Down","Green_Down","Blue_Down",-150,100,50,50,"Up"
22,3,37,"Red_Up","Yellow_Left","Green_Down","Blue_Down",-150,100,50,50,"Up"
22,3,38,"Red_Down","Yellow_Right","Green_Left","Blue_Up",-150,100,0,50,"Up"
22,3,39,"Red_Up","Yellow_Right","Green_Right","Blue_Left",-150,100,0,50,"Up"
22,3,40,"Red_Left","Yellow_Left","Green_Left","Blue_Left",100,100,0,50,"Left"
22,3,41,"Red_Right","Yellow_Left","Green_Up","Blue_Right",100,100,50,50,"Down"
22,3,42,"Red_Down","Yellow_Right","Green_Left","Blue_Left",100,100,50,50,"Down"
22,3,43,"Red_Left","Yellow_Up","Green_Right","Blue_Down",100,100,50,50,"Right"
22,3,44,"Red_Right","Yellow_Up","Green_Up","Blue_Left",100,100,0,50,"Up"
22,3,45,"Red_Down","Yellow_Right","Green_Up","Blue_Up",100,-1150,50,50,"Up"
22,3,46,"Red_Left","Yellow_Right","Green_Left","Blue_Up",100,100,0,-200,"Down"
22,3,47,"Red_Right","Yellow_Down","Green_Up","Blue_Down",100,100,50,50,"Right"
22,3,48,"Red_Left","Yellow_Left","Green_Up","Blue_Up",-150,-1150,50,50,"Left"
22,3,49,"Red_Right","Yellow_Right","Green_Up","Blue_Up",-150,100,50,50,"Up"
22,3,50,"Red_Down","Yellow_Left","Green_Left","Blue_Up",100,100,50,50,"Up"
22,4,1,"Red_Left","Yellow_Up","Green_Right","Blue_Up",100,100,50,50,"Up"
22,4,2,"Red_Down","Yellow_Down","Green_Up","Blue_Down",-150,100,0,50,"Down"
22,4,3,"Red_Up","Yellow_Up","Green_Up","Blue_Left",100,100,0,50,"Right"
22,4,4,"Red_Left","Yellow_Up","Green_Up","Blue_Right",-150,100,50,50,"Left"
22,4,5,"Red_Left","Yellow_Down","Green_Down","Blue_Down",100,100,0,50,"Down"
22,4,6,"Red_Up","Yellow_Left","Green_Left","Blue_Left",-150,100,50,50,"Down"
22,4,7,"Red_Right","Yellow_Up","Green_Left","Blue_Down",100,100,0,50,"Left"
22,4,8,"Red_Down","Yellow_Up","Green_Down","Blue_Down",-150,100,0,50,"Right"
22,4,9,"Red_Up","Yellow_Left","Green_Down","Blue_Down",100,100,0,50,"Down"
22,4,10,"Red_Down","Yellow_Right","Green_Right","Blue_Left",100,100,50,50,"Up"
22,4,11,"Red_Left","Yellow_Left","Green_Left","Blue_Up",-150,100,0,50,"Up"
22,4,12,"Red_Left","Yellow_Down","Green_Left","Blue_Up",-150,-1150,0,50,"Up"
22,4,13,"Red_Left","Yellow_Down","Green_Right","Blue_Up",-150,100,50,-200,"Down"
22,4,14,"Red_Up","Yellow_Right","Green_Up","Blue_Up",100,100,50,50,"Right"
22,4,15,"Red_Up","Yellow_Down","Green_Right","Blue_Left",100,100,50,50,"Down"
22,4,16,"Red_Left","Yellow_Up","Green_Up","Blue_Up",-150,100,50,50,"Up"
22,4,17,"Red_Down","Yellow_Right","Green_Right","Blue_Down",100,100,0,50,"Up"
22,4,18,"Red_Left","Yellow_Up","Green_Down","Blue_Left",-150,-1150,0,50,"Up"
22,4,19,"Red_Left","Yellow_Right","Green_Right","Blue_Up",100,100,50,50,"Right"
22,4,20,"Red_Right","Yellow_Right","Green_Right","Blue_Left",-150,100,0,50,"Right"
22,4,21,"Red_Down","Yellow_Down","Green_Left","Blue_Left",100,100,50,50,"Left"
22,4,22,"Red_Left","Yellow_Right","Green_Up","Blue_Right",-150,100,0,50,"Up"
22,4,23,"Red_Right","Yellow_Left","Green_Right","Blue_Right",100,100,0,50,"Down"
22,4,24,"Red_Down","Yellow_Left","Green_Down","Blue_Up",100,100,50,50,"Right"
22,4,25,"Red_Up","Yellow_Up","Green_Left","Blue_Up",100,100,0,50,"Left"
22,4,26,"Red_Right","Yellow_Right","Green_Down","Blue_Down",100,100,50,50,"Up"
22,4,27,"Red_Up","Yellow_Right","Green_Down","Blue_Up",-150,-1150,0,50,"Down"
22,4,28,"Red_Down","Yellow_Right","Green_Right","Blue_Up",-150,100,50,50,"Up"
22,4,29,"Red_Down","Yellow_Down","Green_Down","Blue_Right",-150,100,50,50,"Left"
22,4,30,"Red_Right","Yellow_Right","Green_Down","Blue_Up",-150,100,0,-200,"Up"
22,4,31,"Red_Left","Yellow_Right","Green_Down","Blue_Down",-150,100,50,50,"Left"
22,4,32,"Red_Right","Yellow_Up","Green_Up","Blue_Right",-150,100,50,50,"Left"
22,4,33,"Red_Up","Yellow_Down","Green_Right","Blue_Up",-150,100,50,50,"Down"
22,4,34,"Red_Down","Yellow_Up","Green_Down","Blue_Up",100,100,50,50,"Down"
22,4,35,"Red_Up","Yellow_Right","Green_Right","Blue_Up",100,100,50,50,"Right"
22,4,36,"Red_Right","Yellow_Down","Green_Right","Blue_Right",-150,100,50,50,"Down"
22,4,37,"Red_Down","Yellow_Right","Green_Up","Blue_Down",-150,-1150,0,50,"Down"
22,4,38,"Red_Right","Yellow_Down","Green_Up","Blue_Up",100,100,0,50,"Up"
22,4,39,"Red_Down","Yellow_Down","Green_Down","Blue_Up",-150,100,50,50,"Up"
22,4,40,"Red_Up","Yellow_Left","Green_Right","Blue_Down",-150,-1150,0,50,"Up"
22,4,41,"Red_Left","Yellow_Up","Green_Right","Blue_Up",-150,100,0,50,"Left"
22,4,42,"Red_Right","Yellow_Right","Green_Up","Blue_Left",100,100,50,50,"Left"
22,4,43,"Red_Left","Yellow_Left","Green_Right","Blue_Up",-150,100,50,50,"Left"
22,4,44,"Red_Down","Yellow_Left","Green_Right","Blue_Right",100,100,0,50,"Left"
22,4,45,"Red_Right","Yellow_Right","Green_Right","Blue_Down",100,100,0,-200,"Up"
22,4,46,"Red_Down","Yellow_Left","Green_Left","Blue_Left",100,100,50,50,"Up"
22,4,47,"Red_Down","Yellow_Up","Green_Left","Blue_Down",100,100,50,-200,"Down"
22,4,48,"Red_Left","Yellow_Right","Green_Left","Blue_Down",100,100,0,-200,"Right"
22,4,49,"Red_Down","Yellow_Up","Green_Left","Blue_Up",-150,100,0,50,"Left"
22,4,50,"Red_Left","Yellow_Down","Green_Down","Blue_Left",100,100,0,50,"Down"
22,5,1,"Red_Up","Yellow_Up","Green_Up","Blue_Left",100,100,50,50,"Left"
22,5,2,"Red_Down","Yellow_Down","Green_Right","Blue_Right",-150,100,0,-200,"Up"
22,5,3,"Red_Right","Yellow_Down","Green_Down","Blue_Right",100,100,50,50,"Right"
22,5,4,"Red_Left","Yellow_Down","Green_Right","Blue_Right",-150,-1150,50,50,"Left"
22,5,5,"Red_Up","Yellow_Left","Green_Down","Blue_Down",-150,100,0,-200,"Left"
22,5,6,"Red_Up","Yellow_Up","Green_Right","Blue_Right",100,100,0,50,"Right"
22,5,7,"Red_Right","Yellow_Right","Green_Right","Blue_Up",100,100,50,50,"Right"
22,5,8,"Red_Down","Yellow_Right","Green_Left","Blue_Down",-150,100,0,-200,"Up"
22,5,9,"Red_Left","Yellow_Left","Green_Left","Blue_Up",100,100,0,50,"Down"
22,5,10,"Red_Right","Yellow_Down","Green_Up","Blue_Left",100,100,50,50,"Up"
22,5,11,"Red_Left","Yellow_Up","Green_Left","Blue_Left",100,100,0,50,"Up"
22,5,12,"Red_Down","Yellow_Left","Green_Right","Blue_Left",-150,100,50,50,"Right"
22,5,13,"Red_Right","Yellow_Up","Green_Down","Blue_Right",100,100,50,50,"Up"
22,5,14,"Red_Down","Yellow_Right","Green_Up","Blue_Right",-150,100,50,50,"Up"
22,5,15,"Red_Down","Yellow_Right","Green_Up","Blue_Up",-150,100,0,50,"Up"
22,5,16,"Red_Up","Yellow_Left","Green_Down","Blue_Down",100,100,0,50,"Down"
22,5,17,"Red_Left","Yellow_Right","Green_Up","Blue_Left",100,100,50,50,"Right"
22,5,18,"Red_Up","Yellow_Left","Green_Up","Blue_Up",-150,100,0,50,"Left"
22,5,19,"Red_Down","Yellow_Left","Green_Up","Blue_Left",100,100,50,50,"Down"
22,5,20,"Red_Down","Yellow_Left","Green_Right","Blue_Left",-150,100,50,50,"Down"
22,5,21,"Red_Right","Yellow_Down","Green_Up","Blue_Down",100,100,0,50,"Up"
22,5,22,"Red_Up","Yellow_Up","Green_Down","Blue_Down",100,100,0,50,"Left"
22,5,23,"Red_Left","Yellow_Up","Green_Down","Blue_Down",-150,100,0,50,"Right"
22,5,24,"Red_Right","Yellow_Up","Green_Down","Blue_Right",-150,100,50,50,"Left"
22,5,25,"Red_Up","Yellow_Down","Green_Right","Blue_Up",100,100,50,50,"Right"
22,5,26,"Red_Down","Yellow_Up","Green_Left","Blue_Left",-150,100,0,50,"Down"
22,5,27,"Red_Left","Yellow_Left","Green_Left","Blue_Up",100,100,0,50,"Right"
22,5,28,"Red_Down","Yellow_Left","Green_Down","Blue_Right",100,100,50,50,"Left"
22,5,29,"Red_Left","Yellow_Right","Green_Up","Blue_Left",100,100,50,50,"Right"
22,5,30,"Red_Left","Yellow_Left","Green_Up","Blue_Up",100,100,0,50,"Up"
22,5,31,"Red_Right","Yellow_Left","Green_Left","Blue_Right",-150,100,0,50,"Down"
22,5,32,"Red_Left","Yellow_Right","Green_Up","Blue_Up",100,-1150,0,50,"Right"
22,5,33,"Red_Up","Yellow_Up","Green_Down","Blue_Down",100,100,50,50,"Right"
22,5,34,"Red_Down","Yellow_Up","Green_Up","Blue_Right",100,100,50,50,"Left"
22,5,35,"Red_Down","Yellow_Up","Green_Up","Blue_Left",-150,100,0,50,"Up"
22,5,36,"Red_Left","Yellow_Up","Green_Up","Blue_Down",-150,100,0,-200,"Right"
22,5,37,"Red_Left","Yellow_Up","Green_Left","Blue_Left",-150,100,0,50,"Right"
22,5,38,"Red_Left","Yellow_Left","Green_Down","Blue_Down",100,-1150,0,50,"Right"
22,5,39,"Red_Down","Yellow_Right","Green_Right","Blue_Right",-150,100,0,50,"Left"
22,5,40,"Red_Up","Yellow_Up","Green_Down","Blue_Up",-150,100,0,50,"Down"
22,5,41,"Red_Right","Yellow_Down","Green_Down","Blue_Right",100,100,50,50,"Right"
22,5,42,"Red_Right","Yellow_Right","Green_Right","Blue_Up",-150,100,50,-200,"Up"
22,5,43,"Red_Up","Yellow_Down","Green_Down","Blue_Right",100,100,50,50,"Up"
22,5,44,"Red_Left","Yellow_Left","Green_Left","Blue_Left",-150,100,50,50,"Right"
22,5,45,"Red_Up","Yellow_Down","Green_Right","Blue_Down",-150,100,50,50,"Up"
22,5,46,"Red_Left","Yellow_Left","Green_Left","Blue_Right",-150,-1150,50,50,"Left"
22,5,47,"Red_Right","Yellow_Up","Green_Right","Blue_Up",100,100,0,50,"Left"
22,5,48,"Red_Right","Yellow_Up","Green_Down","Blue_Right",-150,-1150,0,50,"Right"
22,5,49,"Red_Down","Yellow_Down","Green_Down","Blue_Up",-150,100,50,50,"Down"
22,5,50,"Red_Up","Yellow_Up","Green_Left","Blue_Down",-150,100,50,50,"Up"
22,6,1,"Red_Down","Yellow_Down","Green_Down","Blue_Right",-150,100,50,50,"Up"
22,6,2,"Red_Down","Yellow_Up","Green_Up","Blue_Right",-150,100,0,50,"Up"
22,6,3,"Red_Up","Yellow_Right","Green_Down","Blue_Down",-150,100,50,50,"Down"
22,6,4,"Red_Up","Yellow_Left","Green_Left","Blue_Down",100,100,50,50,"Left"
22,6,5,"Red_Left","Yellow_Right","Green_Right","Blue_Right",-150,100,0,50,"Down"
22,6,6,"Red_Up","Yellow_Down","Green_Left","Blue_Down",100,100,50,50,"Right"
22,6,7,"Red_Right","Yellow_Up","Green_Right","Blue_Down",-150,100,50,50,"Left"
22,6,8,"Red_Up","Yellow_Up","Green_Down","Blue_Up",100,100,0,50,"Down"
22,6,9,"Red_Left","Yellow_Right","Green_Down","Blue_Down",-150,100,50,50,"Up"
22,6,10,"Red_Left","Yellow_Left","Green_Right","Blue_Down",100,100,0,-200,"Down"
22,6,11,"Red_Right","Yellow_Right","Green_Left","Blue_Down",-150,100,50,50,"Right"
22,6,12,"Red_Right","Yellow_Right","Green_Up","Blue_Left",100,100,50,-200,"Down"
22,6,13,"Red_Up","Yellow_Up","Green_Up","Blue_Left",100,100,50,50,"Up"
22,6,14,"Red_Down","Yellow_Down","Green_Right","Blue_Up",100,100,0,50,"Left"
22,6,15,"Red_Down","Yellow_Right","Green_Down","Blue_Right",100,100,50,-200,"Right"
22,6,16,"Red_Up","Yellow_Down","Green_Right","Blue_Down",-150,100,50,50,"Left"
22,6,17,"Red_Up","Yellow_Up","Green_Right","Blue_Up",100,100,0,50,"Up"
22,6,18,"Red_Down","Yellow_Up","Green_Left","Blue_Up",-150,100,50,50,"Down"
22,6,19,"Red_Up","Yellow_Up","Green_Right","Blue_Down",-150,100,50,50,"Down"
22,6,20,"Red_Right","Yellow_Right","Green_Up","Blue_Left",100,100,50,50,"Down"
22,6,21,"Red_Right","Yellow_Right","Green_Down","Blue_Left",100,100,50,50,"Left"
22,6,22,"Red_Right","Yellow_Up","Green_Down","Blue_Down",-150,100,50,50,"Down"
22,6,23,"Red_Right","Yellow_Down","Green_Left","Blue_Down",100,-1150,50,50,"Down"
22,6,24,"Red_Left","Yellow_Down","Green_Left","Blue_Right",-150,100,50,50,"Left"
22,6,25,"Red_Left","Yellow_Left","Green_Up","Blue_Up",100,-1150,50,50,"Down"
22,6,26,"Red_Right","Yellow_Up","Green_Down","Blue_Left",100,100,50,50,"Right"
22,6,27,"Red_Down","Yellow_Down","Green_Right","Blue_Left",-150,100,0,50,"Down"
22,6,28,"Red_Left","Yellow_Up","Green_Down","Blue_Up",100,100,50,50,"Down"
22,6,29,"Red_Up","Yellow_Right","Green_Up","Blue_Down",100,100,0,-200,"Left"
22,6,30,"Red_Left","Yellow_Down","Green_Right","Blue_Left",-150,100,0,50,"Left"
22,6,31,"Red_Left","Yellow_Down","Green_Right","Blue_Down",-150,100,0,50,"Left"
22,6,32,"Red_Down","Yellow_Down","Green_Right","Blue_Left",100,100,0,50,"Right"
22,6,33,"Red_Up","Yellow_Up","Green_Up","Blue_Down",100,100,0,50,"Up"
22,6,34,"Red_Up","Yellow_Up","Green_Down","Blue_Down",100,-1150,0,50,"Up"
22,6,35,"Red_Right","Yellow_Left","Green_Left","Blue_Left",100,100,0,50,"Up"
22,6,36,"Red_Up","Yellow_Down","Green_Right","Blue_Right",-150,100,0,50,"Left"
22,6,37,"Red_Up","Yellow_Up","Green_Up","Blue_Down",-150,-1150,0,50,"Left"
22,6,38,"Red_Up","Yellow_Down","Green_Right","Blue_Right",-150,100,0,50,"Right"
22,6,39,"Red_Left","Yellow_Left","Green_Left","Blue_Right",-150,-1150,0,50,"Up"
22,6,40,"Red_Left","Yellow_Left","Green_Left","Blue_Right",100,100,0,50,"Right"
22,6,41,"Red_Left","Yellow_Down","Green_Left","Blue_Right",100,100,50,50,"Down"
22,6,42,"Red_Down","Yellow_Down","Green_Left","Blue_Left",-150,100,50,50,"Down"
22,6,43,"Red_Down","Yellow_Up","Green_Right","Blue_Left",-150,100,0,50,"Up"
22,6,44,"Red_Left","Yellow_Left","Green_Up","Blue_Right",-150,100,0,50,"Right"
22,6,45,"Red_Right","Yellow_Left","Green_Left","Blue_Up",-150,100,0,50,"Down"
22,6,46,"Red_Left","Yellow_Right","Green_Right","Blue_Left",100,100,50,50,"Up"
22,6,47,"Red_Right","Yellow_Left","Green_Up","Blue_Up",100,100,0,50,"Up"
22,6,48,"Red_Left","Yellow_Left","Green_Down","Blue_Down",-150,100,0,50,"Right"
22,6,49,"Red_Down","Yellow_Right","Green_Left","Blue_Up",-150,100,50,50,"Right"
22,6,50,"Red_Right","Yellow_Right","Green_Down","Blue_Left",100,100,0,-200,"Left"
23,1,1,"Red_Down","Yellow_Up","Green_Down","Blue_Down",100,100,50,-200,"Down"
23,1,2,"Red_Right","Yellow_Up","Green_Left","Blue_Left",-150,100,50,50,"Down"
23,1,3,"Red_Left","Yellow_Down","Green_Left","Blue_Left",-150,100,0,50,"Right"
23,1,4,"Red_Right","Yellow_Down","Green_Up","Blue_Left",-150,100,0,50,"Up"
23,1,5,"Red_Right","Yellow_Right","Green_Left","Blue_Down",100,100,0,50,"Down"
23,1,6,"Red_Left","Yellow_Up","Green_Right","Blue_Right",100,100,0,50,"Down"
23,1,7,"Red_Left","Yellow_Down","Green_Up","Blue_Down",-150,100,0,50,"Right"
23,1,8,"Red_Down","Yellow_Right","Green_Up","Blue_Down",-150,100,0,50,"Up"
23,1,9,"Red_Left","Yellow_Down","Green_Right","Blue_Right",-150,100,0,50,"Right"
23,1,10,"Red_Up","Yellow_Right","Green_Left","Blue_Left",-150,100,0,50,"Up"
23,1,11,"Red_Up","Yellow_Up","Green_Up","Blue_Left",-150,100,50,50,"Right"
23,1,12,"Red_Up","Yellow_Left","Green_Right","Blue_Left",100,100,50,50,"Up"
23,1,13,"Red_Up","Yellow_Right","Green_Right","Blue_Right",-150,100,0,50,"Down"
23,1,14,"Red_Left","Yellow_Right","Green_Down","Blue_Down",100,100,50,-200,"Down"
23,1,15,"Red_Right","Yellow_Up","Green_Right","Blue_Left",100,-1150,50,50,"Left"
23,1,16,"Red_Right","Yellow_Up","Green_Right","Blue_Right",100,100,50,50,"Up"
23,1,17,"Red_Left","Yellow_Down","Green_Down","Blue_Up",100,100,50,50,"Right"
23,1,18,"Red_Right","Yellow_Up","Green_Left","Blue_Up",100,100,50,50,"Left"
23,1,19,"Red_Up","Yellow_Down","Green_Left","Blue_Left",100,100,50,50,"Down"
23,1,20,"Red_Right","Yellow_Up","Green_Up","Blue_Up",100,100,50,50,"Left"
23,1,21,"Red_Left","Yellow_Left","Green_Up","Blue_Left",-150,100,0,-200,"Left"
23,1,22,"Red_Left","Yellow_Right","Green_Left","Blue_Up",100,100,50,50,"Right"
23,1,23,"Red_Right","Yellow_Left","Green_Down","Blue_Up",100,100,50,50,"Right"
23,1,24,"Red_Up","Yellow_Right","Green_Left","Blue_Down",100,100,0,50,"Up"
23,1,25,"Red_Down","Yellow_Down","Green_Up","Blue_Left",100,100,0,50,"Left"
23,1,26,"Red_Up","Yellow_Up","Green_Up","Blue_Down",-150,100,0,50,"Right"
23,1,27,"Red_Down","Yellow_Up","Green_Down","Blue_Up",100,100,50,50,"Up"
23,1,28,"Red_Down","Yellow_Down","Green_Right","Blue_Up",-150,100,50,50,"Left"
23,1,29,"Red_Up","Yellow_Up","Green_Down","Blue_Right",-150,100,50,50,"Left"
23,1,30,"Red_Up","Yellow_Down","Green_Left","Blue_Right",100,100,50,50,"Left"
23,1,31,"Red_Up","Yellow_Right","Green_Left","Blue_Down",100,100,0,50,"Left"
23,1,32,"Red_Down","Yellow_Up","Green_Down","Blue_Left",100,100,50,50,"Up"
23,1,33,"Red_Up","Yellow_Down","Green_Left","Blue_Up",-150,100,50,50,"Up"
23,1,34,"Red_Right","Yellow_Down","Green_Left","Blue_Right",-150,100,0,50,"Right"
23,1,35,"Red_Down","Yellow_Up","Green_Up","Blue_Left",100,100,50,50,"Right"
23,1,36,"Red_Down","Yellow_Up","Green_Down","Blue_Up",-150,100,0,50,"Down"
23,1,37,"Red_Left","Yellow_Right","Green_Left","Blue_Down",-150,-1150,0,50,"Down"
23,1,38,"Red_Left","Yellow_Right","Green_Down","Blue_Down",100,100,0,50,"Down"
23,1,39,"Red_Right","Yellow_Up","Green_Up","Blue_Up",-150,-1150,0,50,"Right"
23,1,40,"Red_Up","Yellow_Down","Green_Right","Blue_Down",100,100,0,-200,"Right"
23,1,41,"Red_Up","Yellow_Down","Green_Up","Blue_Down",-150,100,50,-200,"Down"
23,1,42,"Red_Down","Yellow_Left","Green_Right","Blue_Down",-150,100,0,50,"Down"
23,1,43,"Red_Left","Yellow_Right","Green_Down","Blue_Down",100,100,0,50,"Down"
23,1,44,"Red_Down","Yellow_Up","Green_Up","Blue_Up",-150,100,50,50,"Down"
23,1,45,"Red_Right","Yellow_Down","Green_Up","Blue_Right",100,100,0,50,"Up"
23,1,46,"Red_Up","Yellow_Up","Green_Up","Blue_Left",-150,-1150,50,50,"Right"
23,1,47,"Red_Down","Yellow_Left","Green_Down","Blue_Right",-150,-1150,0,50,"Left"
23,1,48,"Red_Left","Yellow_Right","Green_Down","Blue_Left",-150,100,50,50,"Down"
23,1,49,"Red_Up","Yellow_Down","Green_Left","Blue_Up",100,100,50,50,"Up"
23,1,50,"Red_Left","Yellow_Down","Green_Up","Blue_Down",-150,100,0,50,"Up"
23,2,1,"Red_Right","Yellow_Right","Green_Up","Blue_Down",100,100,0,50,"Right"
23,2,2,"Red_Up","Yellow_Up","Green_Up","Blue_Down",100,100,50,50,"Up"
23,2,3,"Red_Down","Yellow_Down","Green_Right","Blue_Down",100,-1150,50,-200,"Down"
23,2,4,"Red_Right","Yellow_Up","Green_Up","Blue_Left",-150,100,50,50,"Right"
23,2,5,"Red_Left","Yellow_Left","Green_Right","Blue_Right",-150,100,0,50,"Left"
23,2,6,"Red_Left","Yellow_Left","Green_Up","Blue_Up",-150,100,0,50,"Right"
23,2,7,"Red_Down","Yellow_Left","Green_Down","Blue_Up",-150,100,50,50,"Right"
23,2,8,"Red_Left","Yellow_Down","Green_Left","Blue_Right",100,100,50,50,"Right"
23,2,9,"Red_Right","Yellow_Left","Green_Down","Blue_Up",-150,100,0,50,"Right"
23,2,10,"Red_Right","Yellow_Down","Green_Down","Blue_Down",-150,100,50,50,"Right"
23,2,11,"Red_Left","Yellow_Up","Green_Right","Blue_Down",100,100,0,50,"Right"
23,2,12,"Red_Up","Yellow_Down","Green_Down","Blue_Left",-150,100,0,50,"Down"
23,2,13,"Red_Up","Yellow_Up","Green_Right","Blue_Up",100,100,0,50,"Left"
23,2,14,"Red_Up","Yellow_Right","Green_Down","Blue_Down",-150,-1150,50,50,"Up"
23,2,15,"Red_Down","Yellow_Up","Green_Up","Blue_Down",-150,100,0,50,"Left"
23,2,16,"Red_Up","Yellow_Down","Green_Up","Blue_Right",100,100,50,50,"Down"
23,2,17,"Red_Left","Yellow_Left","Green_Up","Blue_Right",100,100,50,50,"Right"
23,2,18,"Red_Right","Yellow_Down","Green_Up","Blue_Down",100,100,0,-200,"Down"
23,2,19,"Red_Right","Yellow_Right","Green_Up","Blue_Down",100,100,0,50,"Up"
23,2,20,"Red_Down","Yellow_Up","Green_Up","Blue_Up",-150,100,0,50,"Left"
23,2,21,"Red_Left","Yellow_Down","Green_Down","Blue_Up",-150,100,50,50,"Right"
23,2,22,"Red_Left","Yellow_Up","Green_Right","Blue_Right",100,100,0,50,"Left"
23,2,23,"Red_Right","Yellow_Right","Green_Left","Blue_Down",100,100,50,50,"Left"
23,2,24,"Red_Right","Yellow_Left","Green_Down","Blue_Right",-150,100,0,50,"Left"
23,2,25,"Red_Left","Yellow_Down","Green_Up","Blue_Right",100,100,0,50,"Right"
23,2,26,"Red_Up","Yellow_Right","Green_Right","Blue_Up",100,100,0,50,"Left"
23,2,27,"Red_Left","Yellow_Left","Green_Left","Blue_Left",-150,100,50,50,"Up"
23,2,28,"Red_Left","Yellow_Left","Green_Right","Blue_Right",100,100,0,50,"Down"
23,2,29,"Red_Right","Yellow_Down","Green_Down","Blue_Right",-150,100,50,50,"Left"
23,2,30,"Red_Up","Yellow_Down","Green_Right","Blue_Up",-150,100,0,50,"Left"
23,2,31,"Red_Right","Yellow_Up","Green_Left","Blue_Up",100,100,50,50,"Down"
23,2,32,"Red_Down","Yellow_Left","Green_Left","Blue_Right",100,100,0,50,"Up"
23,2,33,"Red_Right","Yellow_Right","Green_Right","Blue_Left",100,100,50,-200,"Left"
23,2,34,"Red_Right","Yellow_Up","Green_Up","Blue_Right",-150,100,50,50,"Down"
23,2,35,"Red_Right","Yellow_Right","Green_Down","Blue_Left",-150,100,50,50,"Up"
23,2,36,"Red_Up","Yellow_Up","Green_Left","Blue_Down",-150,100,0,50,"Right"
23,2,37,"Red_Down","Yellow_Up","Green_Right","Blue_Left",-150,100,50,50,"Left"
23,2,38,"Red_Down","Yellow_Up","Green_Up","Blue_Down",-150,-1150,0,50,"Left"
23,2,39,"Red_Right","Yellow_Up","Green_Down","Blue_Down",-150,100,0,50,"Left"
23,2,40,"Red_Down","Yellow_Left","Green_Up","Blue_Down",100,-1150,0,50,"Up"
23,2,41,"Red_Left","Yellow_Down","Green_Down","Blue_Up",100,100,50,50,"Right"
23,2,42,"Red_Left","Yellow_Down","Green_Down","Blue_Right",-150,100,0,50,"Up"
23,2,43,"Red_Right","Yellow_Up","Green_Down","Blue_Left",100,100,50,50,"Down"
23,2,44,"Red_Up","Yellow_Down","Green_Right","Blue_Left",100,100,50,-200,"Up"
23,2,45,"Red_Down","Yellow_Left","Green_Right","Blue_Up",100,100,50,50,"Down"
23,2,46,"Red_Down","Yellow_Up","Green_Right","Blue_Right",-150,-1150,50,50,"Left"
23,2,47,"Red_Left","Yellow_Down","Green_Left","Blue_Up",100,100,50,-200,"Right"
23,2,48,"Red_Right","Yellow_Right","Green_Right","Blue_Up",-150,100,0,50,"Up"
23,2,49,"Red_Down","Yellow_Up","Green_Right","Blue_Left",-150,100,50,50,"Up"
23,2,50,"Red_Down","Yellow_Down","Green_Down","Blue_Down",100,100,0,50,"Left"
23,3,1,"Red_Right","Yellow_Up","Green_Right","Blue_Right",-150,100,50,50,"Up"
23,3,2,"Red_Right","Yellow_Left","Green_Up","Blue_Left",100,100,0,50,"Down"
23,3,3,"Red_Right","Yellow_Right","Green_Left","Blue_Left",100,100,50,50,"Up"
23,3,4,"Red_Right","Yellow_Down","Green_Right","Blue_Right",-150,-1150,0,50,"Up"
23,3,5,"Red_Right","Yellow_Left","Green_Down","Blue_Left",-150,100,50,50,"Right"
23,3,6,"Red_Right","Yellow_Up","Green_Right","Blue_Up",100,100,50,50,"Right"
23,3,7,"Red_Up","Yellow_Left","Green_Down","Blue_Right",-150,100,0,50,"Right"
23,3,8,"Red_Right","Yellow_Left","Green_Right","Blue_Left",100,100,50,50,"Left"
23,3,9,"Red_Down","Yellow_Up","Green_Right","Blue_Left",100,100,50,50,"Left"
23,3,10,"Red_Up","Yellow_Right","Green_Left","Blue_Left",-150,100,0,50,"Right"
23,3,11,"Red_Up","Yellow_Right","Green_Left","Blue_Down",-150,100,0,50,"Down"
23,3,12,"Red_Left","Yellow_Right","Green_Down","Blue_Up",-150,100,50,50,"Right"
23,3,13,"Red_Up","Yellow_Right","Green_Left","Blue_Down",100,100,0,50,"Down"
23,3,14,"Red_Up","Yellow_Up","Green_Left","Blue_Left",-150,100,50,50,"Down"
23,3,15,"Red_Right","Yellow_Down","Green_Left","Blue_Up",-150,100,0,50,"Down"
23,3,16,"Red_Left","Yellow_Left","Green_Right","Blue_Right",100,100,50,50,"Left"
23,3,17,"Red_Down","Yellow_Down","Green_Up","Blue_Right",-150,100,0,50,"Up"
23,3,18,"Red_Right","Yellow_Up","Green_Up","Blue_Left",100,-1150,50,50,"Right"
23,3,19,"Red_Right","Yellow_Right","Green_Left","Blue_Up",-150,100,50,50,"Left"
23,3,20,"Red_Up","Yellow_Down","Green_Left","Blue_Up",-150,100,0,50,"Up"
23,3,21,"Red_Down","Yellow_Down","Green_Down","Blue_Left",100,100,0,50,"Right"
23,3,22,"Red_Up","Yellow_Right","Green_Right","Blue_Left",-150,100,50,50,"Down"
23,3,23,"Red_Left","Yellow_Up","Green_Left","Blue_Up",100,100,50,50,"Down"
23,3,24,"Red_Left","Yellow_Up","Green_Left","Blue_Up",100,100,0,50,"Left"
23,3,25,"Red_Right","Yellow_Right","Green_Down","Blue_Right",100,100,50,50,"Up"
23,3,26,"Red_Down","Yellow_Left","Green_Left","Blue_Right",100,100,50,50,"Right"
23,3,27,"Red_Down","Yellow_Left","Green_Left","Blue_Right",-150,100,50,50,"Left"
23,3,28,"Red_Down","Yellow_Up","Green_Up","Blue_Right",-150,100,0,50,"Left"
23,3,29,"Red_Left","Yellow_Down","Green_Left","Blue_Left",-150,100,50,50,"Up"
23,3,30,"Red_Left","Yellow_Down","Green_Down","Blue_Up",100,100,0,50,"Down"
23,3,31,"Red_Right","Yellow_Down","Green_Left","Blue_Right",100,100,0,50,"Up"
23,3,32,"Red_Up","Yellow_Right","Green_Up","Blue_Up",100,100,0,-200,"Up"
23,3,33,"Red_Right","Yellow_Up","Green_Up","Blue_Left",-150,100,0,50,"Left"
23,3,34,"Red_Right","Yellow_Up","Green_Down","Blue_Down",-150,100,0,50,"Up"
23,3,35,"Red_Left","Yellow_Down","Green_Left","Blue_Right",100,100,50,50,"Up"
23,3,36,"Red_Right","Yellow_Right","Green_Down","Blue_Left",100,-1150,50,50,"Down"
23,3,37,"Red_Up","Yellow_Down","Green_Right","Blue_Left",100,100,0,-200,"Up"
23,3,38,"Red_Left","Yellow_Up","Green_Left","Blue_Right",-150,100,0,-200,"Right"
23,3,39,"Red_Right","Yellow_Down","Green_Right","Blue_Up",100,100,0,50,"Down"
23,3,40,"Red_Left","Yellow_Left","Green_Right","Blue_Right",-150,100,50,50,"Left"
23,3,41,"Red_Down","Yellow_Left","Green_Up","Blue_Down",-150,100,0,50,"Down"
23,3,42,"Red_Down","Yellow_Right","Green_Right","Blue_Left",100,100,50,-200,"Left"
23,3,43,"Red_Right","Yellow_Down","Green_Up","Blue_Right",-150,100,0,50,"Right"
23,3,44,"Red_Left","Yellow_Left","Green_Down","Blue_Up",100,100,0,50,"Down"
23,3,45,"Red_Up","Yellow_Right","Green_Right","Blue_Up",100,-1150,50,50,"Up"
23,3,46,"Red_Left","Yellow_Left","Green_Left","Blue_Right",-150,100,0,50,"Down"
23,3,47,"Red_Up","Yellow_Left","Green_Up","Blue_Right",-150,100,50,50,"Left"
23,3,48,"Red_Right","Yellow_Right","Green_Right","Blue_Right",100,100,50,50,"Right"
23,3,49,"Red_Up","Yellow_Up","Green_Down","Blue_Right",-150,-1150,50,-200,"Right"
23,3,50,"Red_Down","Yellow_Down","Green_Down","Blue_Right",100,100,0,50,"Left"
23,4,1,"Red_Left","Yellow_Left","Green_Left","Blue_Right",-150,100,50,50,"Down"
23,4,2,"Red_Down","Yellow_Down","Green_Down","Blue_Left",-150,100,50,50,"Right"
23,4,3,"Red_Right","Yellow_Up","Green_Down","Blue_Down",100,100,0,50,"Down"
23,4,4,"Red_Up","Yellow_Up","Green_Left","Blue_Up",100,100,0,-200,"Right"
23,4,5,"Red_Up","Yellow_Left","Green_Right","Blue_Up",100,100,50,-200,"Right"
23,4,6,"Red_Down","Yellow_Down","Green_Down","Blue_Left",-150,100,50,50,"Up"
23,4,7,"Red_Right","Yellow_Left","Green_Left","Blue_Right",100,100,50,50,"Down"
23,4,8,"Red_Down","Yellow_Up","Green_Left","Blue_Right",-150,100,0,50,"Left"
23,4,9,"Red_Right","Yellow_Up","Green_Up","Blue_Right",100,100,50,50,"Up"
23,4,10,"Red_Down","Yellow_Right","Green_Left","Blue_Left",100,100,0,50,"Left"
23,4,11,"Red_Right","Yellow_Up","Green_Up","Blue_Right",-150,100,0,50,"Up"
23,4,12,"Red_Right","Yellow_Up","Green_Right","Blue_Left",100,100,0,-200,"Right"
23,4,13,"Red_Right","Yellow_Down","Green_Down","Blue_Left",100,100,0,-200,"Left"
23,4,14,"Red_Right","Yellow_Down","Green_Up","Blue_Up",100,-1150,50,50,"Right"
23,4,15,"Red_Down","Yellow_Down","Green_Left","Blue_Down",-150,100,0,50,"Up"
23,4,16,"Red_Left","Yellow_Left","Green_Right","Blue_Up",-150,100,0,50,"Up"
23,4,17,"Red_Right","Yellow_Right","Green_Down","Blue_Down",-150,100,50,50,"Up"
23,4,18,"Red_Up","Yellow_Left","Green_Right","Blue_Right",-150,100,50,50,"Right"
23,4,19,"Red_Down","Yellow_Right","Green_Down","Blue_Down",-150,100,50,50,"Left"
23,4,20,"Red_Up","Yellow_Down","Green_Up","Blue_Left",-150,100,0,50,"Right"
23,4,21,"Red_Left","Yellow_Left","Green_Up","Blue_Up",-150,-1150,50,50,"Down"
23,4,22,"Red_Left","Yellow_Left","Green_Left","Blue_Up",-150,100,50,50,"Right"
23,4,23,"Red_Left","Yellow_Down","Green_Left","Blue_Right",100,100,0,50,"Down"
23,4,24,"Red_Down","Yellow_Up","Green_Down","Blue_Left",-150,100,50,50,"Down"
23,4,25,"Red_Down","Yellow_Left","Green_Down","Blue_Right",-150,100,0,50,"Down"
23,4,26,"Red_Right","Yellow_Down","Green_Up","Blue_Left",-150,100,0,50,"Right"
23,4,27,"Red_Up","Yellow_Up","Green_Left","Blue_Down",100,100,0,50,"Right"
23,4,28,"Red_Left","Yellow_Left","Green_Down","Blue_Right",100,-1150,0,50,"Left"
23,4,29,"Red_Left","Yellow_Up","Green_Up","Blue_Up",-150,100,50,-200,"Down"
23,4,30,"Red_Left","Yellow_Down","Green_Left","Blue_Down",100,100,50,50,"Left"
23,4,31,"Red_Up","Yellow_Up","Green_Right","Blue_Right",100,100,0,50,"Up"
23,4,32,"Red_Down","Yellow_Left","Green_Down","Blue_Right",-150,100,50,50,"Up"
23,4,33,"Red_Right","Yellow_Right","Green_Left","Blue_Left",100,100,0,50,"Up"
23,4,34,"Red_Right","Yellow_Right","Green_Right","Blue_Right",100,100,50,50,"Right"
23,4,35,"Red_Right","Yellow_Down","Green_Up","Blue_Left",-150,100,0,50,"Right"
23,4,36,"Red_Up","Yellow_Left","Green_Left","Blue_Left",-150,-1150,0,50,"Left"
23,4,37,"Red_Up","Yellow_Up","Green_Down","Blue_Right",-150,100,0,50,"Up"
23,4,38,"Red_Down","Yellow_Down","Green_Down","Blue_Right",100,100,0,50,"Up"
23,4,39,"Red_Up","Yellow_Right","Green_Left","Blue_Right",100,100,0,50,"Right"
23,4,40,"Red_Left","Yellow_Down","Green_Down","Blue_Down",100,100,50,50,"Right"
23,4,41,"Red_Right","Yellow_Up","Green_Left","Blue_Right",100,100,50,50,"Right"
23,4,42,"Red_Left","Yellow_Right","Green_Up","Blue_Up",-150,100,50,50,"Left"
23,4,43,"Red_Up","Yellow_Up","Green_Left","Blue_Up",-150,100,50,50,"Right"
23,4,44,"Red_Down","Yellow_Up","Green_Right","Blue_Left",100,-1150,50,50,"Left"
23,4,45,"Red_Left","Yellow_Up","Green_Up","Blue_Up",100,100,0,50,"Left"
23,4,46,"Red_Left","Yellow_Left","Green_Left","Blue_Left",-150,100,0,50,"Right"
23,4,47,"Red_Left","Yellow_Left","Green_Down","Blue_Down",100,100,50,50,"Up"
23,4,48,"Red_Up","Yellow_Left","Green_Up","Blue_Down",-150,100,50,50,"Right"
23,4,49,"Red_Left","Yellow_Up","Green_Left","Blue_Up",100,100,50,50,"Down"
23,4,50,"Red_Up","Yellow_Up","Green_Up","Blue_Down",100,100,0,50,"Up"
23,5,1,"Red_Left","Yellow_Up","Green_Left","Blue_Right",-150,100,0,-200,"Left"
23,5,2,"Red_Down","Yellow_Left","Green_Right","Blue_Left",-150,100,0,50,"Left"
23,5,3,"Red_Right","Yellow_Up","Green_Right","Blue_Left",-150,100,0,50,"Down"
23,5,4,"Red_Up","Yellow_Right","Green_Up","Blue_Down",100,-1150,50,50,"Right"
23,5,5,"Red_Down","Yellow_Right","Green_Down","Blue_Down",100,100,0,50,"Right"
23,5,6,"Red_Up","Yellow_Right","Green_Down","Blue_Down",-150,100,0,50,"Left"
23,5,7,"Red_Down","Yellow_Down","Green_Up","Blue_Right",100,100,0,50,"Down"
23,5,8,"Red_Right","Yellow_Right","Green_Up","Blue_Down",100,100,0,50,"Up"
23,5,9,"Red_Left","Yellow_Left","Green_Right","Blue_Right",-150,100,50,50,"Down"
23,5,10,"Red_Right","Yellow_Up","Green_Down","Blue_Up",100,100,50,50,"Right"
23,5,11,"Red_Down","Yellow_Right","Green_Left","Blue_Up",-150,-1150,0,50,"Right"
23,5,12,"Red_Left","Yellow_Right","Green_Right","Blue_Up",100,100,50,50,"Left"
23,5,13,"Red_Up","Yellow_Up","Green_Down","Blue_Down",-150,100,50,50,"Down"
23,5,14,"Red_Right","Yellow_Left","Green_Left","Blue_Down",100,100,0,50,"Left"
23,5,15,"Red_Left","Yellow_Right","Green_Up","Blue_Right",-150,100,50,50,"Left"
23,5,16,"Red_Up","Yellow_Right","Green_Down","Blue_Left",100,100,0,50,"Right"
23,5,17,"Red_Up","Yellow_Up","Green_Right","Blue_Left",-150,100,50,50,"Down"
23,5,18,"Red_Left","Yellow_Left","Green_Right","Blue_Right",100,100,50,50,"Down"
23,5,19,"Red_Right","Yellow_Up","Green_Left","Blue_Down",-150,100,0,50,"Left"
23,5,20,"Red_Down","Yellow_Up","Green_Down","Blue_Down",-150,100,0,50,"Left"
23,5,21,"Red_Up","Yellow_Left","Green_Left","Blue_Up",100,100,50,50,"Up"
23,5,22,"Red_Right","Yellow_Left","Green_Up","Blue_Left",100,100,50,50,"Left"
23,5,23,"Red_Right","Yellow_Left","Green_Right","Blue_Down",-150,100,50,50,"Right"
23,5,24,"Red_Down","Yellow_Down","Green_Down","Blue_Left",-150,100,50,50,"Right"
23,5,25,"Red_Right","Yellow_Left","Green_Right","Blue_Up",100,100,0,50,"Up"
23,5,26,"Red_Left","Yellow_Left","Green_Right","Blue_Down",-150,100,0,50,"Up"
23,5,27,"Red_Right","Yellow_Down","Green_Up","Blue_Left",100,100,0,50,"Left"
23,5,28,"Red_Down","Yellow_Right","Green_Left","Blue_Left",-150,100,50,50,"Right"
23,5,29,"Red_Down","Yellow_Right","Green_Up","Blue_Left",-150,100,0,50,"Right"
23,5,30,"Red_Down","Yellow_Down","Green_Up","Blue_Up",100,100,0,50,"Up"
23,5,31,"Red_Up","Yellow_Up","Green_Left","Blue_Right",100,100,50,50,"Up"
23,5,32,"Red_Up","Yellow_Up","Green_Left","Blue_Right",-150,100,50,50,"Right"
23,5,33,"Red_Right","Yellow_Left","Green_Right","Blue_Right",-150,100,0,50,"Left"
23,5,34,"Red_Down","Yellow_Left","Green_Down","Blue_Down",-150,100,0,50,"Up"
23,5,35,"Red_Left","Yellow_Right","Green_Right","Blue_Left",-150,100,0,50,"Down"
23,5,36,"Red_Right","Yellow_Left","Green_Left","Blue_Left",-150,100,50,-200,"Down"
23,5,37,"Red_Left","Yellow_Down","Green_Right","Blue_Right",-150,100,0,-200,"Left"
23,5,38,"Red_Down","Yellow_Down","Green_Left","Blue_Right",100,100,0,50,"Down"
23,5,39,"Red_Left","Yellow_Right","Green_Up","Blue_Right",100,100,0,50,"Down"
23,5,40,"Red_Up","Yellow_Down","Green_Up","Blue_Left",100,100,50,50,"Up"
23,5,41,"Red_Right","Yellow_Up","Green_Right","Blue_Right",-150,100,0,50,"Left"
23,5,42,"Red_Left","Yellow_Right","Green_Right","Blue_Left",100,100,50,50,"Left"
23,5,43,"Red_Left","Yellow_Right","Green_Left","Blue_Up",100,100,50,50,"Right"
23,5,44,"Red_Up","Yellow_Down","Green_Down","Blue_Right",100,-1150,50,50,"Left"
23,5,45,"Red_Down","Yellow_Down","Green_Right","Blue_Left",100,100,0,50,"Down"
23,5,46,"Red_Up","Yellow_Left","Green_Left","Blue_Down",100,-1150,50,50,"Left"
23,5,47,"Red_Right","Yellow_Left","Green_Right","Blue_Right",-150,-1150,50,-200,"Down"
23,5,48,"Red_Right","Yellow_Up","Green_Up","Blue_Up",-150,100,50,50,"Right"
23,5,49,"Red_Up","Yellow_Left","Green_Left","Blue_Up",100,100,50,50,"Up"
23,5,50,"Red_Right","Yellow_Right","Green_Right","Blue_Left",100,100,50,-200,"Left"
23,6,1,"Red_Down","Yellow_Up","Green_Right","Blue_Down",100,100,50,50,"Up"
23,6,2,"Red_Right","Yellow_Down","Green_Left","Blue_Left",-150,100,0,50,"Left"
23,6,3,"Red_Left","Yellow_Up","Green_Right","Blue_Up",-150,100,50,50,"Right"
23,6,4,"Red_Right","Yellow_Down","Green_Left","Blue_Left",100,100,0,50,"Up"
23,6,5,"Red_Down","Yellow_Right","Green_Right","Blue_Up",-150,100,50,50,"Left"
23,6,6,"Red_Up","Yellow_Left","Green_Right","Blue_Down",-150,100,50,50,"Left"
23,6,7,"Red_Down","Yellow_Down","Green_Left","Blue_Left",-150,100,50,50,"Down"
23,6,8,"Red_Down","Yellow_Down","Green_Right","Blue_Up",-150,100,50,-200,"Up"
23,6,9,"Red_Up","Yellow_Left","Green_Left","Blue_Left",100,100,0,-200,"Up"
23,6,10,"Red_Left","Yellow_Up","Green_Left","Blue_Up",-150,100,50,50,"Left"
23,6,11,"Red_Right","Yellow_Down","Green_Down","Blue_Up",100,100,0,50,"Up"
23,6,12,"Red_Right","Yellow_Left","Green_Right","Blue_Down",-150,100,50,50,"Left"
23,6,13,"Red_Right","Yellow_Left","Green_Up","Blue_Down",100,-1150,50,50,"Right"
23,6,14,"Red_Right","Yellow_Right","Green_Up","Blue_Down",100,100,50,50,"Up"
23,6,15,"Red_Down","Yellow_Up","Green_Left","Blue_Down",-150,100,0,50,"Up"
23,6,16,"Red_Left","Yellow_Down","Green_Left","Blue_Left",100,100,50,50,"Up"
23,6,17,"Red_Right","Yellow_Left","Green_Down","Blue_Up",100,100,50,50,"Up"
23,6,18,"Red_Right","Yellow_Down","Green_Down","Blue_Left",100,100,0,50,"Left"
23,6,19,"Red_Down","Yellow_Right","Green_Down","Blue_Left",-150,100,0,50,"Right"
23,6,20,"Red_Left","Yellow_Right","Green_Left","Blue_Up",100,100,0,50,"Up"
23,6,21,"Red_Right","Yellow_Left","Green_Up","Blue_Up",-150,100,0,-200,"Left"
23,6,22,"Red_Left","Yellow_Left","Green_Down","Blue_Left",100,100,50,50,"Right"
23,6,23,"Red_Up","Yellow_Down","Green_Up","Blue_Up",100,-1150,0,50,"Left"
23,6,24,"Red_Up","Yellow_Up","Green_Left","Blue_Right",100,100,0,50,"Up"
23,6,25,"Red_Down","Yellow_Right","Green_Down","Blue_Right",100,100,50,50,"Right"
23,6,26,"Red_Down","Yellow_Down","Green_Down","Blue_Right",-150,100,0,50,"Down"
23,6,27,"Red_Right","Yellow_Up","Green_Down","Blue_Down",100,100,50,50,"Right"
23,6,28,"Red_Down","Yellow_Down","Green_Right","Blue_Down",-150,100,0,-200,"Up"
23,6,29,"Red_Right","Yellow_Right","Green_Left","Blue_Right",-150,-1150,0,50,"Up"
23,6,30,"Red_Up","Yellow_Right","Green_Right","Blue_Left",-150,100,50,50,"Left"
23,6,31,"Red_Up","Yellow_Left","Green_Right","Blue_Left",100,100,50,50,"Left"
23,6,32,"Red_Up","Yellow_Left","Green_Right","Blue_Down",-150,100,0,50,"Left"
23,6,33,"Red_Down","Yellow_Down","Green_Left","Blue_Left",-150,-1150,0,50,"Right"
23,6,34,"Red_Right","Yellow_Down","Green_Up","Blue_Right",-150,100,0,50,"Right"
23,6,35,"Red_Right","Yellow_Left","Green_Up","Blue_Right",100,100,50,50,"Up"
23,6,36,"Red_Down","Yellow_Down","Green_Left","Blue_Up",100,100,0,50,"Left"
23,6,37,"Red_Right","Yellow_Right","Green_Up","Blue_Left",-150,100,50,50,"Left"
23,6,38,"Red_Down","Yellow_Left","Green_Left","Blue_Left",100,100,50,50,"Left"
23,6,39,"Red_Right","Yellow_Right","Green_Right","Blue_Down",-150,100,50,50,"Right"
23,6,40,"Red_Down","Yellow_Right","Green_Right","Blue_Left",-150,100,0,50,"Up"
23,6,41,"Red_Right","Yellow_Right","Green_Up","Blue_Right",-150,100,50,50,"Down"
23,6,42,"Red_Right","Yellow_Down","Green_Down","Blue_Up",100,100,0,50,"Left"
23,6,43,"Red_Right","Yellow_Right","Green_Left","Blue_Right",100,100,0,50,"Left"
23,6,44,"Red_Left","Yellow_Up","Green_Up","Blue_Right",100,100,0,-200,"Up"
23,6,45,"Red_Up","Yellow_Down","Green_Left","Blue_Down",100,100,0,50,"Right"
23,6,46,"Red_Right","Yellow_Right","Green_Right","Blue_Down",-150,100,50,50,"Up"
23,6,47,"Red_Down","Yellow_Up","Green_Left","Blue_Left",100,100,0,50,"Up"
23,6,48,"Red_Right","Yellow_Up","Green_Up","Blue_Down",-150,100,50,50,"Up"
23,6,49,"Red_Down","Yellow_Left","Green_Left","Blue_Right",-150,-1150,0,50,"Up"
23,6,50,"Red_Right","Yellow_Down","Green_Down","Blue_Right",100,100,50,50,"Down"
24,1,1,"Red_Up","Yellow_Up","Green_Up","Blue_Right",-150,100,0,50,"Up"
24,1,2,"Red_Left","Yellow_Left","Green_Up","Blue_Up",100,100,0,50,"Left"
24,1,3,"Red_Down","Yellow_Right","Green_Down","Blue_Right",100,100,0,50,"Right"
24,1,4,"Red_Up","Yellow_Left","Green_Up","Blue_Right",-150,100,50,-200,"Down"
24,1,5,"Red_Right","Yellow_Up","Green_Down","Blue_Left",-150,100,50,50,"Up"
24,1,6,"Red_Right","Yellow_Up","Green_Down","Blue_Up",100,-1150,50,50,"Left"
24,1,7,"Red_Down","Yellow_Right","Green_Left","Blue_Left",-150,100,0,50,"Left"
24,1,8,"Red_Left","Yellow_Down","Green_Right","Blue_Left",100,100,0,50,"Up"
24,1,9,"Red_Right","Yellow_Left","Green_Down","Blue_Down",100,-1150,50,50,"Right"
24,1,10,"Red_Right","Yellow_Left","Green_Right","Blue_Down",100,100,50,50,"Left"
24,1,11,"Red_Up","Yellow_Down","Green_Left","Blue_Up",-150,100,50,50,"Down"
24,1,12,"Red_Right","Yellow_Down","Green_Left","Blue_Down",-150,100,0,50,"Left"
24,1,13,"Red_Right","Yellow_Down","Green_Down","Blue_Down",-150,100,0,50,"Down"
24,1,14,"Red_Left","Yellow_Right","Green_Right","Blue_Right",100,100,0,50,"Down"
24,1,15,"Red_Down","Yellow_Up","Green_Right","Blue_Down",100,100,50,50,"Left"
24,1,16,"Red_Left","Yellow_Down","Green_Right","Blue_Left",-150,100,0,50,"Up"
24,1,17,"Red_Right","Yellow_Left","Green_Right","Blue_Up",-150,100,0,50,"Right"
24,1,18,"Red_Down","Yellow_Down","Green_Up","Blue_Left",100,100,50,50,"Right"
24,1,19,"Red_Right","Yellow_Left","Green_Left","Blue_Down",-150,-1150,50,50,"Down"
24,1,20,"Red_Up","Yellow_Down","Green_Right","Blue_Up",100,100,50,-200,"Right"
24,1,21,"Red_Down","Yellow_Up","Green_Right","Blue_Up",100,100,0,50,"Down"
24,1,22,"Red_Right","Yellow_Down","Green_Up","Blue_Right",100,100,50,50,"Down"
24,1,23,"Red_Left","Yellow_Right","Green_Down","Blue_Left",-150,100,0,50,"Up"
24,1,24,"Red_Left","Yellow_Left","Green_Left","Blue_Up",-150,100,50,50,"Right"
24,1,25,"Red_Down","Yellow_Left","Green_Right","Blue_Up",100,100,0,50,"Left"
24,1,26,"Red_Up","Yellow_Up","Green_Right","Blue_Up",-150,-1150,50,-200,"Right"
24,1,27,"Red_Up","Yellow_Left","Green_Down","Blue_Left",100,100,0,50,"Left"
24,1,28,"Red_Right","Yellow_Up","Green_Down","Blue_Left",-150,100,50,50,"Left"
24,1,29,"Red_Right","Yellow_Down","Green_Down","Blue_Up",100,100,0,50,"Down"
24,1,30,"Red_Down","Yellow_Down","Green_Up","Blue_Up",-150,100,0,50,"Left"
24,1,31,"Red_Right","Yellow_Up","Green_Left","Blue_Left",-150,100,50,50,"Down"
24,1,32,"Red_Down","Yellow_Up","Green_Right","Blue_Right",-150,100,0,50,"Down"
24,1,33,"Red_Down","Yellow_Down","Green_Up","Blue_Down",-150,100,50,50,"Up"
24,1,34,"Red_Down","Yellow_Left","Green_Up","Blue_Left",100,100,50,50,"Right"
24,1,35,"Red_Left","Yellow_Right","Green_Left","Blue_Down",-150,100,50,50,"Up"
24,1,36,"Red_Right","Yellow_Up","Green_Left","Blue_Left",100,100,50,50,"Right"
24,1,37,"Red_Right","Yellow_Down","Green_Right","Blue_Up",100,100,0,50,"Down"
24,1,38,"Red_Up","Yellow_Right","Green_Left","Blue_Up",100,100,0,50,"Up"
24,1,39,"Red_Up","Yellow_Up","Green_Up","Blue_Down",100,100,50,50,"Up"
24,1,40,"Red_Right","Yellow_Down","Green_Down","Blue_Right",-150,100,50,50,"Up"
24,1,41,"Red_Left","Yellow_Right","Green_Right","Blue_Left",100,100,0,50,"Up"
24,1,42,"Red_Left","Yellow_Down","Green_Up","Blue_Down",-150,-1150,50,50,"Down"
24,1,43,"Red_Left","Yellow_Up","Green_Left","Blue_Left",100,100,0,-200,"Left"
24,1,44,"Red_Up","Yellow_Right","Green_Down","Blue_Down",100,100,0,50,"Down"
24,1,45,"Red_Up","Yellow_Right","Green_Down","Blue_Left",-150,100,50,50,"Right"
24,1,46,"Red_Left","Yellow_Down","Green_Left","Blue_Down",-150,100,0,-200,"Right"
24,1,47,"Red_Right","Yellow_Right","Green_Down","Blue_Left",100,100,50,50,"Right"
24,1,48,"Red_Down","Yellow_Right","Green_Left","Blue_Up",-150,100,50,50,"Left"
24,1,49,"Red_Up","Yellow_Up","Green_Right","Blue_Left",100,100,0,50,"Up"
24,1,50,"Red_Right","Yellow_Left","Green_Up","Blue_Left",-150,100,0,50,"Up"
24,2,1,"Red_Down","Yellow_Right","Green_Left","Blue_Left",-150,100,0,50,"Down"
24,2,2,"Red_Left","Yellow_Down","Green_Up","Blue_Left",100,100,50,50,"Up"
24,2,3,"Red_Up","Yellow_Down","Green_Left","Blue_Up",-150,100,0,50,"Left"
24,2,4,"Red_Left","Yellow_Right","Green_Down","Blue_Right",-150,100,0,50,"Right"
24,2,5,"Red_Up","Yellow_Down","Green_Left","Blue_Left",100,100,50,-200,"Right"
24,2,6,"Red_Right","Yellow_Down","Green_Left","Blue_Left",100,-1150,0,50,"Right"
24,2,7,"Red_Right","Yellow_Up","Green_Left","Blue_Up",-150,100,50,50,"Left"
24,2,8,"Red_Down","Yellow_Right","Green_Up","Blue_Right",-150,100,0,50,"Down"
24,2,9,"Red_Right","Yellow_Down","Green_Up","Blue_Down",100,-1150,0,50,"Up"
24,2,10,"Red_Down","Yellow_Up","Green_Right","Blue_Left",-150,100,50,50,"Down"
24,2,11,"Red_Down","Yellow_Down","Green_Right","Blue_Down",-150,100,50,50,"Left"
24,2,12,"Red_Down","Yellow_Up","Green_Down","Blue_Up",-150,100,50,50,"Left"
24,2,13,"Red_Left","Yellow_Left","Green_Down","Blue_Right",-150,100,0,50,"Right"
24,2,14,"Red_Left","Yellow_Down","Green_Down","Blue_Right",-150,100,50,-200,"Right"
24,2,15,"Red_Up","Yellow_Left","Green_Right","Blue_Up",-150,100,50,50,"Down"
24,2,16,"Red_Right","Yellow_Down","Green_Left","Blue_Right",100,100,50,50,"Up"
24,2,17,"Red_Down","Yellow_Left","Green_Up","Blue_Left",100,100,50,50,"Down"
24,2,18,"Red_Up","Yellow_Left","Green_Up","Blue_Left",100,100,50,-200,"Up"
24,2,19,"Red_Left","Yellow_Down","Green_Up","Blue_Up",-150,100,0,50,"Left"
24,2,20,"Red_Left","Yellow_Up","Green_Left","Blue_Left",100,100,0,50,"Right"
24,2,21,"Red_Left","Yellow_Up","Green_Up","Blue_Right",-150,-1150,0,-200,"Left"
24,2,22,"Red_Right","Yellow_Right","Green_Down","Blue_Down",-150,100,0,50,"Right"
24,2,23,"Red_Left","Yellow_Down","Green_Left","Blue_Right",100,100,50,50,"Right"
24,2,24,"Red_Left","Yellow_Down","Green_Down","Blue_Down",100,100,50,50,"Up"
24,2,25,"Red_Right","Yellow_Left","Green_Up","Blue_Right",100,-1150,0,50,"Right"
24,2,26,"Red_Right","Yellow_Left","Green_Down","Blue_Left",-150,100,50,50,"Down"
24,2,27,"Red_Down","Yellow_Down","Green_Down","Blue_Left",-150,100,50,50,"Left"
24,2,28,"Red_Down","Yellow_Right","Green_Left","Blue_Right",100,100,0,50,"Up"
24,2,29,"Red_Right","Yellow_Left","Green_Up","Blue_Right",100,100,50,50,"Left"
24,2,30,"Red_Down","Yellow_Right","Green_Right","Blue_Left",100,100,0,50,"Right"
24,2,31,"Red_Up","Yellow_Down","Green_Left","Blue_Left",100,100,50,50,"Down"
24,2,32,"Red_Down","Yellow_Up","Green_Up","Blue_Left",100,100,50,50,"Up"
24,2,33,"Red_Right","Yellow_Right","Green_Up","Blue_Up",-150,100,0,50,"Right"
24,2,34,"Red_Up","Yellow_Down","Green_Left","Blue_Left",-150,100,50,50,"Up"
24,2,35,"Red_Left","Yellow_Up","Green_Right","Blue_Up",100,100,0,50,"Right"
24,2,36,"Red_Left","Yellow_Left","Green_Right","Blue_Down",100,100,0,50,"Left"
24,2,37,"Red_Down","Yellow_Right","Green_Down","Blue_Down",100,100,50,50,"Up"
24,2,38,"Red_Right","Yellow_Up","Green_Right","Blue_Down",100,100,0,50,"Up"
24,2,39,"Red_Right","Yellow_Left","Green_Up","Blue_Down",100,100,50,50,"Down"
24,2,40,"Red_Down","Yellow_Left","Green_Left","Blue_Down",100,100,50,50,"Right"
24,2,41,"Red_Up","Yellow_Up","Green_Left","Blue_Down",-150,100,0,50,"Left"
24,2,42,"Red_Down","Yellow_Down","Green_Left","Blue_Left",-150,100,50,50,"Right"
24,2,43,"Red_Down","Yellow_Right","Green_Left","Blue_Left",-150,100,50,-200,"Down"
24,2,44,"Red_Down","Yellow_Down","Green_Left","Blue_Down",-150,100,0,50,"Right"
24,2,45,"Red_Down","Yellow_Left","Green_Up","Blue_Down",-150,100,50,50,"Left"
24,2,46,"Red_Right","Yellow_Up","Green_Right","Blue_Right",-150,100,0,50,"Down"
24,2,47,"Red_Right","Yellow_Right","Green_Right","Blue_Down",-150,100,0,50,"Up"
24,2,48,"Red_Up","Yellow_Right","Green_Up","Blue_Down",100,100,0,50,"Up"
24,2,49,"Red_Left","Yellow_Down","Green_Down","Blue_Down",100,100,0,50,"Right"
24,2,50,"Red_Right","Yellow_Right","Green_Down","Blue_Up",100,-1150,0,50,"Up"
24,3,1,"Red_Up","Yellow_Up","Green_Right","Blue_Right",-150,-1150,0,50,"Left"
24,3,2,"Red_Right","Yellow_Down","Green_Left","Blue_Up",100,100,0,50,"Left"
24,3,3,"Red_Down","Yellow_Down","Green_Down","Blue_Right",100,100,50,50,"Left"
24,3,4,"Red_Down","Yellow_Up","Green_Up","Blue_Up",-150,-1150,0,50,"Right"
24,3,5,"Red_Down","Yellow_Up","Green_Right","Blue_Left",100,100,50,50,"Right"
24,3,6,"Red_Left","Yellow_Up","Green_Left","Blue_Left",100,100,50,50,"Down"
24,3,7,"Red_Down","Yellow_Right","Green_Left","Blue_Right",100,100,50,50,"Up"
24,3,8,"Red_Left","Yellow_Down","Green_Down","Blue_Down",100,100,0,50,"Left"
24,3,9,"Red_Left","Yellow_Down","Green_Up","Blue_Right",-150,100,0,50,"Right"
24,3,10,"Red_Right","Yellow_Down","Green_Right","Blue_Left",100,-1150,50,-200,"Right"
24,3,11,"Red_Up","Yellow_Down","Green_Left","Blue_Right",-150,100,0,50,"Left"
24,3,12,"Red_Left","Yellow_Left","Green_Down","Blue_Right",100,100,50,50,"Down"
24,3,13,"Red_Up","Yellow_Down","Green_Up","Blue_Down",100,100,0,-200,"Up"
24,3,14,"Red_Down","Yellow_Right","Green_Up","Blue_Right",100,100,50,50,"Left"
24,3,15,"Red_Down","Yellow_Up","Green_Down","Blue_Left",-150,100,0,50,"Right"
24,3,16,"Red_Down","Yellow_Left","Green_Down","Blue_Up",-150,100,0,50,"Down"
24,3,17,"Red_Right","Yellow_Right","Green_Left","Blue_Right",100,100,0,50,"Up"
24,3,18,"Red_Down","Yellow_Down","Green_Up","Blue_Up",-150,100,0,50,"Up"
24,3,19,"Red_Left","Yellow_Left","Green_Right","Blue_Up",-150,100,50,50,"Right"
24,3,20,"Red_Up","Yellow_Up","Green_Left","Blue_Down",-150,100,0,50,"Up"
24,3,21,"Red_Left","Yellow_Down","Green_Left","Blue_Left",-150,100,50,50,"Up"
24,3,22,"Red_Left","Yellow_Left","Green_Left","Blue_Up",-150,-1150,50,50,"Down"
24,3,23,"Red_Left","Yellow_Up","Green_Up","Blue_Right",100,100,0,50,"Left"
24,3,24,"Red_Left","Yellow_Down","Green_Down","Blue_Down",100,100,50,50,"Left"
24,3,25,"Red_Left","Yellow_Left","Green_Left","Blue_Left",100,100,50,50,"Left"
24,3,26,"Red_Down","Yellow_Up","Green_Down","Blue_Down",100,100,50,50,"Up"
24,3,27,"Red_Down","Yellow_Left","Green_Up","Blue_Right",-150,100,0,50,"Right"
24,3,28,"Red_Down","Yellow_Up","Green_Up","Blue_Down",100,100,0,50,"Down"
24,3,29,"Red_Down","Yellow_Left","Green_Right","Blue_Right",-150,100,50,50,"Up"
24,3,30,"Red_Up","Yellow_Left","Green_Left","Blue_Up",100,100,50,50,"Left"
24,3,31,"Red_Down","Yellow_Right","Green_Up","Blue_Up",-150,100,0,50,"Left"
24,3,32,"Red_Down","Yellow_Down","Green_Left","Blue_Down",100,100,50,50,"Right"
24,3,33,"Red_Down","Yellow_Down","Green_Up","Blue_Down",100,100,0,50,"Down"
24,3,34,"Red_Right","Yellow_Right","Green_Up","Blue_Up",100,100,50,50,"Down"
24,3,35,"Red_Up","Yellow_Right","Green_Up","Blue_Right",100,100,50,50,"Right"
24,3,36,"Red_Right","Yellow_Down","Green_Down","Blue_Down",-150,100,50,50,"Left"
24,3,37,"Red_Down","Yellow_Up","Green_Down","Blue_Left",-150,100,50,-200,"Left"
24,3,38,"Red_Left","Yellow_Left","Green_Up","Blue_Up",100,100,0,50,"Left"
24,3,39,"Red_Right","Yellow_Right","Green_Up","Blue_Right",100,100,0,50,"Up"
24,3,40,"Red_Right","Yellow_Down","Green_Down","Blue_Right",-150,100,50,50,"Up"
24,3,41,"Red_Up","Yellow_Left","Green_Left","Blue_Left",-150,100,50,-200,"Left"
24,3,42,"Red_Right","Yellow_Right","Green_Down","Blue_Right",-150,-1150,50,50,"Right"
24,3,43,"Red_Down","Yellow_Up","Green_Left","Blue_Down",-150,100,0,-200,"Right"
24,3,44,"Red_Right","Yellow_Right","Green_Right","Blue_Up",100,100,0,50,"Right"
24,3,45,"Red_Left","Yellow_Down","Green_Left","Blue_Down",-150,100,0,50,"Left"
24,3,46,"Red_Right","Yellow_Right","Green_Left","Blue_Left",100,100,50,50,"Down"
24,3,47,"Red_Right","Yellow_Down","Green_Left","Blue_Right",-150,100,0,50,"Right"
24,3,48,"Red_Left","Yellow_Up","Green_Down","Blue_Up",-150,100,0,50,"Right"
24,3,49,"Red_Down","Yellow_Down","Green_Down","Blue_Up",-150,100,50,50,"Down"
24,3,50,"Red_Right","Yellow_Up","Green_Down","Blue_Down",-150,100,0,50,"Left"
24,4,1,"Red_Down","Yellow_Left","Green_Down","Blue_Right",-150,100,0,50,"Down"
24,4,2,"Red_Left","Yellow_Left","Green_Left","Blue_Down",-150,100,50,50,"Left"
24,4,3,"Red_Right","Yellow_Up","Green_Right","Blue_Right",100,100,0,-200,"Right"
24,4,4,"Red_Left","Yellow_Right","Green_Down","Blue_Down",100,100,0,50,"Up"
24,4,5,"Red_Up","Yellow_Up","Green_Down","Blue_Up",100,100,50,50,"Left"
24,4,6,"Red_Down","Yellow_Up","Green_Right","Blue_Left",100,100,50,50,"Left"
24,4,7,"Red_Up","Yellow_Left","Green_Up","Blue_Up",-150,-1150,50,50,"Right"
24,4,8,"Red_Left","Yellow_Right","Green_Left","Blue_Right",-150,100,50,50,"Up"
24,4,9,"Red_Up","Yellow_Left","Green_Down","Blue_Up",100,100,50,50,"Up"
24,4,10,"Red_Left","Yellow_Down","Green_Left","Blue_Up",100,100,0,50,"Left"
24,4,11,"Red_Left","Yellow_Up","Green_Up","Blue_Up",100,100,50,50,"Right"
24,4,12,"Red_Left","Yellow_Right","Green_Right","Blue_Up",-150,100,50,50,"Down"
24,4,13,"Red_Left","Yellow_Up","Green_Right","Blue_Down",-150,100,0,50,"Left"
24,4,14,"Red_Up","Yellow_Down","Green_Right","Blue_Left",100,100,50,-200,"Left"
24,4,15,"Red_Up","Yellow_Up","Green_Right","Blue_Down",-150,100,50,-200,"Left"
24,4,16,"Red_Up","Yellow_Down","Green_Right","Blue_Up",-150,-1150,0,50,"Up"
24,4,17,"Red_Down","Yellow_Left","Green_Left","Blue_Left",100,100,50,50,"Left"
24,4,18,"Red_Up","Yellow_Left","Green_Right","Blue_Up",-150,-1150,50,50,"Left"
24,4,19,"Red_Left","Yellow_Up","Green_Down","Blue_Left",-150,100,0,50,"Left"
24,4,20,"Red_Down","Yellow_Right","Green_Down","Blue_Up",-150,100,50,50,"Up"
24,4,21,"Red_Left","Yellow_Up","Green_Left","Blue_Up",-150,100,50,50,"Left"
24,4,22,"Red_Down","Yellow_Left","Green_Left","Blue_Left",100,100,0,50,"Up"
24,4,23,"Red_Left","Yellow_Up","Green_Right","Blue_Right",-150,100,0,50,"Down"
24,4,24,"Red_Up","Yellow_Left","Green_Right","Blue_Right",100,100,0,50,"Right"
24,4,25,"Red_Right","Yellow_Up","Green_Down","Blue_Up",100,100,0,-200,"Left"
24,4,26,"Red_Down","Yellow_Up","Green_Up","Blue_Down",100,100,50,50,"Up"
24,4,27,"Red_Left","Yellow_Up","Green_Right","Blue_Up",100,100,0,50,"Down"
24,4,28,"Red_Up","Yellow_Down","Green_Right","Blue_Right",-150,100,0,-200,"Down"
24,4,29,"Red_Up","Yellow_Right","Green_Left","Blue_Up",100,100,50,50,"Right"
24,4,30,"Red_Up","Yellow_Right","Green_Down","Blue_Right",100,100,0,50,"Down"
24,4,31,"Red_Down","Yellow_Down","Green_Up","Blue_Right",-150,100,0,50,"Up"
24,4,32,"Red_Right","Yellow_Down","Green_Right","Blue_Left",-150,100,50,50,"Down"
24,4,33,"Red_Right","Yellow_Down","Green_Down","Blue_Left",-150,100,0,50,"Left"
24,4,34,"Red_Up","Yellow_Down","Green_Right","Blue_Left",-150,100,0,50,"Left"
24,4,35,"Red_Right","Yellow_Right","Green_Right","Blue_Up",-150,100,50,50,"Left"
24,4,36,"Red_Left","Yellow_Right","Green_Right","Blue_Up",100,100,0,50,"Right"
24,4,37,"Red_Up","Yellow_Down","Green_Left","Blue_Right",-150,100,50,50,"Up"
24,4,38,"Red_Right","Yellow_Right","Green_Right","Blue_Right",100,100,50,50,"Left"
24,4,39,"Red_Right","Yellow_Down","Green_Down","Blue_Right",100,-1150,0,50,"Down"
24,4,40,"Red_Down","Yellow_Down","Green_Left","Blue_Up",-150,100,50,50,"Left"
24,4,41,"Red_Down","Yellow_Up","Green_Right","Blue_Up",100,100,50,50,"Right"
24,4,42,"Red_Left","Yellow_Up","Green_Up","Blue_Down",100,100,50,50,"Right"
24,4,43,"Red_Up","Yellow_Left","Green_Left","Blue_Down",100,100,0,50,"Right"
24,4,44,"Red_Right","Yellow_Right","Green_Down","Blue_Right",-150,100,50,50,"Down"
24,4,45,"Red_Left","Yellow_Right","Green_Right","Blue_Left",-150,100,50,50,"Down"
24,4,46,"Red_Right","Yellow_Left","Green_Right","Blue_Left",100,100,0,50,"Left"
24,4,47,"Red_Left","Yellow_Down","Green_Down","Blue_Down",-150,100,0,50,"Right"
24,4,48,"Red_Down","Yellow_Right","Green_Down","Blue_Left",100,100,0,50,"Right"
24,4,49,"Red_Left","Yellow_Right","Green_Right","Blue_Up",100,-1150,0,50,"Up"
24,4,50,"Red_Up","Yellow_Up","Green_Up","Blue_Right",-150,100,0,50,"Left"
24,5,1,"Red_Left","Yellow_Right","Green_Left","Blue_Right",-150,100,50,50,"Down"
24,5,2,"Red_Down","Yellow_Left","Green_Down","Blue_Up",-150,100,0,50,"Left"
24,5,3,"Red_Up","Yellow_Up","Green_Right","Blue_Left",100,100,50,50,"Right"
24,5,4,"Red_Right","Yellow_Up","Green_Up","Blue_Down",100,100,50,50,"Down"
24,5,5,"Red_Right","Yellow_Down","Green_Right","Blue_Down",100,100,50,50,"Left"
24,5,6,"Red_Down","Yellow_Up","Green_Right","Blue_Right",-150,100,50,50,"Down"
24,5,7,"Red_Right","Yellow_Up","Green_Right","Blue_Down",-150,100,50,50,"Right"
24,5,8,"Red_Down","Yellow_Up","Green_Right","Blue_Up",100,100,50,50,"Up"
24,5,9,"Red_Up","Yellow_Left","Green_Down","Blue_Down",100,100,0,50,"Down"
24,5,10,"Red_Left","Yellow_Right","Green_Left","Blue_Right",100,100,0,50,"Up"
24,5,11,"Red_Down","Yellow_Up","Green_Left","Blue_Up",100,100,0,50,"Right"
24,5,12,"Red_Left","Yellow_Down","Green_Down","Blue_Up",-150,100,0,50,"Right"
24,5,13,"Red_Left","Yellow_Up","Green_Up","Blue_Up",-150,100,50,50,"Left"
24,5,14,"Red_Right","Yellow_Right","Green_Left","Blue_Right",-150,100,0,50,"Down"
24,5,15,"Red_Left","Yellow_Right","Green_Up","Blue_Down",100,-1150,50,50,"Down"
24,5,16,"Red_Up","Yellow_Up","Green_Left","Blue_Down",100,100,50,50,"Down"
24,5,17,"Red_Up","Yellow_Down","Green_Right","Blue_Left",100,100,0,50,"Down"
24,5,18,"Red_Down","Yellow_Right","Green_Up","Blue_Right",100,100,0,50,"Up"
24,5,19,"Red_Up","Yellow_Up","Green_Right","Blue_Up",-150,100,50,50,"Left"
24,5,20,"Red_Down","Yellow_Left","Green_Right","Blue_Up",-150,100,0,50,"Right"
24,5,21,"Red_Left","Yellow_Down","Green_Left","Blue_Down",-150,100,50,50,"Down"
24,5,22,"Red_Left","Yellow_Right","Green_Up","Blue_Left",100,100,0,50,"Up"
24,5,23,"Red_Up","Yellow_Up","Green_Down","Blue_Right",100,100,0,50,"Up"
24,5,24,"Red_Up","Yellow_Right","Green_Right","Blue_Left",-150,100,50,50,"Up"
24,5,25,"Red_Left","Yellow_Down","Green_Down","Blue_Left",100,-1150,0,50,"Up"
24,5,26,"Red_Up","Yellow_Up","Green_Right","Blue_Right",100,-1150,50,50,"Up"
24,5,27,"Red_Down","Yellow_Right","Green_Left","Blue_Up",100,-1150,0,50,"Up"
24,5,28,"Red_Down","Yellow_Down","Green_Left","Blue_Right",100,100,50,50,"Left"
24,5,29,"Red_Up","Yellow_Left","Green_Left","Blue_Left",-150,100,0,50,"Down"
24,5,30,"Red_Down","Yellow_Up","Green_Right","Blue_Left",-150,100,0,50,"Down"
24,5,31,"Red_Down","Yellow_Down","Green_Up","Blue_Up",-150,100,50,50,"Down"
24,5,32,"Red_Left","Yellow_Down","Green_Left","Blue_Right",-150,100,0,50,"Right"
24,5,33,"Red_Left","Yellow_Down","Green_Left","Blue_Down",-150,100,50,50,"Right"
24,5,34,"Red_Up","Yellow_Right","Green_Down","Blue_Right",100,100,0,-200,"Left"
24,5,35,"Red_Down","Yellow_Right","Green_Left","Blue_Right",100,100,50,50,"Up"
24,5,36,"Red_Down","Yellow_Down","Green_Up","Blue_Right",100,100,0,50,"Right"
24,5,37,"Red_Down","Yellow_Down","Green_Up","Blue_Left",-150,100,50,50,"Right"
24,5,38,"Red_Up","Yellow_Left","Green_Up","Blue_Left",100,100,0,50,"Left"
24,5,39,"Red_Left","Yellow_Left","Green_Left","Blue_Down",-150,100,0,-200,"Right"
24,5,40,"Red_Up","Yellow_Right","Green_Down","Blue_Up",-150,100,0,50,"Up"
24,5,41,"Red_Left","Yellow_Up","Green_Down","Blue_Up",-150,100,50,50,"Down"
24,5,42,"Red_Right","Yellow_Right","Green_Right","Blue_Up",-150,-1150,0,-200,"Down"
24,5,43,"Red_Down","Yellow_Down","Green_Right","Blue_Down",100,100,50,50,"Down"
24,5,44,"Red_Up","Yellow_Right","Green_Right","Blue_Left",100,100,50,50,"Right"
24,5,45,"Red_Up","Yellow_Up","Green_Left","Blue_Left",-150,100,0,50,"Up"
24,5,46,"Red_Right","Yellow_Up","Green_Up","Blue_Down",-150,100,50,50,"Up"
24,5,47,"Red_Down","Yellow_Down","Green_Left","Blue_Left",-150,100,50,-200,"Up"
24,5,48,"Red_Right","Yellow_Down","Green_Up","Blue_Left",100,100,50,50,"Up"
24,5,49,"Red_Up","Yellow_Right","Green_Up","Blue_Right",100,100,0,-200,"Down"
24,5,50,"Red_Right","Yellow_Left","Green_Up","Blue_Up",-150,100,0,50,"Up"
24,6,1,"Red_Up","Yellow_Down","Green_Left","Blue_Right",-150,100,50,50,"Down"
24,6,2,"Red_Up","Yellow_Left","Green_Left","Blue_Down",100,100,50,50,"Right"
24,6,3,"Red_Right","Yellow_Up","Green_Right","Blue_Right",-150,100,50,50,"Down"
24,6,4,"Red_Up","Yellow_Right","Green_Left","Blue_Left",-150,100,0,50,"Right"
24,6,5,"Red_Left","Yellow_Down","Green_Left","Blue_Right",100,100,50,50,"Left"
24,6,6,"Red_Left","Yellow_Down","Green_Left","Blue_Left",100,100,50,50,"Left"
24,6,7,"Red_Down","Yellow_Right","Green_Left","Blue_Left",-150,100,0,50,"Left"
24,6,8,"Red_Up","Yellow_Down","Green_Up","Blue_Down",100,-1150,50,50,"Up"
24,6,9,"Red_Down","Yellow_Up","Green_Up","Blue_Right",-150,100,50,50,"Up"
24,6,10,"Red_Right","Yellow_Down","Green_Down","Blue_Right",-150,100,50,50,"Up"
24,6,11,"Red_Left","Yellow_Left","Green_Right","Blue_Down",-150,100,0,50,"Left"
24,6,12,"Red_Down","Yellow_Up","Green_Right","Blue_Right",-150,-1150,50,50,"Up"
24,6,13,"Red_Down","Yellow_Right","Green_Down","Blue_Up",-150,100,0,50,"Down"
24,6,14,"Red_Down","Yellow_Up","Green_Right","Blue_Up",-150,100,0,50,"Right"
24,6,15,"Red_Up","Yellow_Left","Green_Left","Blue_Up",100,100,50,50,"Down"
24,6,16,"Red_Right","Yellow_Down","Green_Up","Blue_Down",-150,100,0,50,"Down"
24,6,17,"Red_Up","Yellow_Down","Green_Down","Blue_Right",100,-1150,0,50,"Right"
24,6,18,"Red_Down","Yellow_Up","Green_Up","Blue_Down",-150,100,50,50,"Up"
24,6,19,"Red_Up","Yellow_Up","Green_Left","Blue_Left",100,100,0,50,"Left"
24,6,20,"Red_Right","Yellow_Up","Green_Left","Blue_Up",-150,100,50,50,"Left"
24,6,21,"Red_Right","Yellow_Left","Green_Up","Blue_Left",100,100,50,50,"Left"
24,6,22,"Red_Up","Yellow_Right","Green_Up","Blue_Right",100,100,0,50,"Right"
24,6,23,"Red_Up","Yellow_Up","Green_Right","Blue_Left",100,100,0,50,"Up"
24,6,24,"Red_Left","Yellow_Right","Green_Left","Blue_Down",100,100,0,50,"Left"
24,6,25,"Red_Up","Yellow_Down","Green_Left","Blue_Up",100,100,50,50,"Up"
24,6,26,"Red_Up","Yellow_Down","Green_Up","Blue_Left",100,-1150,50,50,"Down"
24,6,27,"Red_Down","Yellow_Up","Green_Up","Blue_Right",-150,100,0,50,"Right"
24,6,28,"Red_Right","Yellow_Down","Green_Right","Blue_Left",100,100,0,-200,"Down"
24,6,29,"Red_Right","Yellow_Right","Green_Down","Blue_Down",-150,100,50,50,"Up"
24,6,30,"Red_Left","Yellow_Down","Green_Up","Blue_Left",100,-1150,50,50,"Right"
24,6,31,"Red_Down","Yellow_Up","Green_Left","Blue_Down",-150,100,0,-200,"Down"
24,6,32,"Red_Down","Yellow_Left","Green_Right","Blue_Down",-150,100,50,50,"Up"
24,6,33,"Red_Up","Yellow_Left","Green_Left","Blue_Up",100,100,50,50,"Right"
24,6,34,"Red_Down","Yellow_Right","Green_Left","Blue_Down",-150,100,0,50,"Right"
24,6,35,"Red_Right","Yellow_Down","Green_Right","Blue_Down",-150,100,0,50,"Left"
24,6,36,"Red_Up","Yellow_Left","Green_Down","Blue_Right",-150,100,0,50,"Down"
24,6,37,"Red_Left","Yellow_Right","Green_Up","Blue_Down",100,100,0,50,"Up"
24,6,38,"Red_Down","Yellow_Left","Green_Right","Blue_Right",-150,100,0,50,"Down"
24,6,39,"Red_Right","Yellow_Up","Green_Right","Blue_Left",-150,100,0,-200,"Up"
24,6,40,"Red_Right","Yellow_Right","Green_Down","Blue_Left",100,100,50,50,"Right"
24,6,41,"Red_Down","Yellow_Up","Green_Down","Blue_Down",100,100,0,50,"Down"
24,6,42,"Red_Down","Yellow_Up","Green_Up","Blue_Left",-150,100,50,50,"Up"
24,6,43,"Red_Right","Yellow_Down","Green_Down","Blue_Up",100,100,50,-200,"Right"
24,6,44,"Red_Down","Yellow_Right","Green_Right","Blue_Right",100,100,0,50,"Right"
24,6,45,"Red_Up","Yellow_Right","Green_Up","Blue_Right",-150,100,50,50,"Up"
24,6,46,"Red_Right","Yellow_Right","Green_Down","Blue_Left",-150,100,0,50,"Right"
24,6,47,"Red_Right","Yellow_Left","Green_Up","Blue_Left",100,100,0,50,"Down"
24,6,48,"Red_Right","Yellow_Down","Green_Up","Blue_Right",100,100,50,50,"Right"
24,6,49,"Red_Down","Yellow_Right","Green_Down","Blue_Down",100,100,50,-200,"Up"
24,6,50,"Red_Right","Yellow_Left","Green_Left","Blue_Up",100,100,0,50,"Left"
25,1,1,"Red_Up","Yellow_Left","Green_Left","Blue_Up",-150,100,0,50,"Up"
25,1,2,"Red_Down","Yellow_Left","Green_Left","Blue_Up",100,100,50,50,"Down"
25,1,3,"Red_Down","Yellow_Left","Green_Left","Blue_Up",-150,100,50,50,"Right"
25,1,4,"Red_Right","Yellow_Down","Green_Down","Blue_Up",100,100,50,50,"Left"
25,1,5,"Red_Down","Yellow_Right","Green_Up","Blue_Right",-150,100,0,50,"Left"
25,1,6,"Red_Right","Yellow_Down","Green_Up","Blue_Left",-150,100,0,-200,"Down"
25,1,7,"Red_Up","Yellow_Down","Green_Left","Blue_Up",100,100,50,-200,"Left"
25,1,8,"Red_Right","Yellow_Down","Green_Down","Blue_Left",-150,100,50,50,"Up"
25,1,9,"Red_Down","Yellow_Up","Green_Right","Blue_Up",100,100,0,50,"Down"
25,1,10,"Red_Up","Yellow_Down","Green_Left","Blue_Down",100,100,50,50,"Left"
25,1,11,"Red_Right","Yellow_Down","Green_Up","Blue_Up",-150,100,0,50,"Left"
25,1,12,"Red_Down","Yellow_Right","Green_Left","Blue_Up",100,100,0,50,"Right"
25,1,13,"Red_Up","Yellow_Up","Green_Right","Blue_Right",100,100,50,50,"Left"
25,1,14,"Red_Up","Yellow_Down","Green_Left","Blue_Up",-150,-1150,50,-200,"Left"
25,1,15,"Red_Up","Yellow_Up","Green_Right","Blue_Up",-150,100,0,50,"Left"
25,1,16,"Red_Down","Yellow_Down","Green_Left","Blue_Down",100,100,50,50,"Up"
25,1,17,"Red_Left","Yellow_Left","Green_Up","Blue_Left",-150,-1150,0,50,"Up"
25,1,18,"Red_Up","Yellow_Right","Green_Right","Blue_Down",100,100,50,50,"Up"
25,1,19,"Red_Down","Yellow_Up","Green_Down","Blue_Left",-150,100,50,50,"Right"
25,1,20,"Red_Left","Yellow_Up","Green_Up","Blue_Down",100,-1150,50,50,"Down"
25,1,21,"Red_Right","Yellow_Down","Green_Down","Blue_Right",100,100,0,-200,"Down"
25,1,22,"Red_Left","Yellow_Up","Green_Left","Blue_Up",100,100,0,50,"Right"
25,1,23,"Red_Right","Yellow_Down","Green_Up","Blue_Right",100,100,0,-200,"Left"
25,1,24,"Red_Right","Yellow_Left","Green_Down","Blue_Down",100,100,50,50,"Left"
25,1,25,"Red_Right","Yellow_Right","Green_Down","Blue_Up",-150,100,0,50,"Left"
25,1,26,"Red_Right","Yellow_Left","Green_Up","Blue_Up",-150,100,50,50,"Left"
25,1,27,"Red_Up","Yellow_Down","Green_Right","Blue_Left",100,100,50,50,"Down"
25,1,28,"Red_Right","Yellow_Left","Green_Right","Blue_Down",100,100,50,50,"Right"
25,1,29,"Red_Right","Yellow_Up","Green_Down","Blue_Left",-150,100,50,50,"Right"
25,1,30,"Red_Left","Yellow_Down","Green_Left","Blue_Left",100,100,0,50,"Left"
25,1,31,"Red_Down","Yellow_Right","Green_Up","Blue_Left",-150,100,0,50,"Up"
25,1,32,"Red_Down","Yellow_Up","Green_Down","Blue_Down",-150,-1150,0,50,"Down"
25,1,33,"Red_Right","Yellow_Right","Green_Left","Blue_Up",-150,100,0,50,"Right"
25,1,34,"Red_Up","Yellow_Left","Green_Down","Blue_Down",100,100,50,50,"Down"
25,1,35,"Red_Right","Yellow_Left","Green_Down","Blue_Right",-150,-1150,50,50,"Up"
25,1,36,"Red_Left","Yellow_Right","Green_Up","Blue_Left",-150,100,0,50,"Down"
25,1,37,"Red_Down","Yellow_Left","Green_Down","Blue_Right",-150,100,0,50,"Right"
25,1,38,"Red_Up","Yellow_Right","Green_Down","Blue_Left",-150,100,50,50,"Down"
25,1,39,"Red_Up","Yellow_Left","Green_Left","Blue_Right",-150,100,50,50,"Left"
25,1,40,"Red_Down","Yellow_Up","Green_Left","Blue_Right",100,100,50,50,"Down"
25,1,41,"Red_Left","Yellow_Up","Green_Left","Blue_Left",100,100,0,50,"Down"
25,1,42,"Red_Down","Yellow_Up","Green_Right","Blue_Left",-150,100,0,50,"Down"
25,1,43,"Red_Left","Yellow_Left","Green_Right","Blue_Down",100,100,50,50,"Down"
25,1,44,"Red_Down","Yellow_Left","Green_Right","Blue_Left",100,100,0,50,"Right"
25,1,45,"Red_Left","Yellow_Left","Green_Left","Blue_Down",100,100,50,50,"Down"
25,1,46,"Red_Right","Yellow_Right","Green_Up","Blue_Right",100,100,0,50,"Right"
25,1,47,"Red_Down","Yellow_Right","Green_Right","Blue_Right",-150,100,0,50,"Down"
25,1,48,"Red_Down","Yellow_Right","Green_Down","Blue_Up",-150,100,0,50,"Down"
25,1,49,"Red_Up","Yellow_Down","Green_Up","Blue_Down",-150,100,0,50,"Left"
25,1,50,"Red_Left","Yellow_Right","Green_Right","Blue_Right",100,100,50,50,"Down"
25,2,1,"Red_Left","Yellow_Right","Green_Down","Blue_Left",-150,100,0,50,"Up"
25,2,2,"Red_Up","Yellow_Right","Green_Down","Blue_Left",-150,100,50,50,"Right"
25,2,3,"Red_Right","Yellow_Down","Green_Right","Blue_Down",100,100,50,50,"Up"
25,2,4,"Red_Up","Yellow_Left","Green_Left","Blue_Right",100,100,50,50,"Up"
25,2,5,"Red_Left","Yellow_Up","Green_Up","Blue_Right",-150,100,50,-200,"Left"
25,2,6,"Red_Down","Yellow_Right","Green_Left","Blue_Right",-150,100,50,50,"Right"
25,2,7,"Red_Down","Yellow_Down","Green_Left","Blue_Down",100,-1150,0,50,"Up"
25,2,8,"Red_Down","Yellow_Down","Green_Right","Blue_Right",100,100,0,50,"Up"
25,2,9,"Red_Left","Yellow_Down","Green_Down","Blue_Right",100,100,0,50,"Left"
25,2,10,"Red_Down","Yellow_Right","Green_Left","Blue_Right",-150,-1150,50,50,"Right"
25,2,11,"Red_Down","Yellow_Up","Green_Right","Blue_Right",100,100,0,50,"Up"
25,2,12,"Red_Up","Yellow_Down","Green_Right","Blue_Up",100,100,50,50,"Down"
25,2,13,"Red_Down","Yellow_Up","Green_Right","Blue_Right",-150,100,50,50,"Up"
25,2,14,"Red_Right","Yellow_Left","Green_Up","Blue_Down",-150,100,0,50,"Right"
25,2,15,"Red_Right","Yellow_Down","Green_Down","Blue_Right",-150,100,0,50,"Right"
25,2,16,"Red_Right","Yellow_Down","Green_Up","Blue_Down",100,100,50,-200,"Up"
25,2,17,"Red_Left","Yellow_Right","Green_Left","Blue_Down",100,100,0,50,"Left"
25,2,18,"Red_Down","Yellow_Down","Green_Down","Blue_Down",-150,100,50,50,"Right"
25,2,19,"Red_Down","Yellow_Left","Green_Up","Blue_Down",100,100,50,50,"Down"
25,2,20,"Red_Up","Yellow_Down","Green_Down","Blue_Up",-150,100,0,50,"Right"
25,2,21,"Red_Left","Yellow_Down","Green_Down","Blue_Left",-150,100,0,50,"Up"
25,2,22,"Red_Down","Yellow_Right","Green_Up","Blue_Left",-150,100,0,50,"Right"
25,2,23,"Red_Down","Yellow_Left","Green_Left","Blue_Left",100,100,0,50,"Right"
25,2,24,"Red_Down","Yellow_Left","Green_Down","Blue_Down",-150,100,50,50,"Left"
25,2,25,"Red_Left","Yellow_Left","Green_Right","Blue_Right",100,100,0,50,"Up"
25,2,26,"Red_Left","Yellow_Right","Green_Left","Blue_Up",100,100,0,50,"Right"
25,2,27,"Red_Down","Yellow_Right","Green_Up","Blue_Up",100,-1150,0,50,"Down"
25,2,28,"Red_Right","Yellow_Right","Green_Up","Blue_Left",100,100,0,50,"Up"
25,2,29,"Red_Down","Yellow_Up","Green_Left","Blue_Down",-150,100,0,50,"Right"
25,2,30,"Red_Right","Yellow_Down","Green_Up","Blue_Left",-150,100,0,50,"Right"
25,2,31,"Red_Left","Yellow_Down","Green_Down","Blue_Right",-150,100,50,50,"Left"
25,2,32,"Red_Left","Yellow_Left","Green_Left","Blue_Up",-150,100,50,50,"Left"
25,2,33,"Red_Up","Yellow_Up","Green_Left","Blue_Left",100,100,50,-200,"Left"
25,2,34,"Red_Left","Yellow_Right","Green_Up","Blue_Right",-150,100,50,50,"Down"
25,2,35,"Red_Up","Yellow_Up","Green_Up","Blue_Right",-150,100,50,50,"Right"
25,2,36,"Red_Down","Yellow_Down","Green_Up","Blue_Up",100,100,50,50,"Right"
25,2,37,"Red_Up","Yellow_Up","Green_Up","Blue_Left",-150,100,50,-200,"Right"
25,2,38,"Red_Left","Yellow_Right","Green_Down","Blue_Up",100,100,50,50,"Right"
25,2,39,"Red_Down","Yellow_Up","Green_Left","Blue_Left",100,100,50,50,"Right"
25,2,40,"Red_Left","Yellow_Left","Green_Up","Blue_Down",100,100,0,50,"Right"
25,2,41,"Red_Left","Yellow_Down","Green_Right","Blue_Left",100,100,0,50,"Down"
25,2,42,"Red_Right","Yellow_Left","Green_Down","Blue_Down",-150,100,0,50,"Down"
25,2,43,"Red_Left","Yellow_Down","Green_Down","Blue_Right",-150,-1150,0,50,"Left"
25,2,44,"Red_Down","Yellow_Left","Green_Up","Blue_Left",-150,100,0,50,"Right"
25,2,45,"Red_Left","Yellow_Right","Green_Up","Blue_Down",-150,-1150,0,50,"Left"
25,2,46,"Red_Down","Yellow_Left","Green_Down","Blue_Left",100,100,50,50,"Down"
25,2,47,"Red_Right","Yellow_Up","Green_Right","Blue_Left",100,100,0,-200,"Right"
25,2,48,"Red_Right","Yellow_Right","Green_Up","Blue_Right",100,100,50,50,"Left"
25,2,49,"Red_Up","Yellow_Left","Green_Right","Blue_Left",100,100,50,50,"Right"
25,2,50,"Red_Down","Yellow_Down","Green_Right","Blue_Right",-150,100,50,50,"Up"
25,3,1,"Red_Left","Yellow_Right","Green_Down","Blue_Up",-150,100,0,50,"Up"
25,3,2,"Red_Left","Yellow_Left","Green_Up","Blue_Right",100,100,50,50,"Down"
25,3,3,"Red_Down","Yellow_Up","Green_Right","Blue_Up",-150,100,50,50,"Up"
25,3,4,"Red_Up","Yellow_Down","Green_Down","Blue_Down",-150,100,0,-200,"Right"
25,3,5,"Red_Right","Yellow_Left","Green_Right","Blue_Down",100,-1150,50,50,"Up"
25,3,6,"Red_Down","Yellow_Right","Green_Up","Blue_Down",-150,100,50,50,"Up"
25,3,7,"Red_Right","Yellow_Left","Green_Down","Blue_Left",100,100,50,-200,"Left"
25,3,8,"Red_Down","Yellow_Down","Green_Down","Blue_Left",100,100,0,50,"Up"
25,3,9,"Red_Left","Yellow_Down","Green_Left","Blue_Right",100,100,0,50,"Left"
25,3,10,"Red_Down","Yellow_Right","Green_Up","Blue_Left",-150,100,50,50,"Down"
25,3,11,"Red_Right","Yellow_Down","Green_Left","Blue_Right",-150,100,0,50,"Right"
25,3,12,"Red_Up","Yellow_Right","Green_Up","Blue_Up",100,100,50,50,"Right"
25,3,13,"Red_Left","Yellow_Left","Green_Down","Blue_Up",100,100,50,50,"Up"
25,3,14,"Red_Up","Yellow_Right","Green_Left","Blue_Up",-150,100,0,50,"Right"
25,3,15,"Red_Right","Yellow_Down","Green_Left","Blue_Right",100,100,0,50,"Up"
25,3,16,"Red_Down","Yellow_Left","Green_Up","Blue_Down",100,-1150,0,50,"Left"
25,3,17,"Red_Left","Yellow_Down","Green_Down","Blue_Down",-150,100,50,50,"Down"
25,3,18,"Red_Down","Yellow_Right","Green_Left","Blue_Left",-150,100,0,50,"Right"
25,3,19,"Red_Right","Yellow_Left","Green_Left","Blue_Right",-150,100,50,50,"Up"
25,3,20,"Red_Up","Yellow_Down","Green_Up","Blue_Left",-150,100,50,50,"Up"
25,3,21,"Red_Right","Yellow_Right","Green_Right","Blue_Up",-150,100,50,50,"Up"
25,3,22,"Red_Down","Yellow_Up","Green_Down","Blue_Right",-150,100,0,50,"Up"
25,3,23,"Red_Left","Yellow_Up","Green_Right","Blue_Left",100,100,0,-200,"Down"
25,3,24,"Red_Up","Yellow_Up","Green_Right","Blue_Left",100,100,0,50,"Up"
25,3,25,"Red_Down","Yellow_Left","Green_Right","Blue_Down",100,100,0,-200,"Down"
25,3,26,"Red_Left","Yellow_Left","Green_Right","Blue_Right",100,100,50,50,"Right"
25,3,27,"Red_Left","Yellow_Up","Green_Down","Blue_Left",-150,100,50,50,"Down"
25,3,28,"Red_Down","Yellow_Right","Green_Left","Blue_Up",-150,-1150,50,50,"Down"
25,3,29,"Red_Left","Yellow_Up","Green_Right","Blue_Down",100,100,0,50,"Up"
25,3,30,"Red_Right","Yellow_Left","Green_Left","Blue_Right",-150,-1150,0,50,"Left"
25,3,31,"Red_Right","Yellow_Down","Green_Right","Blue_Right",100,100,0,50,"Right"
25,3,32,"Red_Right","Yellow_Right","Green_Up","Blue_Left",-150,-1150,50,50,"Down"
25,3,33,"Red_Left","Yellow_Right","Green_Down","Blue_Down",100,100,50,50,"Up"
25,3,34,"Red_Left","Yellow_Up","Green_Right","Blue_Up",-150,100,50,50,"Down"
25,3,35,"Red_Left","Yellow_Up","Green_Right","Blue_Right",100,100,0,50,"Left"
25,3,36,"Red_Up","Yellow_Up","Green_Left","Blue_Right",-150,100,0,50,"Down"
25,3,37,"Red_Up","Yellow_Up","Green_Right","Blue_Left",100,100,50,50,"Down"
25,3,38,"Red_Down","Yellow_Down","Green_Right","Blue_Left",100,100,50,50,"Down"
25,3,39,"Red_Down","Yellow_Left","Green_Down","Blue_Down",100,100,50,50,"Up"
25,3,40,"Red_Up","Yellow_Down","Green_Right","Blue_Right",-150,100,0,50,"Up"
25,3,41,"Red_Down","Yellow_Down","Green_Up","Blue_Left",100,100,0,50,"Down"
25,3,42,"Red_Down","Yellow_Down","Green_Left","Blue_Up",100,100,0,50,"Left"
25,3,43,"Red_Left","Yellow_Left","Green_Right","Blue_Left",-150,100,0,50,"Down"
25,3,44,"Red_Up","Yellow_Right","Green_Down","Blue_Left",-150,100,50,50,"Down"
25,3,45,"Red_Left","Yellow_Down","Green_Up","Blue_Up",-150,100,0,50,"Right"
25,3,46,"Red_Down","Yellow_Up","Green_Up","Blue_Up",100,100,0,-200,"Left"
25,3,47,"Red_Up","Yellow_Up","Green_Right","Blue_Left",100,100,50,50,"Up"
25,3,48,"Red_Right","Yellow_Down","Green_Up","Blue_Right",100,100,50,50,"Right"
25,3,49,"Red_Right","Yellow_Up","Green_Right","Blue_Left",-150,100,50,50,"Down"
25,3,50,"Red_Right","Yellow_Right","Green_Right","Blue_Left",-150,100,0,50,"Left"
25,4,1,"Red_Up","Yellow_Right","Green_Right","Blue_Up",100,100,0,50,"Left"
25,4,2,"Red_Down","Yellow_Left","Green_Left","Blue_Left",100,-1150,50,50,"Right"
25,4,3,"Red_Right","Yellow_Down","Green_Up","Blue_Down",100,-1150,0,50,"Down"
25,4,4,"Red_Right","Yellow_Down","Green_Right","Blue_Up",-150,100,50,50,"Down"
25,4,5,"Red_Left","Yellow_Right","Green_Down","Blue_Right",-150,100,0,50,"Up"
25,4,6,"Red_Left","Yellow_Left","Green_Down","Blue_Right",-150,100,50,-200,"Left"
25,4,7,"Red_Up","Yellow_Left","Green_Left","Blue_Down",100,100,0,50,"Right"
25,4,8,"Red_Left","Yellow_Up","Green_Left","Blue_Down",-150,-1150,0,50,"Up"
25,4,9,"Red_Down","Yellow_Up","Green_Up","Blue_Right",100,100,0,50,"Left"
25,4,10,"Red_Up","Yellow_Up","Green_Left","Blue_Down",100,100,50,50,"Up"
25,4,11,"Red_Up","Yellow_Down","Green_Left","Blue_Right",100,100,50,50,"Left"
25,4,12,"Red_Down","Yellow_Down","Green_Up","Blue_Left",100,100,50,50,"Up"
25,4,13,"Red_Up","Yellow_Left","Green_Left","Blue_Down",100,100,0,50,"Right"
25,4,14,"Red_Down","Yellow_Up","Green_Down","Blue_Left",100,100,0,50,"Right"
25,4,15,"Red_Up","Yellow_Up","Green_Down","Blue_Left",-150,100,50,50,"Up"
25,4,16,"Red_Left","Yellow_Left","Green_Left","Blue_Down",-150,100,50,50,"Down"
25,4,17,"Red_Right","Yellow_Right","Green_Right","Blue_Up",-150,100,0,50,"Left"
25,4,18,"Red_Up","Yellow_Down","Green_Left","Blue_Left",-150,100,0,50,"Up"
25,4,19,"Red_Up","Yellow_Right","Green_Down","Blue_Right",-150,100,0,50,"Left"
25,4,20,"Red_Down","Yellow_Right","Green_Left","Blue_Up",-150,-1150,0,50,"Left"
25,4,21,"Red_Right","Yellow_Left","Green_Down","Blue_Right",100,100,50,50,"Up"
25,4,22,"Red_Up","Yellow_Left","Green_Down","Blue_Right",100,100,50,50,"Left"
25,4,23,"Red_Up","Yellow_Down","Green_Right","Blue_Left",-150,100,50,50,"Up"
25,4,24,"Red_Left","Yellow_Up","Green_Down","Blue_Right",-150,100,0,-200,"Left"
25,4,25,"Red_Down","Yellow_Down","Green_Down","Blue_Up",-150,100,0,50,"Down"
25,4,26,"Red_Up","Yellow_Up","Green_Up","Blue_Up",-150,100,0,-200,"Right"
25,4,27,"Red_Left","Yellow_Left","Green_Down","Blue_Right",-150,100,0,50,"Right"
25,4,28,"Red_Up","Yellow_Up","Green_Left","Blue_Left",-150,100,50,50,"Left"
25,4,29,"Red_Down","Yellow_Down","Green_Right","Blue_Left",100,100,0,50,"Left"
25,4,30,"Red_Left","Yellow_Left","Green_Left","Blue_Left",-150,100,50,50,"Right"
25,4,31,"Red_Down","Yellow_Down","Green_Up","Blue_Up",100,100,50,50,"Down"
25,4,32,"Red_Up","Yellow_Left","Green_Right","Blue_Left",-150,-1150,50,50,"Down"
25,4,33,"Red_Down","Yellow_Right","Green_Right","Blue_Left",-150,100,50,50,"Left"
25,4,34,"Red_Down","Yellow_Right","Green_Down","Blue_Down",-150,100,50,50,"Left"
25,4,35,"Red_Left","Yellow_Up","Green_Left","Blue_Left",-150,100,0,50,"Up"
25,4,36,"Red_Left","Yellow_Left","Green_Left","Blue_Down",100,100,0,50,"Right"
25,4,37,"Red_Down","Yellow_Down","Green_Right","Blue_Left",-150,100,50,50,"Left"
25,4,38,"Red_Right","Yellow_Down","Green_Up","Blue_Right",100,100,0,50,"Down"
25,4,39,"Red_Up","Yellow_Down","Green_Left","Blue_Right",100,100,50,-200,"Left"
25,4,40,"Red_Left","Yellow_Down","Green_Down","Blue_Down",100,100,50,50,"Up"
25,4,41,"Red_Left","Yellow_Down","Green_Up","Blue_Up",100,100,0,50,"Down"
25,4,42,"Red_Left","Yellow_Left","Green_Right","Blue_Down",100,100,0,50,"Right"
25,4,43,"Red_Up","Yellow_Left","Green_Up","Blue_Down",100,100,50,-200,"Down"
25,4,44,"Red_Right","Yellow_Right","Green_Up","Blue_Left",-150,100,0,50,"Up"
25,4,45,"Red_Up","Yellow_Left","Green_Right","Blue_Right",100,100,50,50,"Down"
25,4,46,"Red_Down","Yellow_Left","Green_Right","Blue_Right",-150,100,50,50,"Left"
25,4,47,"Red_Left","Yellow_Left","Green_Right","Blue_Down",-150,100,0,50,"Down"
25,4,48,"Red_Down","Yellow_Left","Green_Down","Blue_Down",100,100,50,50,"Down"
25,4,49,"Red_Up","Yellow_Left","Green_Up","Blue_Down",100,100,50,50,"Down"
25,4,50,"Red_Up","Yellow_Down","Green_Right","Blue_Right",100,100,0,50,"Left"
25,5,1,"Red_Down","Yellow_Up","Green_Right","Blue_Up",100,100,50,50,"Down"
25,5,2,"Red_Right","Yellow_Down","Green_Down","Blue_Right",100,100,50,50,"Right"
25,5,3,"Red_Right","Yellow_Down","Green_Left","Blue_Left",-150,100,50,50,"Right"
25,5,4,"Red_Down","Yellow_Up","Green_Down","Blue_Down",100,100,50,50,"Left"
25,5,5,"Red_Down","Yellow_Up","Green_Right","Blue_Up",-150,100,50,-200,"Down"
25,5,6,"Red_Right","Yellow_Up","Green_Right","Blue_Down",100,100,0,50,"Down"
25,5,7,"Red_Down","Yellow_Left","Green_Left","Blue_Right",-150,100,0,50,"Down"
25,5,8,"Red_Up","Yellow_Right","Green_Right","Blue_Right",-150,100,0,50,"Up"
25,5,9,"Red_Right","Yellow_Up","Green_Left","Blue_Right",100,100,0,50,"Left"
25,5,10,"Red_Down","Yellow_Right","Green_Up","Blue_Right",100,100,0,50,"Left"
25,5,11,"Red_Right","Yellow_Down","Green_Right","Blue_Right",100,100,0,50,"Left"
25,5,12,"Red_Down","Yellow_Up","Green_Left","Blue_Down",100,100,50,50,"Up"
25,5,13,"Red_Up","Yellow_Right","Green_Up","Blue_Down",-150,-1150,50,50,"Left"
25,5,14,"Red_Up","Yellow_Left","Green_Down","Blue_Right",-150,100,0,50,"Left"
25,5,15,"Red_Left","Yellow_Up","Green_Left","Blue_Up",-150,100,50,50,"Left"
25,5,16,"Red_Up","Yellow_Right","Green_Down","Blue_Right",100,100,0,50,"Up"
25,5,17,"Red_Up","Yellow_Left","Green_Down","Blue_Left",100,100,0,-200,"Down"
25,5,18,"Red_Up","Yellow_Down","Green_Left","Blue_Down",-150,100,0,50,"Up"
25,5,19,"Red_Down","Yellow_Left","Green_Down","Blue_Up",-150,100,50,50,"Right"
25,5,20,"Red_Right","Yellow_Right","Green_Left","Blue_Right",100,100,50,50,"Left"
25,5,21,"Red_Down","Yellow_Down","Green_Down","Blue_Right",-150,-1150,50,50,"Down"
25,5,22,"Red_Left","Yellow_Right","Green_Up","Blue_Left",-150,-1150,0,-200,"Right"
25,5,23,"Red_Left","Yellow_Up","Green_Down","Blue_Right",-150,-1150,50,50,"Right"
25,5,24,"Red_Right","Yellow_Left","Green_Down","Blue_Left",-150,100,50,50,"Up"
25,5,25,"Red_Left","Yellow_Right","Green_Up","Blue_Right",100,100,0,50,"Right"
25,5,26,"Red_Down","Yellow_Up","Green_Up","Blue_Down",100,100,0,50,"Left"
25,5,27,"Red_Right","Yellow_Left","Green_Left","Blue_Up",-150,100,50,50,"Down"
25,5,28,"Red_Right","Yellow_Right","Green_Down","Blue_Up",100,100,0,50,"Left"
25,5,29,"Red_Down","Yellow_Down","Green_Left","Blue_Left",-150,100,50,50,"Down"
25,5,30,"Red_Up","Yellow_Left","Green_Down","Blue_Up",-150,100,0,50,"Right"
25,5,31,"Red_Up","Yellow_Up","Green_Left","Blue_Up",100,100,0,50,"Left"
25,5,32,"Red_Up","Yellow_Up","Green_Right","Blue_Right",100,100,0,50,"Down"
25,5,33,"Red_Down","Yellow_Up","Green_Right","Blue_Up",100,100,50,50,"Left"
25,5,34,"Red_Up","Yellow_Up","Green_Right","Blue_Right",-150,100,50,-200,"Up"
25,5,35,"Red_Right","Yellow_Right","Green_Left","Blue_Left",-150,100,50,50,"Right"
25,5,36,"Red_Right","Yellow_Up","Green_Down","Blue_Down",-150,100,0,50,"Left"
25,5,37,"Red_Up","Yellow_Right","Green_Left","Blue_Right",100,-1150,0,50,"Right"
25,5,38,"Red_Up","Yellow_Right","Green_Up","Blue_Down",100,100,50,50,"Left"
25,5,39,"Red_Left","Yellow_Up","Green_Up","Blue_Left",100,100,50,50,"Down"
25,5,40,"Red_Right","Yellow_Down","Green_Left","Blue_Down",100,100,0,-200,"Down"
25,5,41,"Red_Left","Yellow_Right","Green_Right","Blue_Right",100,100,50,50,"Left"
25,5,42,"Red_Down","Yellow_Up","Green_Right","Blue_Down",-150,100,50,50,"Up"
25,5,43,"Red_Up","Yellow_Left","Green_Down","Blue_Down",-150,100,0,50,"Left"
25,5,44,"Red_Up","Yellow_Left","Green_Left","Blue_Down",-150,100,0,50,"Up"
25,5,45,"Red_Down","Yellow_Right","Green_Left","Blue_Right",100,100,50,50,"Down"
25,5,46,"Red_Right","Yellow_Left","Green_Left","Blue_Left",-150,100,0,50,"Left"
25,5,47,"Red_Right","Yellow_Right","Green_Right","Blue_Left",100,100,0,50,"Right"
25,5,48,"Red_Right","Yellow_Right","Green_Down","Blue_Down",-150,100,50,50,"Up"
25,5,49,"Red_Down","Yellow_Right","Green_Down","Blue_Up",-150,100,50,50,"Up"
25,5,50,"Red_Up","Yellow_Up","Green_Down","Blue_Down",100,100,0,50,"Down"
25,6,1,"Red_Right","Yellow_Right","Green_Left","Blue_Down",100,100,0,50,"Right"
25,6,2,"Red_Right","Yellow_Up","Green_Up","Blue_Left",-150,100,50,50,"Right"
25,6,3,"Red_Down","Yellow_Right","Green_Right","Blue_Left",100,100,50,50,"Down"
25,6,4,"Red_Up","Yellow_Left","Green_Down","Blue_Down",100,100,50,50,"Left"
25,6,5,"Red_Down","Yellow_Right","Green_Left","Blue_Right",-150,100,0,50,"Left"
25,6,6,"Red_Down","Yellow_Left","Green_Up","Blue_Down",-150,-1150,0,50,"Left"
25,6,7,"Red_Down","Yellow_Down","Green_Up","Blue_Down",-150,100,50,50,"Left"
25,6,8,"Red_Right","Yellow_Left","Green_Left","Blue_Left",-150,100,0,50,"Left"
25,6,9,"Red_Left","Yellow_Left","Green_Right","Blue_Up",100,100,0,50,"Down"
25,6,10,"Red_Right","Yellow_Down","Green_Left","Blue_Up",100,-1150,50,50,"Left"
25,6,11,"Red_Up","Yellow_Left","Green_Right","Blue_Down",-150,100,0,-200,"Up"
25,6,12,"Red_Up","Yellow_Right","Green_Down","Blue_Right",-150,100,50,50,"Up"
25,6,13,"Red_Left","Yellow_Down","Green_Left","Blue_Down",100,100,50,50,"Down"
25,6,14,"Red_Down","Yellow_Down","Green_Up","Blue_Left",100,100,50,50,"Down"
25,6,15,"Red_Up","Yellow_Up","Green_Down","Blue_Down",-150,100,0,50,"Left"
25,6,16,"Red_Left","Yellow_Left","Green_Down","Blue_Down",-150,100,50,50,"Right"
25,6,17,"Red_Right","Yellow_Left","Green_Down","Blue_Left",100,100,0,50,"Left"
25,6,18,"Red_Right","Yellow_Left","Green_Down","Blue_Down",100,100,50,50,"Up"
25,6,19,"Red_Down","Yellow_Down","Green_Left","Blue_Down",-150,100,0,50,"Left"
25,6,20,"Red_Right","Yellow_Left","Green_Right","Blue_Right",-150,100,0,50,"Up"
25,6,21,"Red_Up","Yellow_Down","Green_Right","Blue_Up",100,100,50,50,"Left"
25,6,22,"Red_Down","Yellow_Right","Green_Right","Blue_Left",100,100,50,50,"Left"
25,6,23,"Red_Down","Yellow_Right","Green_Down","Blue_Down",100,100,50,50,"Down"
25,6,24,"Red_Down","Yellow_Right","Green_Down","Blue_Left",-150,100,0,50,"Down"
25,6,25,"Red_Down","Yellow_Down","Green_Left","Blue_Left",-150,100,0,50,"Up"
25,6,26,"Red_Up","Yellow_Down","Green_Up","Blue_Down",100,100,0,-200,"Down"
25,6,27,"Red_Right","Yellow_Up","Green_Down","Blue_Up",-150,100,0,50,"Down"
25,6,28,"Red_Right","Yellow_Left","Green_Left","Blue_Right",100,100,50,50,"Left"
25,6,29,"Red_Right","Yellow_Up","Green_Left","Blue_Down",100,100,50,50,"Left"
25,6,30,"Red_Down","Yellow_Down","Green_Up","Blue_Up",100,100,0,-200,"Right"
25,6,31,"Red_Right","Yellow_Up","Green_Left","Blue_Down",100,100,50,50,"Right"
25,6,32,"Red_Down","Yellow_Up","Green_Down","Blue_Up",100,100,0,50,"Down"
25,6,33,"Red_Up","Yellow_Up","Green_Right","Blue_Right",100,100,50,50,"Right"
25,6,34,"Red_Down","Yellow_Right","Green_Down","Blue_Right",-150,-1150,0,50,"Left"
25,6,35,"Red_Up","Yellow_Up","Green_Left","Blue_Up",100,100,0,50,"Up"
25,6,36,"Red_Left","Yellow_Left","Green_Up","Blue_Up",-150,100,50,50,"Down"
25,6,37,"Red_Left","Yellow_Up","Green_Left","Blue_Down",100,100,50,50,"Down"
25,6,38,"Red_Left","Yellow_Down","Green_Up","Blue_Right",-150,-1150,50,50,"Right"
25,6,39,"Red_Up","Yellow_Left","Green_Up","Blue_Left",-150,100,50,50,"Left"
25,6,40,"Red_Left","Yellow_Up","Green_Up","Blue_Down",-150,100,0,50,"Up"
25,6,41,"Red_Left","Yellow_Down","Green_Right","Blue_Left",-150,100,50,50,"Right"
25,6,42,"Red_Down","Yellow_Right","Green_Left","Blue_Left",-150,100,0,50,"Left"
25,6,43,"Red_Right","Yellow_Right","Green_Down","Blue_Up",100,100,50,50,"Left"
25,6,44,"Red_Left","Yellow_Up","Green_Left","Blue_Up",100,-1150,0,50,"Up"
25,6,45,"Red_Up","Yellow_Left","Green_Left","Blue_Left",-150,100,50,50,"Up"
25,6,46,"Red_Down","Yellow_Down","Green_Left","Blue_Down",100,100,0,50,"Up"
25,6,47,"Red_Down","Yellow_Left","Green_Up","Blue_Down",-150,100,0,-200,"Up"
25,6,48,"Red_Up","Yellow_Right","Green_Right","Blue_Left",-150,100,0,50,"Right"
25,6,49,"Red_Down","Yellow_Up","Green_Up","Blue_Left",-150,100,50,50,"Down"
25,6,50,"Red_Right","Yellow_Up","Green_Down","Blue_Left",100,100,0,-200,"Left"
26,1,1,"Red_Up","Yellow_Right","Green_Left","Blue_Right",-150,100,50,50,"Right"
26,1,2,"Red_Up","Yellow_Left","Green_Up","Blue_Up",-150,100,0,50,"Left"
26,1,3,"Red_Up","Yellow_Up","Green_Right","Blue_Up",-150,100,0,50,"Up"
26,1,4,"Red_Up","Yellow_Down","Green_Right","Blue_Down",100,100,50,50,"Up"
26,1,5,"Red_Up","Yellow_Up","Green_Up","Blue_Up",100,100,0,50,"Up"
26,1,6,"Red_Down","Yellow_Right","Green_Up","Blue_Up",100,100,50,50,"Left"
26,1,7,"Red_Up","Yellow_Up","Green_Left","Blue_Right",-150,100,50,50,"Left"
26,1,8,"Red_Right","Yellow_Right","Green_Down","Blue_Right",-150,100,0,50,"Right"
26,1,9,"Red_Down","Yellow_Left","Green_Up","Blue_Right",-150,100,0,50,"Right"
26,1,10,"Red_Right","Yellow_Up","Green_Down","Blue_Down",100,100,50,-200,"Down"
26,1,11,"Red_Down","Yellow_Up","Green_Left","Blue_Left",-150,-1150,0,50,"Right"
26,1,12,"Red_Left","Yellow_Right","Green_Down","Blue_Down",-150,100,50,50,"Left"
26,1,13,"Red_Right","Yellow_Up","Green_Up","Blue_Down",-150,-1150,50,50,"Right"
26,1,14,"Red_Down","Yellow_Up","Green_Right","Blue_Down",-150,100,0,50,"Left"
26,1,15,"Red_Down","Yellow_Up","Green_Right","Blue_Left",-150,100,0,50,"Right"
26,1,16,"Red_Right","Yellow_Left","Green_Up","Blue_Left",-150,100,0,50,"Down"
26,1,17,"Red_Up","Yellow_Left","Green_Right","Blue_Up",-150,100,0,-200,"Down"
26,1,18,"Red_Right","Yellow_Right","Green_Left","Blue_Up",100,100,50,50,"Right"
26,1,19,"Red_Right","Yellow_Up","Green_Down","Blue_Down",-150,-1150,0,50,"Right"
26,1,20,"Red_Up","Yellow_Down","Green_Right","Blue_Down",-150,100,0,50,"Left"
26,1,21,"Red_Up","Yellow_Left","Green_Right","Blue_Up",100,-1150,0,50,"Left"
26,1,22,"Red_Left","Yellow_Right","Green_Down","Blue_Up",100,100,0,-200,"Left"
26,1,23,"Red_Left","Yellow_Right","Green_Up","Blue_Left",100,100,0,50,"Up"
26,1,24,"Red_Left","Yellow_Right","Green_Right","Blue_Down",100,100,0,50,"Down"
26,1,25,"Red_Up","Yellow_Up","Green_Up","Blue_Left",100,100,0,50,"Up"
26,1,26,"Red_Right","Yellow_Right","Green_Up","Blue_Right",100,100,50,50,"Right"
26,1,27,"Red_Left","Yellow_Left","Green_Right","Blue_Down",100,100,50,50,"Up"
26,1,28,"Red_Down","Yellow_Left","Green_Up","Blue_Right",-150,100,0,50,"Right"
26,1,29,"Red_Up","Yellow_Up","Green_Right","Blue_Up",100,100,0,50,"Down"
26,1,30,"Red_Left","Yellow_Left","Green_Down","Blue_Left",-150,100,50,50,"Up"
26,1,31,"Red_Left","Yellow_Up","Green_Right","Blue_Left",100,100,50,50,"Left"
26,1,32,"Red_Left","Yellow_Left","Green_Down","Blue_Up",100,100,50,50,"Down"
26,1,33,"Red_Down","Yellow_Down","Green_Down","Blue_Left",100,100,50,50,"Left"
26,1,34,"Red_Right","Yellow_Up","Green_Right","Blue_Left",100,100,50,50,"Left"
26,1,35,"Red_Up","Yellow_Down","Green_Right","Blue_Up",100,100,50,50,"Up"
26,1,36,"Red_Down","Yellow_Left","Green_Down","Blue_Down",100,100,50,50,"Right"
26,1,37,"Red_Right","Yellow_Left","Green_Down","Blue_Up",100,100,0,50,"Right"
26,1,38,"Red_Up","Yellow_Down","Green_Left","Blue_Up",100,100,50,-200,"Left"
26,1,39,"Red_Left","Yellow_Up","Green_Up","Blue_Left",100,100,50,50,"Down"
26,1,40,"Red_Up","Yellow_Right","Green_Left","Blue_Up",-150,100,50,50,"Down"
26,1,41,"Red_Right","Yellow_Left","Green_Up","Blue_Left",100,100,50,50,"Up"
26,1,42,"Red_Down","Yellow_Left","Green_Up","Blue_Up",-150,-1150,50,50,"Right"
26,1,43,"Red_Right","Yellow_Up","Green_Down","Blue_Up",-150,100,0,50,"Right"
26,1,44,"Red_Left","Yellow_Left","Green_Down","Blue_Up",-150,100,0,50,"Right"
26,1,45,"Red_Right","Yellow_Right","Green_Right","Blue_Left",-150,100,50,50,"Down"
26,1,46,"Red_Left","Yellow_Up","Green_Left","Blue_Down",-150,100,0,50,"Down"
26,1,47,"Red_Up","Yellow_Up","Green_Left","Blue_Right",100,100,0,50,"Down"
26,1,48,"Red_Up","Yellow_Left","Green_Right","Blue_Up",100,100,50,50,"Down"
26,1,49,"Red_Right","Yellow_Down","Green_Left","Blue_Down",-150,100,50,50,"Up"
26,1,50,"Red_Up","Yellow_Up","Green_Up","Blue_Down",-150,100,0,-200,"Right"
26,2,1,"Red_Right","Yellow_Down","Green_Up","Blue_Up",-150,100,50,50,"Up"
26,2,2,"Red_Down","Yellow_Down","Green_Left","Blue_Right",100,-1150,50,50,"Down"
26,2,3,"Red_Up","Yellow_Up","Green_Right","Blue_Right",100,100,0,-200,"Up"
26,2,4,"Red_Left","Yellow_Up","Green_Up","Blue_Down",-150,100,0,50,"Up"
26,2,5,"Red_Left","Yellow_Down","Green_Up","Blue_Up",-150,100,0,50,"Down"
26,2,6,"Red_Up","Yellow_Right","Green_Right","Blue_Right",100,-1150,0,50,"Right"
26,2,7,"Red_Right","Yellow_Right","Green_Left","Blue_Right",-150,100,50,50,"Right"
26,2,8,"Red_Up","Yellow_Left","Green_Up","Blue_Left",-150,100,0,50,"Up"
26,2,9,"Red_Down","Yellow_Down","Green_Right","Blue_Right",100,100,50,50,"Down"
26,2,10,"Red_Down","Yellow_Down","Green_Up","Blue_Right",100,100,50,50,"Right"
26,2,11,"Red_Down","Yellow_Left","Green_Right","Blue_Right",100,100,0,50,"Up"
26,2,12,"Red_Right","Yellow_Up","Green_Left","Blue_Down",-150,100,0,50,"Right"
26,2,13,"Red_Up","Yellow_Left","Green_Up","Blue_Left",100,100,50,50,"Right"
26,2,14,"Red_Right","Yellow_Left","Green_Up","Blue_Left",-150,100,0,50,"Down"
26,2,15,"Red_Right","Yellow_Left","Green_Left","Blue_Up",-150,100,50,50,"Left"
26,2,16,"Red_Down","Yellow_Right","Green_Up","Blue_Up",100,100,0,50,"Left"
26,2,17,"Red_Down","Yellow_Up","Green_Up","Blue_Up",100,100,50,50,"Left"
26,2,18,"Red_Right","Yellow_Up","Green_Right","Blue_Up",-150,100,50,50,"Up"
26,2,19,"Red_Up","Yellow_Down","Green_Left","Blue_Down",-150,100,0,50,"Right"
26,2,20,"Red_Right","Yellow_Left","Green_Down","Blue_Left",100,100,0,50,"Right"
26,2,21,"Red_Right","Yellow_Left","Green_Down","Blue_Right",-150,100,50,50,"Right"
26,2,22,"Red_Right","Yellow_Down","Green_Down","Blue_Left",-150,100,0,50,"Right"
26,2,23,"Red_Left","Yellow_Up","Green_Down","Blue_Up",-150,100,50,50,"Left"
26,2,24,"Red_Right","Yellow_Right","Green_Down","Blue_Left",100,100,50,50,"Right"
26,2,25,"Red_Up","Yellow_Down","Green_Left","Blue_Down",-150,100,0,-200,"Left"
26,2,26,"Red_Up","Yellow_Right","Green_Down","Blue_Down",100,100,50,-200,"Left"
26,2,27,"Red_Left","Yellow_Right","Green_Up","Blue_Left",-150,-1150,0,50,"Left"
26,2,28,"Red_Up","Yellow_Up","Green_Down","Blue_Up",100,100,0,50,"Down"
26,2,29,"Red_Up","Yellow_Up","Green_Right","Blue_Down",-150,100,0,50,"Right"
26,2,30,"Red_Left","Yellow_Right","Green_Up","Blue_Up",100,100,0,50,"Down"
26,2,31,"Red_Left","Yellow_Up","Green_Left","Blue_Left",100,100,50,50,"Right"
26,2,32,"Red_Up","Yellow_Right","Green_Down","Blue_Left",100,100,50,50,"Up"
26,2,33,"Red_Down","Yellow_Down","Green_Up","Blue_Down",100,100,50,50,"Left"
26,2,34,"Red_Left","Yellow_Down","Green_Left","Blue_Down",100,-1150,50,50,"Left"
26,2,35,"Red_Left","Yellow_Down","Green_Down","Blue_Left",-150,100,0,50,"Right"
26,2,36,"Red_Down","Yellow_Down","Green_Right","Blue_Up",100,100,0,50,"Down"
26,2,37,"Red_Down","Yellow_Down","Green_Down","Blue_Down",-150,-1150,0,50,"Up"
26,2,38,"Red_Left","Yellow_Right","Green_Right","Blue_Up",-150,100,50,50,"Left"
26,2,39,"Red_Left","Yellow_Down","Green_Down","Blue_Up",-150,100,50,-200,"Up"
26,2,40,"Red_Right","Yellow_Up","Green_Right","Blue_Up",100,100,0,50,"Right"
26,2,41,"Red_Left","Yellow_Right","Green_Right","Blue_Down",100,100,50,50,"Down"
26,2,42,"Red_Down","Yellow_Left","Green_Up","Blue_Up",-150,100,50,50,"Up"
26,2,43,"Red_Left","Yellow_Up","Green_Up","Blue_Right",-150,100,0,50,"Right"
26,2,44,"Red_Right","Yellow_Up","Green_Down","Blue_Right",100,100,0,50,"Left"
26,2,45,"Red_Down","Yellow_Down","Green_Left","Blue_Up",-150,100,50,-200,"Down"
26,2,46,"Red_Down","Yellow_Down","Green_Right","Blue_Up",100,100,0,50,"Right"
26,2,47,"Red_Up","Yellow_Down","Green_Left","Blue_Right",100,100,50,50,"Left"
26,2,48,"Red_Right","Yellow_Up","Green_Left","Blue_Left",-150,100,50,50,"Left"
26,2,49,"Red_Up","Yellow_Up","Green_Up","Blue_Left",100,100,0,50,"Left"
26,2,50,"Red_Up","Yellow_Right","Green_Down","Blue_Up",-150,100,50,50,"Up"
26,3,1,"Red_Down","Yellow_Left","Green_Right","Blue_Left",-150,100,0,50,"Left"
26,3,2,"Red_Down","Yellow_Up","Green_Right","Blue_Right",100,-1150,0,50,"Up"
26,3,3,"Red_Left","Yellow_Down","Green_Up","Blue_Right",100,100,50,-200,"Left"
26,3,4,"Red_Left","Yellow_Left","Green_Left","Blue_Up",-150,100,50,50,"Left"
26,3,5,"Red_Left","Yellow_Up","Green_Down","Blue_Right",100,100,50,50,"Up"
26,3,6,"Red_Left","Yellow_Left","Green_Left","Blue_Left",100,100,0,50,"Right"
26,3,7,"Red_Right","Yellow_Right","Green_Down","Blue_Right",-150,100,50,50,"Right"
26,3,8,"Red_Down","Yellow_Up","Green_Right","Blue_Right",100,100,0,50,"Up"
26,3,9,"Red_Down","Yellow_Left","Green_Left","Blue_Left",100,100,0,50,"Left"
26,3,10,"Red_Right","Yellow_Right","Green_Left","Blue_Right",-150,100,50,50,"Up"
26,3,11,"Red_Down","Yellow_Down","Green_Left","Blue_Left",-150,100,0,50,"Left"
26,3,12,"Red_Right","Yellow_Up","Green_Right","Blue_Up",100,-1150,0,50,"Up"
26,3,13,"Red_Up","Yellow_Down","Green_Up","Blue_Up",100,100,0,50,"Up"
26,3,14,"Red_Up","Yellow_Right","Green_Down","Blue_Left",-150,100,50,-200,"Left"
26,3,15,"Red_Up","Yellow_Down","Green_Right","Blue_Left",-150,100,0,50,"Right"
26,3,16,"Red_Right","Yellow_Down","Green_Down","Blue_Up",100,100,0,50,"Left"
26,3,17,"Red_Left","Yellow_Down","Green_Right","Blue_Down",100,100,50,-200,"Down"
26,3,18,"Red_Up","Yellow_Down","Green_Left","Blue_Down",100,-1150,50,50,"Up"
26,3,19,"Red_Left","Yellow_Up","Green_Left","Blue_Left",-150,100,50,50,"Right"
26,3,20,"Red_Down","Yellow_Right","Green_Up","Blue_Right",100,100,50,50,"Down"
26,3,21,"Red_Left","Yellow_Down","Green_Down","Blue_Up",-150,100,50,50,"Left"
26,3,22,"Red_Right","Yellow_Up","Green_Left","Blue_Up",-150,100,50,50,"Up"
26,3,23,"Red_Up","Yellow_Down","Green_Right","Blue_Left",-150,100,0,50,"Right"
26,3,24,"Red_Up","Yellow_Down","Green_Left","Blue_Up",-150,100,50,50,"Up"
26,3,25,"Red_Up","Yellow_Up","Green_Up","Blue_Right",-150,100,50,-200,"Left"
26,3,26,"Red_Left","Yellow_Down","Green_Right","Blue_Up",-150,100,50,50,"Left"
26,3,27,"Red_Right","Yellow_Right","Green_Up","Blue_Right",-150,-1150,0,50,"Down"
26,3,28,"Red_Left","Yellow_Left","Green_Down","Blue_Down",-150,100,50,50,"Right"
26,3,29,"Red_Up","Yellow_Left","Green_Left","Blue_Left",100,100,0,50,"Down"
26,3,30,"Red_Down","Yellow_Left","Green_Left","Blue_Up",-150,100,0,-200,"Left"
26,3,31,"Red_Left","Yellow_Down","Green_Down","Blue_Up",100,100,0,50,"Left"
26,3,32,"Red_Up","Yellow_Down","Green_Up","Blue_Left",-150,100,50,50,"Down"
26,3,33,"Red_Up","Yellow_Right","Green_Down","Blue_Up",-150,100,50,50,"Left"
26,3,34,"Red_Left","Yellow_Up","Green_Right","Blue_Up",100,100,50,50,"Right"
26,3,35,"Red_Down","Yellow_Up","Green_Right","Blue_Left",100,100,50,50,"Up"
26,3,36,"Red_Left","Yellow_Up","Green_Left","Blue_Up",-150,100,50,50,"Up"
26,3,37,"Red_Up","Yellow_Left","Green_Right","Blue_Left",-150,100,50,50,"Left"
26,3,38,"Red_Down","Yellow_Down","Green_Right","Blue_Down",100,100,50,50,"Down"
26,3,39,"Red_Up","Yellow_Down","Green_Left","Blue_Right",-150,100,0,50,"Left"
26,3,40,"Red_Right","Yellow_Left","Green_Left","Blue_Right",100,100,0,50,"Down"
26,3,41,"Red_Down","Yellow_Down","Green_Down","Blue_Down",100,-1150,50,50,"Left"
26,3,42,"Red_Down","Yellow_Up","Green_Down","Blue_Up",-150,100,0,50,"Down"
26,3,43,"Red_Down","Yellow_Up","Green_Up","Blue_Right",-150,100,0,50,"Up"
26,3,44,"Red_Right","Yellow_Up","Green_Left","Blue_Right",100,100,0,50,"Right"
26,3,45,"Red_Left","Yellow_Up","Green_Right","Blue_Right",100,100,0,50,"Up"
26,3,46,"Red_Left","Yellow_Left","Green_Down","Blue_Up",-150,100,0,50,"Right"
26,3,47,"Red_Right","Yellow_Left","Green_Left","Blue_Down",100,100,0,50,"Left"
26,3,48,"Red_Down","Yellow_Left","Green_Left","Blue_Left",100,100,0,50,"Right"
26,3,49,"Red_Up","Yellow_Up","Green_Right","Blue_Up",100,100,50,50,"Up"
26,3,50,"Red_Down","Yellow_Up","Green_Left","Blue_Left",100,100,0,50,"Right"
26,4,1,"Red_Up","Yellow_Right","Green_Up","Blue_Right",100,100,50,50,"Down"
26,4,2,"Red_Up","Yellow_Right","Green_Down","Blue_Right",100,100,0,50,"Up"
26,4,3,"Red_Left","Yellow_Left","Green_Right","Blue_Right",100,100,0,50,"Down"
26,4,4,"Red_Left","Yellow_Left","Green_Up","Blue_Left",-150,100,50,50,"Left"
26,4,5,"Red_Up","Yellow_Up","Green_Left","Blue_Up",-150,100,0,50,"Right"
26,4,6,"Red_Left","Yellow_Left","Green_Down","Blue_Down",-150,100,50,50,"Left"
26,4,7,"Red_Left","Yellow_Right","Green_Up","Blue_Right",100,100,50,-200,"Right"
26,4,8,"Red_Left","Yellow_Up","Green_Left","Blue_Left",-150,100,0,50,"Down"
26,4,9,"Red_Up","Yellow_Right","Green_Up","Blue_Up",100,-1150,0,50,"Down"
26,4,10,"Red_Left","Yellow_Right","Green_Right","Blue_Right",-150,100,0,50,"Down"
26,4,11,"Red_Left","Yellow_Up","Green_Left","Blue_Up",100,100,0,-200,"Up"
26,4,12,"Red_Down","Yellow_Down","Green_Left","Blue_Right",100,100,0,50,"Right"
26,4,13,"Red_Right","Yellow_Down","Green_Right","Blue_Down",-150,100,50,50,"Up"
26,4,14,"Red_Down","Yellow_Right","Green_Right","Blue_Left",-150,100,0,50,"Left"
26,4,15,"Red_Up","Yellow_Up","Green_Left","Blue_Up",-150,100,50,50,"Left"
26,4,16,"Red_Down","Yellow_Down","Green_Right","Blue_Left",100,100,0,-200,"Up"
26,4,17,"Red_Up","Yellow_Up","Green_Down","Blue_Left",-150,100,0,50,"Left"
26,4,18,"Red_Up","Yellow_Left","Green_Up","Blue_Down",-150,-1150,50,50,"Left"
26,4,19,"Red_Down","Yellow_Right","Green_Down","Blue_Right",100,100,50,50,"Up"
26,4,20,"Red_Down","Yellow_Right","Green_Down","Blue_Right",100,-1150,50,50,"Right"
26,4,21,"Red_Left","Yellow_Right","Green_Right","Blue_Left",-150,100,50,50,"Left"
26,4,22,"Red_Right","Yellow_Left","Green_Up","Blue_Left",-150,100,50,50,"Down"
26,4,23,"Red_Right","Yellow_Left","Green_Up","Blue_Right",100,100,50,50,"Up"
26,4,24,"Red_Left","Yellow_Down","Green_Down","Blue_Up",-150,100,0,50,"Down"
26,4,25,"Red_Right","Yellow_Down","Green_Right","Blue_Up",100,100,0,50,"Left"
26,4,26,"Red_Up","Yellow_Left","Green_Down","Blue_Up",-150,100,0,50,"Down"
26,4,27,"Red_Up","Yellow_Right","Green_Left","Blue_Left",100,100,50,50,"Up"
26,4,28,"Red_Left","Yellow_Left","Green_Left","Blue_Left",100,100,50,50,"Up"
26,4,29,"Red_Right","Yellow_Left","Green_Left","Blue_Right",100,100,0,50,"Up"
26,4,30,"Red_Right","Yellow_Left","Green_Right","Blue_Up",-150,100,50,50,"Right"
26,4,31,"Red_Up","Yellow_Left","Green_Down","Blue_Down",100,100,50,50,"Right"
26,4,32,"Red_Down","Yellow_Left","Green_Down","Blue_Down",100,100,50,50,"Up"
26,4,33,"Red_Up","Yellow_Left","Green_Down","Blue_Right",100,-1150,0,50,"Down"
26,4,34,"Red_Up","Yellow_Right","Green_Left","Blue_Down",-150,100,0,50,"Right"
26,4,35,"Red_Right","Yellow_Right","Green_Up","Blue_Down",100,100,50,50,"Right"
26,4,36,"Red_Up","Yellow_Left","Green_Up","Blue_Down",-150,100,50,50,"Right"
26,4,37,"Red_Left","Yellow_Up","Green_Up","Blue_Right",-150,100,50,50,"Right"
26,4,38,"Red_Right","Yellow_Left","Green_Right","Blue_Left",-150,-1150,50,50,"Down"
26,4,39,"Red_Up","Yellow_Left","Green_Right","Blue_Left",-150,100,0,50,"Right"
26,4,40,"Red_Left","Yellow_Down","Green_Right","Blue_Left",100,100,50,-200,"Right"
26,4,41,"Red_Up","Yellow_Right","Green_Right","Blue_Left",-150,100,0,50,"Right"
26,4,42,"Red_Up","Yellow_Right","Green_Left","Blue_Left",100,100,0,50,"Down"
26,4,43,"Red_Left","Yellow_Up","Green_Down","Blue_Up",100,100,0,50,"Up"
26,4,44,"Red_Left","Yellow_Up","Green_Right","Blue_Left",-150,100,50,50,"Left"
26,4,45,"Red_Up","Yellow_Up","Green_Up","Blue_Right",100,100,0,50,"Up"
26,4,46,"Red_Right","Yellow_Left","Green_Down","Blue_Up",-150,100,50,-200,"Left"
26,4,47,"Red_Up","Yellow_Up","Green_Right","Blue_Up",100,100,0,50,"Down"
26,4,48,"Red_Left","Yellow_Down","Green_Right","Blue_Down",100,100,50,50,"Up"
26,4,49,"Red_Up","Yellow_Right","Green_Up","Blue_Up",-150,100,0,50,"Up"
26,4,50,"Red_Right","Yellow_Left","Green_Right","Blue_Down",-150,100,0,50,"Right"
26,5,1,"Red_Up","Yellow_Left","Green_Right","Blue_Up",100,100,0,50,"Right"
26,5,2,"Red_Up","Yellow_Right","Green_Down","Blue_Left",100,-1150,50,50,"Left"
26,5,3,"Red_Down","Yellow_Down","Green_Right","Blue_Right",-150,100,50,50,"Left"
26,5,4,"Red_Up","Yellow_Up","Green_Down","Blue_Down",100,100,0,50,"Left"
26,5,5,"Red_Up","Yellow_Right","Green_Left","Blue_Right",-150,100,50,50,"Left"
26,5,6,"Red_Down","Yellow_Down","Green_Right","Blue_Up",100,100,50,50,"Right"
26,5,7,"Red_Right","Yellow_Up","Green_Down","Blue_Up",-150,100,0,50,"Up"
26,5,8,"Red_Up","Yellow_Up","Green_Right","Blue_Up",100,100,50,50,"Down"
26,5,9,"Red_Down","Yellow_Down","Green_Down","Blue_Up",-150,100,50,50,"Up"
26,5,10,"Red_Right","Yellow_Right","Green_Up","Blue_Up",100,100,50,-200,"Right"
26,5,11,"Red_Right","Yellow_Right","Green_Up","Blue_Right",-150,100,50,50,"Left"
26,5,12,"Red_Down","Yellow_Up","Green_Down","Blue_Left",100,100,0,50,"Right"
26,5,13,"Red_Right","Yellow_Down","Green_Left","Blue_Up",100,100,0,50,"Down"
26,5,14,"Red_Right","Yellow_Down","Green_Right","Blue_Right",-150,100,50,50,"Right"
26,5,15,"Red_Up","Yellow_Down","Green_Left","Blue_Up",100,-1150,0,50,"Up"
26,5,16,"Red_Right","Yellow_Up","Green_Up","Blue_Right",-150,100,50,-200,"Right"
26,5,17,"Red_Up","Yellow_Down","Green_Down","Blue_Left",100,100,0,50,"Up"
26,5,18,"Red_Down","Yellow_Right","Green_Up","Blue_Left",-150,100,0,50,"Up"
26,5,19,"Red_Down","Yellow_Down","Green_Up","Blue_Up",100,100,0,50,"Down"
26,5,20,"Red_Left","Yellow_Down","Green_Left","Blue_Down",-150,100,50,50,"Down"
26,5,21,"Red_Up","Yellow_Up","Green_Up","Blue_Down",100,100,50,50,"Down"
26,5,22,"Red_Up","Yellow_Right","Green_Down","Blue_Right",-150,100,0,50,"Down"
26,5,23,"Red_Right","Yellow_Right","Green_Right","Blue_Down",100,100,0,50,"Up"
26,5,24,"Red_Right","Yellow_Left","Green_Right","Blue_Up",-150,100,50,50,"Left"
26,5,25,"Red_Left","Yellow_Right","Green_Down","Blue_Right",-150,-1150,0,50,"Right"
26,5,26,"Red_Left","Yellow_Right","Green_Right","Blue_Down",-150,-1150,50,50,"Right"
26,5,27,"Red_Left","Yellow_Right","Green_Down","Blue_Down",-150,100,0,50,"Left"
26,5,28,"Red_Up","Yellow_Left","Green_Left","Blue_Left",100,100,0,50,"Down"
26,5,29,"Red_Left","Yellow_Up","Green_Left","Blue_Down",-150,100,0,50,"Left"
26,5,30,"Red_Right","Yellow_Right","Green_Up","Blue_Up",100,100,50,50,"Up"
26,5,31,"Red_Left","Yellow_Up","Green_Left","Blue_Left",-150,100,50,50,"Right"
26,5,32,"Red_Up","Yellow_Left","Green_Right","Blue_Right",-150,100,50,50,"Up"
26,5,33,"Red_Up","Yellow_Down","Green_Up","Blue_Left",100,100,50,50,"Down"
26,5,34,"Red_Up","Yellow_Right","Green_Right","Blue_Right",-150,100,50,50,"Down"
26,5,35,"Red_Left","Yellow_Up","Green_Right","Blue_Up",-150,100,0,50,"Left"
26,5,36,"Red_Right","Yellow_Down","Green_Up","Blue_Down",100,100,0,50,"Left"
26,5,37,"Red_Up","Yellow_Up","Green_Down","Blue_Up",100,100,0,50,"Up"
26,5,38,"Red_Left","Yellow_Down","Green_Down","Blue_Left",100,100,50,-200,"Up"
26,5,39,"Red_Left","Yellow_Right","Green_Down","Blue_Left",-150,-1150,0,-200,"Right"
26,5,40,"Red_Down","Yellow_Left","Green_Left","Blue_Right",-150,100,0,50,"Left"
26,5,41,"Red_Right","Yellow_Right","Green_Down","Blue_Right",100,100,50,50,"Down"
26,5,42,"Red_Down","Yellow_Down","Green_Left","Blue_Right",-150,100,50,50,"Up"
26,5,43,"Red_Left","Yellow_Left","Green_Left","Blue_Down",100,100,0,50,"Up"
26,5,44,"Red_Down","Yellow_Down","Green_Left","Blue_Right",100,100,0,50,"Left"
26,5,45,"Red_Up","Yellow_Right","Green_Up","Blue_Down",100,100,50,50,"Left"
26,5,46,"Red_Right","Yellow_Left","Green_Left","Blue_Up",100,100,0,50,"Up"
26,5,47,"Red_Down","Yellow_Right","Green_Right","Blue_Right",100,100,50,-200,"Left"
26,5,48,"Red_Down","Yellow_Right","Green_Right","Blue_Down",-150,100,0,50,"Down"
26,5,49,"Red_Down","Yellow_Up","Green_Right","Blue_Up",-150,100,0,50,"Down"
26,5,50,"Red_Up","Yellow_Down","Green_Up","Blue_Left",-150,100,50,50,"Left"
26,6,1,"Red_Right","Yellow_Up","Green_Down","Blue_Left",-150,100,0,50,"Down"
26,6,2,"Red_Up","Yellow_Up","Green_Up","Blue_Up",-150,-1150,0,50,"Up"
26,6,3,"Red_Left","Yellow_Down","Green_Right","Blue_Left",100,100,0,-200,"Right"
26,6,4,"Red_Up","Yellow_Up","Green_Up","Blue_Right",-150,-1150,0,50,"Right"
26,6,5,"Red_Down","Yellow_Up","Green_Right","Blue_Down",100,100,50,50,"Up"
26,6,6,"Red_Right","Yellow_Left","Green_Down","Blue_Left",100,100,0,50,"Right"
26,6,7,"Red_Left","Yellow_Down","Green_Right","Blue_Down",-150,100,50,50,"Right"
26,6,8,"Red_Up","Yellow_Down","Green_Left","Blue_Down",-150,100,50,50,"Right"
26,6,9,"Red_Up","Yellow_Down","Green_Up","Blue_Right",100,100,0,50,"Up"
26,6,10,"Red_Up","Yellow_Down","Green_Down","Blue_Left",100,100,50,50,"Left"
26,6,11,"Red_Right","Yellow_Left","Green_Right","Blue_Left",100,100,50,50,"Left"
26,6,12,"Red_Left","Yellow_Left","Green_Left","Blue_Left",100,100,0,50,"Right"
26,6,13,"Red_Right","Yellow_Up","Green_Down","Blue_Down",100,100,50,50,"Right"
26,6,14,"Red_Up","Yellow_Right","Green_Right","Blue_Left",100,100,0,50,"Down"
26,6,15,"Red_Right","Yellow_Right","Green_Down","Blue_Left",-150,100,50,50,"Right"
26,6,16,"Red_Right","Yellow_Down","Green_Left","Blue_Down",-150,-1150,50,50,"Right"
26,6,17,"Red_Down","Yellow_Left","Green_Left","Blue_Up",100,100,0,50,"Left"
26,6,18,"Red_Down","Yellow_Down","Green_Left","Blue_Down",100,100,50,50,"Left"
26,6,19,"Red_Right","Yellow_Up","Green_Right","Blue_Left",-150,100,50,50,"Up"
26,6,20,"Red_Left","Yellow_Left","Green_Left","Blue_Right",100,100,0,-200,"Right"
26,6,21,"Red_Right","Yellow_Right","Green_Right","Blue_Left",100,100,50,50,"Left"
26,6,22,"Red_Up","Yellow_Left","Green_Down","Blue_Down",100,-1150,50,50,"Right"
26,6,23,"Red_Down","Yellow_Left","Green_Left","Blue_Left",-150,100,0,50,"Right"
26,6,24,"Red_Right","Yellow_Down","Green_Down","Blue_Down",100,100,0,-200,"Down"
26,6,25,"Red_Up","Yellow_Down","Green_Right","Blue_Down",100,100,50,50,"Up"
26,6,26,"Red_Up","Yellow_Left","Green_Down","Blue_Left",-150,100,0,50,"Left"
26,6,27,"Red_Left","Yellow_Right","Green_Up","Blue_Left",100,100,50,50,"Right"
26,6,28,"Red_Down","Yellow_Left","Green_Right","Blue_Right",-150,100,50,-200,"Up"
26,6,29,"Red_Right","Yellow_Up","Green_Up","Blue_Down",-150,100,0,50,"Left"
26,6,30,"Red_Up","Yellow_Up","Green_Up","Blue_Left",-150,100,0,50,"Right"
26,6,31,"Red_Up","Yellow_Down","Green_Up","Blue_Up",-150,100,50,50,"Right"
26,6,32,"Red_Right","Yellow_Down","Green_Up","Blue_Up",100,100,50,50,"Left"
26,6,33,"Red_Right","Yellow_Left","Green_Down","Blue_Left",100,100,0,50,"Left"
26,6,34,"Red_Up","Yellow_Down","Green_Down","Blue_Down",-150,100,0,50,"Left"
26,6,35,"Red_Down","Yellow_Left","Green_Down","Blue_Right",-150,100,0,50,"Down"
26,6,36,"Red_Left","Yellow_Down","Green_Left","Blue_Down",-150,100,50,50,"Right"
26,6,37,"Red_Right","Yellow_Up","Green_Left","Blue_Left",-150,100,0,-200,"Up"
26,6,38,"Red_Down","Yellow_Right","Green_Left","Blue_Down",100,100,0,50,"Left"
26,6,39,"Red_Down","Yellow_Up","Green_Down","Blue_Right",-150,100,50,50,"Left"
26,6,40,"Red_Down","Yellow_Down","Green_Up","Blue_Down",100,100,0,50,"Left"
26,6,41,"Red_Right","Yellow_Down","Green_Right","Blue_Up",-150,100,50,50,"Left"
26,6,42,"Red_Down","Yellow_Right","Green_Down","Blue_Down",-150,100,0,50,"Left"
26,6,43,"Red_Down","Yellow_Down","Green_Left","Blue_Left",-150,-1150,50,50,"Down"
26,6,44,"Red_Right","Yellow_Right","Green_Right","Blue_Right",100,100,50,50,"Right"
26,6,45,"Red_Down","Yellow_Down","Green_Up","Blue_Down",100,100,50,50,"Right"
26,6,46,"Red_Up","Yellow_Right","Green_Down","Blue_Down",100,100,50,50,"Right"
26,6,47,"Red_Down","Yellow_Up","Green_Down","Blue_Left",100,100,0,50,"Down"
26,6,48,"Red_Up","Yellow_Left","Green_Left","Blue_Right",-150,100,50,50,"Down"
26,6,49,"Red_Right","Yellow_Right","Green_Right","Blue_Right",-150,100,0,50,"Left"
26,6,50,"Red_Up","Yellow_Right","Green_Left","Blue_Right",-150,100,0,50,"Down"
27,1,1,"Red_Left","Yellow_Left","Green_Right","Blue_Left",100,100,50,50,"Right"
27,1,2,"Red_Right","Yellow_Down","Green_Right","Blue_Right",-150,100,0,50,"Down"
27,1,3,"Red_Left","Yellow_Up","Green_Right","Blue_Right",-150,100,0,50,"Right"
27,1,4,"Red_Left","Yellow_Down","Green_Up","Blue_Right",100,100,50,50,"Down"
27,1,5,"Red_Left","Yellow_Right","Green_Down","Blue_Down",-150,100,0,50,"Up"
27,1,6,"Red_Left","Yellow_Left","Green_Down","Blue_Right",100,-1150,0,-200,"Down"
27,1,7,"Red_Up","Yellow_Down","Green_Left","Blue_Left",100,100,0,50,"Up"
27,1,8,"Red_Down","Yellow_Right","Green_Right","Blue_Right",-150,100,0,50,"Right"
27,1,9,"Red_Down","Yellow_Down","Green_Right","Blue_Down",-150,100,50,50,"Up"
27,1,10,"Red_Right","Yellow_Right","Green_Up","Blue_Down",100,100,0,50,"Left"
27,1,11,"Red_Right","Yellow_Up","Green_Up","Blue_Left",-150,100,50,50,"Down"
27,1,12,"Red_Up","Yellow_Up","Green_Left","Blue_Left",-150,100,50,50,"Left"
27,1,13,"Red_Left","Yellow_Left","Green_Down","Blue_Up",100,100,50,50,"Right"
27,1,14,"Red_Up","Yellow_Up","Green_Down","Blue_Right",-150,-1150,50,50,"Up"
27,1,15,"Red_Right","Yellow_Right","Green_Down","Blue_Left",-150,100,50,50,"Up"
27,1,16,"Red_Right","Yellow_Left","Green_Up","Blue_Down",100,100,0,50,"Right"
27,1,17,"Red_Down","Yellow_Down","Green_Left","Blue_Left",100,100,0,50,"Up"
27,1,18,"Red_Right","Yellow_Up","Green_Down","Blue_Up",-150,100,0,50,"Left"
27,1,19,"Red_Right","Yellow_Left","Green_Up","Blue_Left",-150,100,0,50,"Down"
27,1,20,"Red_Up","Yellow_Down","Green_Up","Blue_Down",-150,100,50,50,"Left"
27,1,21,"Red_Left","Yellow_Down","Green_Right","Blue_Up",100,100,50,50,"Down"
27,1,22,"Red_Right","Yellow_Up","Green_Left","Blue_Up",-150,100,50,50,"Up"
27,1,23,"Red_Left","Yellow_Left","Green_Down","Blue_Left",100,100,0,50,"Up"
27,1,24,"Red_Left","Yellow_Down","Green_Down","Blue_Left",100,100,0,50,"Right"
27,1,25,"Red_Left","Yellow_Left","Green_Right","Blue_Up",100,100,50,50,"Left"
27,1,26,"Red_Up","Yellow_Up","Green_Up","Blue_Right",-150,100,50,50,"Left"
27,1,27,"Red_Down","Yellow_Up","Green_Up","Blue_Left",100,100,50,50,"Up"
27,1,28,"Red_Left","Yellow_Right","Green_Up","Blue_Left",100,-1150,0,50,"Left"
27,1,29,"Red_Left","Yellow_Left","Green_Right","Blue_Left",100,100,50,50,"Left"
27,1,30,"Red_Right","Yellow_Right","Green_Left","Blue_Left",100,100,0,50,"Down"
27,1,31,"Red_Up","Yellow_Right","Green_Left","Blue_Right",100,100,50,50,"Up"
27,1,32,"Red_Up","Yellow_Down","Green_Up","Blue_Up",-150,100,0,50,"Up"
27,1,33,"Red_Up","Yellow_Right","Green_Left","Blue_Up",100,100,0,50,"Down"
27,1,34,"Red_Up","Yellow_Left","Green_Left","Blue_Up",-150,100,50,50,"Right"
27,1,35,"Red_Left","Yellow_Down","Green_Down","Blue_Up",-150,100,0,50,"Right"
27,1,36,"Red_Down","Yellow_Up","Green_Up","Blue_Down",100,100,0,50,"Left"
27,1,37,"Red_Right","Yellow_Right","Green_Down","Blue_Left",-150,100,50,50,"Left"
27,1,38,"Red_Down","Yellow_Right","Green_Down","Blue_Left",-150,100,50,50,"Right"
27,1,39,"Red_Left","Yellow_Left","Green_Left","Blue_Down",-150,100,0,50,"Down"
27,1,40,"Red_Right","Yellow_Left","Green_Left","Blue_Up",100,100,50,-200,"Down"
27,1,41,"Red_Up","Yellow_Up","Green_Up","Blue_Right",100,100,0,50,"Up"
27,1,42,"Red_Right","Yellow_Up","Green_Up","Blue_Left",-150,100,50,50,"Right"
27,1,43,"Red_Right","Yellow_Down","Green_Left","Blue_Down",-150,100,50,50,"Left"
27,1,44,"Red_Up","Yellow_Left","Green_Down","Blue_Right",-150,-1150,0,50,"Right"
27,1,45,"Red_Left","Yellow_Left","Green_Up","Blue_Right",100,100,0,50,"Right"
27,1,46,"Red_Up","Yellow_Right","Green_Right","Blue_Left",100,100,0,50,"Right"
27,1,47,"Red_Right","Yellow_Up","Green_Up","Blue_Right",100,100,0,-200,"Left"
27,1,48,"Red_Up","Yellow_Down","Green_Left","Blue_Left",-150,-1150,50,-200,"Left"
27,1,49,"Red_Left","Yellow_Up","Green_Right","Blue_Down",100,100,50,-200,"Down"
27,1,50,"Red_Left","Yellow_Up","Green_Left","Blue_Down",-150,100,50,50,"Down"
27,2,1,"Red_Left","Yellow_Left","Green_Up","Blue_Up",100,100,0,50,"Right"
27,2,2,"Red_Right","Yellow_Right","Green_Up","Blue_Up",-150,100,0,50,"Right"
27,2,3,"Red_Left","Yellow_Left","Green_Down","Blue_Up",-150,100,0,50,"Left"
27,2,4,"Red_Down","Yellow_Left","Green_Down","Blue_Down",-150,100,50,50,"Right"
27,2,5,"Red_Left","Yellow_Right","Green_Up","Blue_Left",-150,100,50,50,"Down"
27,2,6,"Red_Right","Yellow_Right","Green_Left","Blue_Up",-150,100,0,50,"Left"
27,2,7,"Red_Left","Yellow_Up","Green_Left","Blue_Right",-150,100,0,50,"Right"
27,2,8,"Red_Up","Yellow_Up","Green_Left","Blue_Down",100,100,0,50,"Right"
27,2,9,"Red_Right","Yellow_Down","Green_Left","Blue_Down",-150,100,50,50,"Right"
27,2,10,"Red_Down","Yellow_Up","Green_Left","Blue_Up",-150,100,0,-200,"Left"
27,2,11,"Red_Right","Yellow_Up","Green_Down","Blue_Right",-150,100,0,-200,"Up"
27,2,12,"Red_Down","Yellow_Up","Green_Down","Blue_Down",-150,100,0,50,"Down"
27,2,13,"Red_Right","Yellow_Left","Green_Up","Blue_Up",100,-1150,50,50,"Up"
27,2,14,"Red_Up","Yellow_Up","Green_Up","Blue_Right",100,100,0,50,"Right"
27,2,15,"Red_Left","Yellow_Right","Green_Down","Blue_Down",-150,-1150,0,50,"Down"
27,2,16,"Red_Right","Yellow_Up","Green_Down","Blue_Up",-150,100,0,50,"Down"
27,2,17,"Red_Left","Yellow_Right","Green_Left","Blue_Up",-150,100,50,50,"Left"
27,2,18,"Red_Right","Yellow_Left","Green_Right","Blue_Right",-150,100,50,-200,"Left"
27,2,19,"Red_Right","Yellow_Up","Green_Up","Blue_Left",100,100,50,50,"Right"
27,2,20,"Red_Left","Yellow_Left","Green_Up","Blue_Right",100,100,50,50,"Down"
27,2,21,"Red_Up","Yellow_Left","Green_Right","Blue_Down",100,100,50,50,"Right"
27,2,22,"Red_Right","Yellow_Down","Green_Right","Blue_Right",-150,100,0,50,"Up"
27,2,23,"Red_Right","Yellow_Left","Green_Up","Blue_Up",100,100,50,-200,"Right"
27,2,24,"Red_Down","Yellow_Left","Green_Down","Blue_Down",100,100,50,50,"Right"
27,2,25,"Red_Left","Yellow_Up","Green_Right","Blue_Up",100,100,50,50,"Left"
27,2,26,"Red_Down","Yellow_Down","Green_Right","Blue_Left",100,100,0,-200,"Down"
27,2,27,"Red_Left","Yellow_Up","Green_Down","Blue_Down",-150,100,50,50,"Left"
27,2,28,"Red_Up","Yellow_Left","Green_Left","Blue_Left",100,100,0,50,"Up"
27,2,29,"Red_Up","Yellow_Down","Green_Down","Blue_Left",100,-1150,50,50,"Right"
27,2,30,"Red_Left","Yellow_Right","Green_Left","Blue_Left",100,100,0,50,"Right"
27,2,31,"Red_Left","Yellow_Left","Green_Right","Blue_Up",100,100,0,50,"Down"
27,2,32,"Red_Down","Yellow_Up","Green_Left","Blue_Left",100,100,0,50,"Down"
27,2,33,"Red_Left","Yellow_Left","Green_Right","Blue_Up",100,100,50,50,"Up"
27,2,34,"Red_Up","Yellow_Left","Green_Down","Blue_Down",100,100,0,50,"Left"
27,2,35,"Red_Up","Yellow_Up","Green_Up","Blue_Up",100,100,0,50,"Up"
27,2,36,"Red_Right","Yellow_Down","Green_Down","Blue_Up",-150,100,50,50,"Down"
27,2,37,"Red_Left","Yellow_Right","Green_Up","Blue_Up",-150,100,0,50,"Down"
27,2,38,"Red_Down","Yellow_Left","Green_Down","Blue_Right",-150,100,0,50,"Down"
27,2,39,"Red_Up","Yellow_Down","Green_Up","Blue_Right",100,100,50,50,"Right"
27,2,40,"Red_Up","Yellow_Left","Green_Up","Blue_Left",-150,-1150,50,50,"Left"
27,2,41,"Red_Right","Yellow_Right","Green_Up","Blue_Left",100,-1150,0,50,"Down"
27,2,42,"Red_Up","Yellow_Left","Green_Down","Blue_Up",-150,100,50,50,"Up"
27,2,43,"Red_Left","Yellow_Left","Green_Right","Blue_Left",-150,100,50,50,"Up"
27,2,44,"Red_Right","Yellow_Right","Green_Down","Blue_Up",-150,100,50,50,"Left"
27,2,45,"Red_Right","Yellow_Right","Green_Down","Blue_Down",100,100,0,50,"Left"
27,2,46,"Red_Up","Yellow_Up","Green_Right","Blue_Left",100,100,50,50,"Right"
27,2,47,"Red_Left","Yellow_Down","Green_Up","Blue_Left",100,100,50,50,"Down"
27,2,48,"Red_Down","Yellow_Up","Green_Up","Blue_Down",100,100,0,50,"Left"
27,2,49,"Red_Right","Yellow_Right","Green_Up","Blue_Up",-150,100,50,50,"Right"
27,2,50,"Red_Down","Yellow_Up","Green_Down","Blue_Up",-150,100,50,50,"Down"
27,3,1,"Red_Down","Yellow_Up","Green_Right","Blue_Up",100,-1150,0,50,"Up"
27,3,2,"Red_Right","Yellow_Right","Green_Right","Blue_Right",-150,100,50,50,"Right"
27,3,3,"Red_Down","Yellow_Left","Green_Left","Blue_Up",100,100,0,50,"Up"
27,3,4,"Red_Right","Yellow_Down","Green_Left","Blue_Left",-150,100,0,50,"Up"
27,3,5,"Red_Up","Yellow_Up","Green_Right","Blue_Left",-150,100,50,-200,"Down"
27,3,6,"Red_Right","Yellow_Down","Green_Down","Blue_Up",100,100,0,50,"Left"
27,3,7,"Red_Left","Yellow_Right","Green_Left","Blue_Down",-150,100,50,50,"Right"
27,3,8,"Red_Up","Yellow_Right","Green_Down","Blue_Down",100,100,0,50,"Up"
27,3,9,"Red_Right","Yellow_Left","Green_Right","Blue_Down",100,100,0,50,"Right"
27,3,10,"Red_Down","Yellow_Down","Green_Up","Blue_Left",100,100,0,50,"Up"
27,3,11,"Red_Left","Yellow_Left","Green_Left","Blue_Up",100,100,50,50,"Left"
27,3,12,"Red_Down","Yellow_Left","Green_Left","Blue_Down",-150,100,50,50,"Right"
27,3,13,"Red_Down","Yellow_Left","Green_Down","Blue_Up",-150,100,50,50,"Down"
27,3,14,"Red_Down","Yellow_Left","Green_Down","Blue_Up",100,100,50,-200,"Up"
27,3,15,"Red_Right","Yellow_Down","Green_Right","Blue_Down",100,100,0,50,"Down"
27,3,16,"Red_Right","Yellow_Up","Green_Down","Blue_Up",100,100,50,50,"Left"
27,3,17,"Red_Right","Yellow_Left","Green_Down","Blue_Right",100,100,50,50,"Down"
27,3,18,"Red_Left","Yellow_Left","Green_Left","Blue_Left",-150,100,50,50,"Left"
27,3,19,"Red_Down","Yellow_Left","Green_Up","Blue_Down",-150,100,50,50,"Left"
27,3,20,"Red_Up","Yellow_Up","Green_Right","Blue_Up",-150,100,50,50,"Down"
27,3,21,"Red_Left","Yellow_Right","Green_Down","Blue_Left",-150,100,0,50,"Down"
27,3,22,"Red_Right","Yellow_Up","Green_Left","Blue_Up",100,100,0,-200,"Down"
27,3,23,"Red_Left","Yellow_Right","Green_Left","Blue_Left",-150,100,50,50,"Right"
27,3,24,"Red_Down","Yellow_Up","Green_Down","Blue_Right",100,100,0,50,"Up"
27,3,25,"Red_Up","Yellow_Down","Green_Left","Blue_Left",-150,100,50,50,"Right"
27,3,26,"Red_Down","Yellow_Left","Green_Left","Blue_Right",100,100,0,50,"Right"
27,3,27,"Red_Right","Yellow_Left","Green_Right","Blue_Down",-150,100,50,50,"Left"
27,3,28,"Red_Left","Yellow_Left","Green_Left","Blue_Down",100,100,50,50,"Down"
27,3,29,"Red_Right","Yellow_Up","Green_Right","Blue_Up",100,100,0,50,"Down"
27,3,30,"Red_Up","Yellow_Up","Green_Left","Blue_Down",-150,100,50,50,"Right"
27,3,31,"Red_Left","Yellow_Down","Green_Down","Blue_Right",100,-1150,0,50,"Down"
27,3,32,"Red_Up","Yellow_Up","Green_Up","Blue_Up",-150,100,50,50,"Down"
27,3,33,"Red_Left","Yellow_Left","Green_Down","Blue_Left",-150,100,0,-200,"Up"
27,3,34,"Red_Right","Yellow_Left","Green_Up","Blue_Down",100,100,0,50,"Up"
27,3,35,"Red_Left","Yellow_Right","Green_Left","Blue_Down",100,100,0,50,"Right"
27,3,36,"Red_Right","Yellow_Down","Green_Right","Blue_Up",-150,100,0,50,"Left"
27,3,37,"Red_Right","Yellow_Up","Green_Right","Blue_Down",100,100,50,50,"Left"
27,3,38,"Red_Down","Yellow_Down","Green_Up","Blue_Down",-150,-1150,50,50,"Left"
27,3,39,"Red_Right","Yellow_Left","Green_Down","Blue_Down",-150,100,0,50,"Down"
27,3,40,"Red_Down","Yellow_Up","Green_Right","Blue_Left",-150,-1150,50,-200,"Left"
27,3,41,"Red_Left","Yellow_Up","Green_Down","Blue_Right",-150,100,50,50,"Up"
27,3,42,"Red_Up","Yellow_Down","Green_Down","Blue_Left",-150,-1150,50,50,"Up"
27,3,43,"Red_Up","Yellow_Right","Green_Left","Blue_Right",100,100,0,50,"Down"
27,3,44,"Red_Left","Yellow_Left","Green_Left","Blue_Left",-150,100,0,50,"Down"
27,3,45,"Red_Right","Yellow_Down","Green_Down","Blue_Up",-150,100,0,50,"Up"
27,3,46,"Red_Right","Yellow_Left","Green_Right","Blue_Left",-150,100,50,50,"Down"
27,3,47,"Red_Up","Yellow_Left","Green_Left","Blue_Down",100,100,50,50,"Down"
27,3,48,"Red_Right","Yellow_Left","Green_Left","Blue_Right",100,100,0,50,"Left"
27,3,49,"Red_Down","Yellow_Down","Green_Down","Blue_Right",100,100,0,50,"Up"
27,3,50,"Red_Up","Yellow_Left","Green_Right","Blue_Down",100,100,0,50,"Right"
27,4,1,"Red_Up","Yellow_Right","Green_Left","Blue_Right",100,100,50,50,"Right"
27,4,2,"Red_Right","Yellow_Down","Green_Left","Blue_Down",-150,100,50,50,"Down"
27,4,3,"Red_Up","Yellow_Down","Green_Left","Blue_Down",-150,-1150,0,-200,"Down"
27,4,4,"Red_Left","Yellow_Right","Green_Down","Blue_Up",-150,100,0,50,"Left"
27,4,5,"Red_Up","Yellow_Right","Green_Down","Blue_Down",-150,100,0,50,"Right"
27,4,6,"Red_Left","Yellow_Right","Green_Left","Blue_Down",100,100,50,50,"Up"
27,4,7,"Red_Right","Yellow_Right","Green_Down","Blue_Right",-150,-1150,0,50,"Down"
27,4,8,"Red_Down","Yellow_Right","Green_Up","Blue_Down",-150,100,0,50,"Down"
27,4,9,"Red_Left","Yellow_Right","Green_Down","Blue_Up",-150,100,50,50,"Down"
27,4,10,"Red_Up","Yellow_Right","Green_Up","Blue_Left",-150,100,50,50,"Down"
27,4,11,"Red_Left","Yellow_Down","Green_Up","Blue_Up",-150,100,0,50,"Right"
27,4,12,"Red_Up","Yellow_Left","Green_Right","Blue_Down",-150,100,50,50,"Up"
27,4,13,"Red_Left","Yellow_Left","Green_Up","Blue_Right",-150,100,0,50,"Left"
27,4,14,"Red_Up","Yellow_Right","Green_Right","Blue_Up",100,100,0,50,"Right"
27,4,15,"Red_Down","Yellow_Left","Green_Right","Blue_Up",100,100,50,50,"Left"
27,4,16,"Red_Left","Yellow_Right","Green_Up","Blue_Left",100,-1150,50,50,"Up"
27,4,17,"Red_Down","Yellow_Right","Green_Left","Blue_Right",100,100,50,50,"Down"
27,4,18,"Red_Right","Yellow_Left","Green_Left","Blue_Up",-150,100,50,50,"Left"
27,4,19,"Red_Left","Yellow_Up","Green_Left","Blue_Down",100,100,50,50,"Down"
27,4,20,"Red_Up","Yellow_Left","Green_Up","Blue_Left",100,100,50,50,"Up"
27,4,21,"Red_Up","Yellow_Up","Green_Up","Blue_Right",100,100,0,50,"Left"
27,4,22,"Red_Right","Yellow_Left","Green_Right","Blue_Left",100,100,50,50,"Right"
27,4,23,"Red_Down","Yellow_Left","Green_Up","Blue_Up",-150,100,0,-200,"Down"
27,4,24,"Red_Left","Yellow_Up","Green_Left","Blue_Down",100,100,0,50,"Right"
27,4,25,"Red_Right","Yellow_Right","Green_Right","Blue_Left",100,100,50,50,"Left"
27,4,26,"Red_Left","Yellow_Up","Green_Left","Blue_Down",100,100,50,50,"Up"
27,4,27,"Red_Left","Yellow_Left","Green_Down","Blue_Up",-150,100,50,50,"Left"
27,4,28,"Red_Left","Yellow_Left","Green_Down","Blue_Right",-150,100,50,50,"Left"
27,4,29,"Red_Right","Yellow_Left","Green_Down","Blue_Right",-150,100,50,50,"Right"
27,4,30,"Red_Up","Yellow_Up","Green_Up","Blue_Down",-150,100,0,50,"Left"
27,4,31,"Red_Down","Yellow_Left","Green_Left","Blue_Up",-150,100,0,50,"Down"
27,4,32,"Red_Left","Yellow_Up","Green_Up","Blue_Left",100,100,50,50,"Down"
27,4,33,"Red_Right","Yellow_Left","Green_Down","Blue_Left",-150,100,50,-200,"Down"
27,4,34,"Red_Up","Yellow_Right","Green_Left","Blue_Right",100,100,0,50,"Right"
27,4,35,"Red_Up","Yellow_Left","Green_Up","Blue_Up",100,100,0,50,"Down"
27,4,36,"Red_Left","Yellow_Up","Green_Left","Blue_Up",-150,100,0,50,"Left"
27,4,37,"Red_Up","Yellow_Down","Green_Up","Blue_Right",100,100,50,50,"Right"
27,4,38,"Red_Left","Yellow_Right","Green_Down","Blue_Up",100,100,0,50,"Left"
27,4,39,"Red_Down","Yellow_Down","Green_Down","Blue_Left",100,100,0,-200,"Left"
27,4,40,"Red_Left","Yellow_Up","Green_Down","Blue_Up",100,100,50,50,"Right"
27,4,41,"Red_Down","Yellow_Left","Green_Right","Blue_Left",-150,100,0,50,"Left"
27,4,42,"Red_Up","Yellow_Right","Green_Left","Blue_Right",-150,100,0,-200,"Left"
27,4,43,"Red_Up","Yellow_Down","Green_Left","Blue_Down",100,-1150,0,50,"Right"
27,4,44,"Red_Right","Yellow_Left","Green_Left","Blue_Left",-150,100,50,50,"Down"
27,4,45,"Red_Right","Yellow_Down","Green_Left","Blue_Left",-150,-1150,0,50,"Down"
27,4,46,"Red_Right","Yellow_Down","Green_Right","Blue_Down",100,100,50,50,"Down"
27,4,47,"Red_Up","Yellow_Down","Green_Left","Blue_Down",100,100,0,50,"Up"
27,4,48,"Red_Right","Yellow_Down","Green_Right","Blue_Down",100,100,0,50,"Up"
27,4,49,"Red_Up","Yellow_Down","Green_Right","Blue_Down",-150,100,50,50,"Down"
27,4,50,"Red_Down","Yellow_Down","Green_Up","Blue_Up",100,100,0,50,"Up"
27,5,1,"Red_Up","Yellow_Down","Green_Left","Blue_Left",-150,100,50,-200,"Down"
27,5,2,"Red_Down","Yellow_Left","Green_Left","Blue_Up",-150,100,0,50,"Up"
27,5,3,"Red_Down","Yellow_Right","Green_Down","Blue_Left",100,100,0,50,"Up"
27,5,4,"Red_Right","Yellow_Up","Green_Right","Blue_Up",-150,100,0,50,"Down"
27,5,5,"Red_Right","Yellow_Left","Green_Up","Blue_Down",100,100,50,50,"Right"
27,5,6,"Red_Up","Yellow_Right","Green_Left","Blue_Left",-150,100,50,50,"Left"
27,5,7,"Red_Left","Yellow_Left","Green_Left","Blue_Right",-150,100,0,50,"Right"
27,5,8,"Red_Down","Yellow_Left","Green_Down","Blue_Down",100,100,0,50,"Right"
27,5,9,"Red_Down","Yellow_Down","Green_Right","Blue_Left",100,-1150,0,50,"Up"
27,5,10,"Red_Right","Yellow_Left","Green_Left","Blue_Left",-150,100,0,50,"Right"
27,5,11,"Red_Right","Yellow_Right","Green_Left","Blue_Up",-150,100,50,50,"Down"
27,5,12,"Red_Right","Yellow_Down","Green_Right","Blue_Left",100,100,50,50,"Left"
27,5,13,"Red_Right","Yellow_Up","Green_Right","Blue_Up",100,100,0,50,"Up"
27,5,14,"Red_Right","Yellow_Down","Green_Up","Blue_Up",-150,100,0,50,"Down"
27,5,15,"Red_Down","Yellow_Left","Green_Right","Blue_Right",-150,100,0,50,"Right"
27,5,16,"Red_Left","Yellow_Left","Green_Left","Blue_Right",-150,100,50,50,"Up"
27,5,17,"Red_Up","Yellow_Up","Green_Right","Blue_Left",100,100,0,50,"Right"
27,5,18,"Red_Down","Yellow_Down","Green_Down","Blue_Right",-150,100,0,50,"Left"
27,5,19,"Red_Right","Yellow_Right","Green_Right","Blue_Down",100,100,0,50,"Down"
27,5,20,"Red_Down","Yellow_Left","Green_Down","Blue_Up",100,100,50,50,"Left"
27,5,21,"Red_Down","Yellow_Right","Green_Left","Blue_Up",100,100,50,-200,"Left"
27,5,22,"Red_Up","Yellow_Right","Green_Up","Blue_Left",100,100,50,50,"Down"
27,5,23,"Red_Left","Yellow_Down","Green_Right","Blue_Down",-150,100,0,50,"Down"
27,5,24,"Red_Down","Yellow_Right","Green_Right","Blue_Down",-150,100,0,50,"Right"
27,5,25,"Red_Down","Yellow_Right","Green_Down","Blue_Down",-150,100,0,50,"Down"
27,5,26,"Red_Down","Yellow_Left","Green_Up","Blue_Left",-150,100,50,50,"Up"
27,5,27,"Red_Left","Yellow_Up","Green_Right","Blue_Left",100,100,50,50,"Up"
27,5,28,"Red_Down","Yellow_Down","Green_Right","Blue_Left",-150,100,50,50,"Right"
27,5,29,"Red_Right","Yellow_Right","Green_Up","Blue_Up",100,100,50,50,"Up"
27,5,30,"Red_Up","Yellow_Down","Green_Left","Blue_Up",100,100,0,50,"Up"
27,5,31,"Red_Right","Yellow_Up","Green_Down","Blue_Up",100,100,0,50,"Down"
27,5,32,"Red_Up","Yellow_Down","Green_Down","Blue_Right",100,-1150,0,50,"Down"
27,5,33,"Red_Left","Yellow_Down","Green_Right","Blue_Right",100,100,50,50,"Right"
27,5,34,"Red_Up","Yellow_Down","Green_Left","Blue_Left",100,-1150,0,-200,"Up"
27,5,35,"Red_Down","Yellow_Up","Green_Left","Blue_Down",100,100,50,50,"Left"
27,5,36,"Red_Right","Yellow_Down","Green_Right","Blue_Down",100,100,50,50,"Left"
27,5,37,"Red_Left","Yellow_Right","Green_Left","Blue_Down",-150,100,0,50,"Right"
27,5,38,"Red_Right","Yellow_Left","Green_Right","Blue_Left",100,100,50,50,"Down"
27,5,39,"Red_Left","Yellow_Down","Green_Up","Blue_Down",-150,100,0,50,"Down"
27,5,40,"Red_Right","Yellow_Left","Green_Up","Blue_Right",100,100,0,-200,"Down"
27,5,41,"Red_Up","Yellow_Down","Green_Down","Blue_Left",100,100,50,50,"Up"
27,5,42,"Red_Left","Yellow_Right","Green_Up","Blue_Right",-150,100,50,50,"Right"
27,5,43,"Red_Left","Yellow_Up","Green_Right","Blue_Up",-150,100,50,50,"Down"
27,5,44,"Red_Up","Yellow_Up","Green_Up","Blue_Left",-150,100,50,50,"Up"
27,5,45,"Red_Right","Yellow_Left","Green_Down","Blue_Up",100,100,50,50,"Left"
27,5,46,"Red_Down","Yellow_Right","Green_Down","Blue_Left",-150,-1150,0,50,"Up"
27,5,47,"Red_Up","Yellow_Up","Green_Down","Blue_Left",100,100,0,50,"Right"
27,5,48,"Red_Right","Yellow_Up","Green_Right","Blue_Left",-150,-1150,50,50,"Right"
27,5,49,"Red_Right","Yellow_Right","Green_Up","Blue_Left",-150,100,50,-200,"Right"
27,5,50,"Red_Down","Yellow_Left","Green_Left","Blue_Right",-150,100,50,50,"Right"
27,6,1,"Red_Up","Yellow_Right","Green_Right","Blue_Left",100,100,0,50,"Right"
27,6,2,"Red_Down","Yellow_Right","Green_Up","Blue_Down",100,-1150,0,50,"Up"
27,6,3,"Red_Down","Yellow_Up","Green_Right","Blue_Left",-150,100,0,50,"Up"
27,6,4,"Red_Left","Yellow_Up","Green_Right","Blue_Up",-150,100,0,50,"Right"
27,6,5,"Red_Up","Yellow_Up","Green_Up","Blue_Down",100,100,50,50,"Down"
27,6,6,"Red_Left","Yellow_Right","Green_Down","Blue_Right",100,100,0,50,"Right"
27,6,7,"Red_Down","Yellow_Up","Green_Right","Blue_Left",100,100,50,50,"Up"
27,6,8,"Red_Left","Yellow_Down","Green_Right","Blue_Down",100,100,0,-200,"Up"
27,6,9,"Red_Left","Yellow_Right","Green_Left","Blue_Up",-150,100,0,50,"Left"
27,6,10,"Red_Right","Yellow_Right","Green_Right","Blue_Down",-150,100,0,50,"Left"
27,6,11,"Red_Down","Yellow_Down","Green_Left","Blue_Right",100,100,0,50,"Up"
27,6,12,"Red_Down","Yellow_Left","Green_Right","Blue_Down",-150,100,50,50,"Left"
27,6,13,"Red_Left","Yellow_Right","Green_Left","Blue_Up",100,100,50,50,"Up"
27,6,14,"Red_Up","Yellow_Right","Green_Left","Blue_Up",-150,100,50,50,"Left"
27,6,15,"Red_Right","Yellow_Up","Green_Up","Blue_Down",100,100,50,50,"Left"
27,6,16,"Red_Up","Yellow_Down","Green_Down","Blue_Left",100,100,50,50,"Down"
27,6,17,"Red_Right","Yellow_Down","Green_Right","Blue_Left",-150,100,0,50,"Left"
27,6,18,"Red_Right","Yellow_Up","Green_Left","Blue_Left",100,-1150,50,50,"Left"
27,6,19,"Red_Right","Yellow_Down","Green_Up","Blue_Left",-150,100,50,-200,"Left"
27,6,20,"Red_Up","Yellow_Down","Green_Right","Blue_Left",-150,100,0,50,"Down"
27,6,21,"Red_Right","Yellow_Right","Green_Up","Blue_Down",100,100,50,50,"Down"
27,6,22,"Red_Right","Yellow_Up","Green_Up","Blue_Up",-150,100,0,50,"Left"
27,6,23,"Red_Right","Yellow_Down","Green_Left","Blue_Down",100,100,50,50,"Up"
27,6,24,"Red_Up","Yellow_Up","Green_Down","Blue_Down",-150,100,0,50,"Down"
27,6,25,"Red_Right","Yellow_Left","Green_Up","Blue_Down",-150,100,0,50,"Right"
27,6,26,"Red_Down","Yellow_Up","Green_Down","Blue_Down",-150,100,0,50,"Up"
27,6,27,"Red_Down","Yellow_Left","Green_Left","Blue_Left",100,100,0,50,"Left"
27,6,28,"Red_Up","Yellow_Right","Green_Down","Blue_Left",-150,100,50,50,"Left"
27,6,29,"Red_Up","Yellow_Right","Green_Up","Blue_Up",100,100,50,-200,"Left"
27,6,30,"Red_Down","Yellow_Right","Green_Down","Blue_Right",100,100,0,50,"Left"
27,6,31,"Red_Down","Yellow_Down","Green_Left","Blue_Up",100,-1150,50,50,"Down"
27,6,32,"Red_Up","Yellow_Down","Green_Left","Blue_Down",100,100,0,50,"Left"
27,6,33,"Red_Right","Yellow_Up","Green_Up","Blue_Up",-150,100,0,50,"Up"
27,6,34,"Red_Left","Yellow_Down","Green_Up","Blue_Right",100,100,50,50,"Right"
27,6,35,"Red_Left","Yellow_Right","Green_Left","Blue_Left",-150,100,0,-200,"Up"
27,6,36,"Red_Down","Yellow_Down","Green_Down","Blue_Left",-150,-1150,50,50,"Left"
27,6,37,"Red_Down","Yellow_Up","Green_Right","Blue_Left",100,100,0,50,"Down"
27,6,38,"Red_Right","Yellow_Left","Green_Up","Blue_Left",-150,100,50,50,"Up"
27,6,39,"Red_Left","Yellow_Right","Green_Down","Blue_Left",-150,-1150,0,50,"Down"
27,6,40,"Red_Down","Yellow_Right","Green_Up","Blue_Up",-150,100,50,-200,"Right"
27,6,41,"Red_Left","Yellow_Left","Green_Right","Blue_Down",100,100,50,50,"Up"
27,6,42,"Red_Left","Yellow_Down","Green_Down","Blue_Left",-150,100,0,50,"Left"
27,6,43,"Red_Down","Yellow_Up","Green_Down","Blue_Left",100,100,50,50,"Left"
27,6,44,"Red_Down","Yellow_Left","Green_Left","Blue_Right",-150,100,0,50,"Up"
27,6,45,"Red_Left","Yellow_Down","Green_Left","Blue_Right",100,100,50,50,"Down"
27,6,46,"Red_Down","Yellow_Right","Green_Right","Blue_Up",100,100,50,50,"Up"
27,6,47,"Red_Left","Yellow_Down","Green_Up","Blue_Right",100,100,0,50,"Right"
27,6,48,"Red_Right","Yellow_Left","Green_Down","Blue_Right",-150,100,50,50,"Right"
27,6,49,"Red_Left","Yellow_Up","Green_Up","Blue_Right",-150,100,50,50,"Left"
27,6,50,"Red_Down","Yellow_Up","Green_Down","Blue_Left",-150,100,50,50,"Right"
28,1,1,"Red_Left","Yellow_Right","Green_Right","Blue_Down",-150,100,0,50,"Left"
28,1,2,"Red_Left","Yellow_Left","Green_Up","Blue_Up",-150,100,50,50,"Down"
28,1,3,"Red_Up","Yellow_Down","Green_Right","Blue_Down",100,100,50,50,"Down"
28,1,4,"Red_Down","Yellow_Left","Green_Up","Blue_Left",-150,100,50,50,"Right"
28,1,5,"Red_Up","Yellow_Up","Green_Down","Blue_Right",100,100,50,50,"Up"
28,1,6,"Red_Down","Yellow_Left","Green_Left","Blue_Up",-150,100,0,50,"Down"
28,1,7,"Red_Up","Yellow_Up","Green_Left","Blue_Up",100,100,0,-200,"Down"
28,1,8,"Red_Left","Yellow_Down","Green_Left","Blue_Left",100,100,50,50,"Right"
28,1,9,"Red_Left","Yellow_Up","Green_Right","Blue_Right",100,100,0,50,"Up"
28,1,10,"Red_Right","Yellow_Down","Green_Up","Blue_Up",-150,100,50,50,"Up"
28,1,11,"Red_Down","Yellow_Down","Green_Down","Blue_Left",100,100,50,50,"Right"
28,1,12,"Red_Up","Yellow_Up","Green_Up","Blue_Down",100,100,50,50,"Left"
28,1,13,"Red_Right","Yellow_Up","Green_Right","Blue_Up",-150,100,0,50,"Left"
28,1,14,"Red_Left","Yellow_Right","Green_Right","Blue_Up",-150,100,0,50,"Left"
28,1,15,"Red_Up","Yellow_Down","Green_Up","Blue_Up",-150,100,50,50,"Up"
28,1,16,"Red_Up","Yellow_Left","Green_Down","Blue_Down",100,100,50,50,"Left"
28,1,17,"Red_Up","Yellow_Up","Green_Down","Blue_Down",-150,100,0,50,"Up"
28,1,18,"Red_Down","Yellow_Up","Green_Up","Blue_Up",100,100,0,50,"Left"
28,1,19,"Red_Up","Yellow_Right","Green_Left","Blue_Right",-150,100,0,-200,"Up"
28,1,20,"Red_Down","Yellow_Right","Green_Down","Blue_Down",-150,100,0,50,"Up"
28,1,21,"Red_Down","Yellow_Up","Green_Left","Blue_Left",100,100,0,50,"Down"
28,1,22,"Red_Down","Yellow_Right","Green_Right","Blue_Right",100,100,0,50,"Up"
28,1,23,"Red_Right","Yellow_Down","Green_Up","Blue_Down",100,100,50,50,"Up"
28,1,24,"Red_Up","Yellow_Left","Green_Left","Blue_Right",-150,100,50,-200,"Up"
28,1,25,"Red_Up","Yellow_Down","Green_Down","Blue_Down",100,-1150,0,50,"Down"
28,1,26,"Red_Down","Yellow_Right","Green_Up","Blue_Down",100,100,0,50,"Down"
28,1,27,"Red_Down","Yellow_Left","Green_Down","Blue_Down",100,-1150,0,50,"Down"
28,1,28,"Red_Down","Yellow_Down","Green_Left","Blue_Left",-150,100,50,50,"Left"
28,1,29,"Red_Down","Yellow_Up","Green_Right","Blue_Down",-150,100,0,50,"Left"
28,1,30,"Red_Up","Yellow_Right","Green_Left","Blue_Left",-150,-1150,0,50,"Left"
28,1,31,"Red_Down","Yellow_Down","Green_Left","Blue_Left",-150,100,0,50,"Left"
28,1,32,"Red_Up","Yellow_Down","Green_Right","Blue_Down",-150,-1150,50,50,"Down"
28,1,33,"Red_Left","Yellow_Up","Green_Right","Blue_Up",100,100,0,50,"Down"
28,1,34,"Red_Right","Yellow_Up","Green_Right","Blue_Left",-150,-1150,50,50,"Down"
28,1,35,"Red_Left","Yellow_Down","Green_Left","Blue_Down",-150,100,50,50,"Up"
28,1,36,"Red_Right","Yellow_Down","Green_Right","Blue_Left",100,100,50,50,"Left"
28,1,37,"Red_Up","Yellow_Up","Green_Left","Blue_Up",-150,100,50,50,"Left"
28,1,38,"Red_Down","Yellow_Left","Green_Right","Blue_Up",100,100,50,50,"Right"
28,1,39,"Red_Left","Yellow_Left","Green_Right","Blue_Right",-150,100,50,50,"Down"
28,1,40,"Red_Right","Yellow_Right","Green_Left","Blue_Right",100,100,0,50,"Right"
28,1,41,"Red_Up","Yellow_Right","Green_Down","Blue_Up",100,100,50,50,"Up"
28,1,42,"Red_Right","Yellow_Right","Green_Up","Blue_Left",-150,100,0,50,"Down"
28,1,43,"Red_Down","Yellow_Right","Green_Down","Blue_Up",-150,100,0,50,"Left"
28,1,44,"Red_Right","Yellow_Down","Green_Right","Blue_Up",100,100,50,50,"Left"
28,1,45,"Red_Left","Yellow_Up","Green_Right","Blue_Up",100,100,0,50,"Left"
28,1,46,"Red_Down","Yellow_Up","Green_Down","Blue_Right",100,100,50,50,"Left"
28,1,47,"Red_Down","Yellow_Right","Green_Up","Blue_Down",-150,100,50,-200,"Left"
28,1,48,"Red_Left","Yellow_Down","Green_Right","Blue_Down",100,100,0,50,"Down"
28,1,49,"Red_Right","Yellow_Up","Green_Right","Blue_Right",-150,100,50,50,"Up"
28,1,50,"Red_Right","Yellow_Left","Green_Right","Blue_Up",100,100,0,-200,"Down"
28,2,1,"Red_Right","Yellow_Right","Green_Up","Blue_Right",-150,100,0,50,"Left"
28,2,2,"Red_Down","Yellow_Left","Green_Right","Blue_Up",-150,100,50,50,"Left"
28,2,3,"Red_Left","Yellow_Left","Green_Left","Blue_Right",-150,100,50,-200,"Left"
28,2,4,"Red_Left","Yellow_Up","Green_Down","Blue_Down",100,100,0,50,"Left"
28,2,5,"Red_Right","Yellow_Up","Green_Up","Blue_Down",100,100,50,50,"Left"
28,2,6,"Red_Down","Yellow_Left","Green_Up","Blue_Left",-150,100,50,50,"Left"
28,2,7,"Red_Left","Yellow_Down","Green_Right","Blue_Up",100,-1150,0,50,"Right"
28,2,8,"Red_Right","Yellow_Down","Green_Up","Blue_Up",100,100,0,50,"Left"
28,2,9,"Red_Up","Yellow_Up","Green_Right","Blue_Up",100,100,50,50,"Down"
28,2,10,"Red_Down","Yellow_Left","Green_Down","Blue_Left",100,100,50,50,"Down"
28,2,11,"Red_Right","Yellow_Left","Green_Up","Blue_Down",-150,100,50,50,"Down"
28,2,12,"Red_Left","Yellow_Left","Green_Up","Blue_Left",100,100,0,50,"Up"
28,2,13,"Red_Down","Yellow_Right","Green_Left","Blue_Right",100,100,0,50,"Down"
28,2,14,"Red_Up","Yellow_Right","Green_Left","Blue_Up",100,100,50,50,"Up"
28,2,15,"Red_Up","Yellow_Left","Green_Up","Blue_Down",-150,100,50,50,"Left"
28,2,16,"Red_Left","Yellow_Up","Green_Right","Blue_Right",-150,100,50,50,"Left"
28,2,17,"Red_Left","Yellow_Left","Green_Left","Blue_Up",100,100,50,50,"Left"
28,2,18,"Red_Left","Yellow_Right","Green_Down","Blue_Right",-150,100,0,50,"Down"
28,2,19,"Red_Right","Yellow_Left","Green_Up","Blue_Up",-150,100,50,50,"Down"
28,2,20,"Red_Down","Yellow_Right","Green_Up","Blue_Right",100,100,0,50,"Left"
28,2,21,"Red_Right","Yellow_Down","Green_Left","Blue_Up",-150,100,0,50,"Left"
28,2,22,"Red_Right","Yellow_Up","Green_Right","Blue_Up",100,-1150,0,50,"Left"
28,2,23,"Red_Left","Yellow_Right","Green_Down","Blue_Down",100,100,0,-200,"Left"
28,2,24,"Red_Down","Yellow_Up","Green_Up","Blue_Right",-150,-1150,0,50,"Down"
28,2,25,"Red_Left","Yellow_Down","Green_Down","Blue_Right",100,100,0,50,"Left"
28,2,26,"Red_Down","Yellow_Right","Green_Right","Blue_Left",-150,100,50,50,"Right"
28,2,27,"Red_Left","Yellow_Right","Green_Left","Blue_Down",100,100,50,50,"Right"
28,2,28,"Red_Up","Yellow_Right","Green_Left","Blue_Up",100,100,50,50,"Right"
28,2,29,"Red_Down","Yellow_Down","Green_Right","Blue_Up",100,100,50,50,"Up"
28,2,30,"Red_Down","Yellow_Left","Green_Up","Blue_Right",-150,-1150,0,-200,"Right"
28,2,31,"Red_Left","Yellow_Up","Green_Up","Blue_Up",-150,100,0,50,"Down"
28,2,32,"Red_Left","Yellow_Down","Green_Left","Blue_Left",100,100,50,50,"Left"
28,2,33,"Red_Right","Yellow_Right","Green_Down","Blue_Up",100,100,0,50,"Right"
28,2,34,"Red_Up","Yellow_Up","Green_Up","Blue_Right",-150,100,50,50,"Up"
28,2,35,"Red_Right","Yellow_Down","Green_Up","Blue_Right",-150,100,50,50,"Down"
28,2,36,"Red_Down","Yellow_Down","Green_Left","Blue_Up",-150,100,0,50,"Right"
28,2,37,"Red_Right","Yellow_Right","Green_Up","Blue_Right",-150,100,50,50,"Right"
28,2,38,"Red_Left","Yellow_Right","Green_Down","Blue_Up",100,100,50,50,"Down"
28,2,39,"Red_Down","Yellow_Up","Green_Left","Blue_Up",-150,100,50,50,"Up"
28,2,40,"Red_Right","Yellow_Right","Green_Right","Blue_Up",-150,100,50,50,"Up"
28,2,41,"Red_Down","Yellow_Up","Green_Left","Blue_Right",-150,100,0,50,"Left"
28,2,42,"Red_Down","Yellow_Down","Green_Down","Blue_Up",100,100,50,50,"Up"
28,2,43,"Red_Right","Yellow_Right","Green_Left","Blue_Up",-150,100,0,50,"Down"
28,2,44,"Red_Up","Yellow_Right","Green_Up","Blue_Up",100,-1150,0,50,"Right"
28,2,45,"Red_Down","Yellow_Right","Green_Down","Blue_Right",100,100,50,50,"Right"
28,2,46,"Red_Right","Yellow_Left","Green_Up","Blue_Up",-150,100,0,50,"Down"
28,2,47,"Red_Left","Yellow_Down","Green_Right","Blue_Up",-150,100,0,50,"Up"
28,2,48,"Red_Down","Yellow_Left","Green_Left","Blue_Left",100,100,0,-200,"Right"
28,2,49,"Red_Up","Yellow_Up","Green_Right","Blue_Down",100,100,0,-200,"Right"
28,2,50,"Red_Up","Yellow_Left","Green_Down","Blue_Right",-150,100,0,50,"Left"
28,3,1,"Red_Down","Yellow_Up","Green_Up","Blue_Down",100,100,50,50,"Right"
28,3,2,"Red_Left","Yellow_Down","Green_Down","Blue_Down",100,100,50,50,"Left"
28,3,3,"Red_Down","Yellow_Left","Green_Right","Blue_Left",100,100,0,50,"Left"
28,3,4,"Red_Up","Yellow_Right","Green_Left","Blue_Up",-150,100,50,50,"Right"
28,3,5,"Red_Down","Yellow_Up","Green_Down","Blue_Right",100,100,0,50,"Left"
28,3,6,"Red_Left","Yellow_Right","Green_Left","Blue_Up",100,100,0,50,"Left"
28,3,7,"Red_Left","Yellow_Right","Green_Left","Blue_Left",-150,100,0,50,"Down"
28,3,8,"Red_Right","Yellow_Down","Green_Up","Blue_Right",100,-1150,0,50,"Up"
28,3,9,"Red_Right","Yellow_Left","Green_Down","Blue_Left",100,100,0,50,"Up"
28,3,10,"Red_Down","Yellow_Down","Green_Left","Blue_Right",-150,100,0,50,"Down"
28,3,11,"Red_Right","Yellow_Left","Green_Down","Blue_Up",100,100,50,50,"Left"
28,3,12,"Red_Down","Yellow_Right","Green_Right","Blue_Up",-150,100,50,50,"Up"
28,3,13,"Red_Left","Yellow_Right","Green_Down","Blue_Left",-150,100,0,-200,"Down"
28,3,14,"Red_Up","Yellow_Down","Green_Left","Blue_Left",100,100,50,50,"Left"
28,3,15,"Red_Up","Yellow_Down","Green_Left","Blue_Up",-150,100,0,50,"Down"
28,3,16,"Red_Down","Yellow_Left","Green_Right","Blue_Left",-150,100,0,50,"Down"
28,3,17,"Red_Right","Yellow_Up","Green_Right","Blue_Up",100,100,50,50,"Up"
28,3,18,"Red_Left","Yellow_Right","Green_Right","Blue_Right",-150,100,0,50,"Up"
28,3,19,"Red_Right","Yellow_Up","Green_Up","Blue_Right",-150,-1150,0,50,"Right"
28,3,20,"Red_Down","Yellow_Up","Green_Up","Blue_Down",100,100,50,-200,"Up"
28,3,21,"Red_Down","Yellow_Up","Green_Right","Blue_Left",100,100,50,50,"Left"
28,3,22,"Red_Left","Yellow_Up","Green_Left","Blue_Right",-150,100,50,-200,"Left"
28,3,23,"Red_Down","Yellow_Left","Green_Left","Blue_Up",-150,100,50,50,"Right"
28,3,24,"Red_Up","Yellow_Left","Green_Left","Blue_Down",100,100,0,50,"Up"
28,3,25,"Red_Up","Yellow_Down","Green_Up","Blue_Down",-150,100,50,50,"Up"
28,3,26,"Red_Right","Yellow_Right","Green_Left","Blue_Right",100,100,50,50,"Up"
28,3,27,"Red_Down","Yellow_Right","Green_Right","Blue_Up",-150,-1150,50,50,"Up"
28,3,28,"Red_Left","Yellow_Up","Green_Down","Blue_Down",100,100,50,50,"Down"
28,3,29,"Red_Left","Yellow_Right","Green_Up","Blue_Right",100,100,50,50,"Up"
28,3,30,"Red_Down","Yellow_Down","Green_Left","Blue_Up",100,100,0,50,"Right"
28,3,31,"Red_Up","Yellow_Right","Green_Down","Blue_Right",100,100,50,50,"Right"
28,3,32,"Red_Up","Yellow_Left","Green_Down","Blue_Up",-150,100,50,50,"Down"
28,3,33,"Red_Up","Yellow_Right","Green_Down","Blue_Down",100,100,0,50,"Up"
28,3,34,"Red_Right","Yellow_Down","Green_Right","Blue_Right",-150,100,0,50,"Up"
28,3,35,"Red_Right","Yellow_Down","Green_Down","Blue_Up",-150,100,0,50,"Up"
28,3,36,"Red_Right","Yellow_Up","Green_Down","Blue_Up",-150,100,0,50,"Down"
28,3,37,"Red_Left","Yellow_Down","Green_Up","Blue_Up",-150,100,0,50,"Left"
28,3,38,"Red_Down","Yellow_Left","Green_Down","Blue_Up",100,100,0,-200,"Right"
28,3,39,"Red_Right","Yellow_Right","Green_Down","Blue_Right",-150,100,0,50,"Left"
28,3,40,"Red_Right","Yellow_Up","Green_Down","Blue_Up",100,-1150,50,50,"Down"
28,3,41,"Red_Down","Yellow_Up","Green_Up","Blue_Right",-150,100,0,50,"Left"
28,3,42,"Red_Up","Yellow_Up","Green_Right","Blue_Right",100,100,50,50,"Left"
28,3,43,"Red_Down","Yellow_Left","Green_Right","Blue_Left",-150,100,50,50,"Left"
28,3,44,"Red_Down","Yellow_Right","Green_Up","Blue_Up",100,100,50,50,"Down"
28,3,45,"Red_Down","Yellow_Down","Green_Left","Blue_Down",100,100,0,50,"Down"
28,3,46,"Red_Right","Yellow_Up","Green_Up","Blue_Up",-150,100,0,-200,"Right"
28,3,47,"Red_Up","Yellow_Up","Green_Down","Blue_Down",-150,100,50,50,"Down"
28,3,48,"Red_Left","Yellow_Right","Green_Up","Blue_Down",-150,100,50,50,"Up"
28,3,49,"Red_Up","Yellow_Right","Green_Left","Blue_Up",100,-1150,0,50,"Right"
28,3,50,"Red_Down","Yellow_Down","Green_Right","Blue_Up",-150,100,50,50,"Left"
28,4,1,"Red_Left","Yellow_Right","Green_Up","Blue_Right",-150,100,0,50,"Left"
28,4,2,"Red_Down","Yellow_Up","Green_Left","Blue_Right",-150,100,0,50,"Down"
28,4,3,"Red_Down","Yellow_Left","Green_Right","Blue_Up",-150,100,0,50,"Left"
28,4,4,"Red_Right","Yellow_Up","Green_Up","Blue_Down",100,-1150,0,-200,"Down"
28,4,5,"Red_Right","Yellow_Up","Green_Left","Blue_Right",100,100,0,50,"Right"
28,4,6,"Red_Right","Yellow_Down","Green_Right","Blue_Left",-150,100,50,50,"Right"
28,4,7,"Red_Left","Yellow_Right","Green_Up","Blue_Up",100,100,0,50,"Down"
28,4,8,"Red_Down","Yellow_Left","Green_Right","Blue_Down",100,100,50,50,"Left"
28,4,9,"Red_Up","Yellow_Up","Green_Left","Blue_Down",100,-1150,50,50,"Right"
28,4,10,"Red_Up","Yellow_Left","Green_Left","Blue_Right",-150,100,50,50,"Right"
28,4,11,"Red_Right","Yellow_Up","Green_Up","Blue_Right",-150,100,50,50,"Up"
28,4,12,"Red_Up","Yellow_Right","Green_Down","Blue_Right",-150,100,50,50,"Left"
28,4,13,"Red_Down","Yellow_Down","Green_Down","Blue_Up",100,100,0,50,"Right"
28,4,14,"Red_Up","Yellow_Up","Green_Right","Blue_Right",100,100,50,-200,"Left"
28,4,15,"Red_Right","Yellow_Down","Green_Left","Blue_Right",100,100,50,50,"Up"
28,4,16,"Red_Down","Yellow_Down","Green_Up","Blue_Right",100,100,0,50,"Left"
28,4,17,"Red_Left","Yellow_Left","Green_Left","Blue_Right",-150,100,50,50,"Left"
28,4,18,"Red_Down","Yellow_Left","Green_Down","Blue_Right",100,100,50,50,"Left"
28,4,19,"Red_Down","Yellow_Down","Green_Down","Blue_Left",100,100,0,50,"Down"
28,4,20,"Red_Left","Yellow_Left","Green_Down","Blue_Left",-150,100,0,50,"Down"
28,4,21,"Red_Up","Yellow_Right","Green_Right","Blue_Right",100,100,0,50,"Left"
28,4,22,"Red_Right","Yellow_Down","Green_Right","Blue_Down",100,-1150,50,-200,"Right"
28,4,23,"Red_Left","Yellow_Right","Green_Right","Blue_Left",100,100,50,50,"Down"
28,4,24,"Red_Left","Yellow_Left","Green_Down","Blue_Up",-150,100,0,50,"Down"
28,4,25,"Red_Right","Yellow_Down","Green_Right","Blue_Up",-150,100,0,50,"Down"
28,4,26,"Red_Left","Yellow_Down","Green_Left","Blue_Right",-150,100,0,50,"Down"
28,4,27,"Red_Right","Yellow_Right","Green_Up","Blue_Left",-150,100,50,50,"Down"
28,4,28,"Red_Left","Yellow_Down","Green_Right","Blue_Up",-150,100,50,50,"Down"
28,4,29,"Red_Right","Yellow_Down","Green_Right","Blue_Down",100,100,0,50,"Down"
28,4,30,"Red_Left","Yellow_Left","Green_Right","Blue_Left",100,100,50,50,"Up"
28,4,31,"Red_Left","Yellow_Left","Green_Up","Blue_Up",-150,100,0,50,"Left"
28,4,32,"Red_Up","Yellow_Up","Green_Right","Blue_Left",100,100,50,50,"Up"
28,4,33,"Red_Left","Yellow_Right","Green_Up","Blue_Right",-150,100,50,-200,"Right"
28,4,34,"Red_Right","Yellow_Down","Green_Up","Blue_Right",100,100,0,50,"Up"
28,4,35,"Red_Down","Yellow_Up","Green_Down","Blue_Up",-150,100,50,50,"Up"
28,4,36,"Red_Right","Yellow_Up","Green_Down","Blue_Left",-150,100,50,50,"Right"
28,4,37,"Red_Up","Yellow_Down","Green_Up","Blue_Down",-150,100,0,-200,"Down"
28,4,38,"Red_Left","Yellow_Left","Green_Up","Blue_Down",-150,100,0,50,"Down"
28,4,39,"Red_Down","Yellow_Up","Green_Right","Blue_Up",-150,100,0,50,"Left"
28,4,40,"Red_Down","Yellow_Down","Green_Down","Blue_Up",-150,-1150,50,50,"Right"
28,4,41,"Red_Left","Yellow_Down","Green_Left","Blue_Down",100,100,50,50,"Up"
28,4,42,"Red_Left","Yellow_Left","Green_Up","Blue_Left",100,100,50,50,"Left"
28,4,43,"Red_Right","Yellow_Right","Green_Up","Blue_Up",100,100,50,50,"Down"
28,4,44,"Red_Down","Yellow_Right","Green_Left","Blue_Down",100,100,50,50,"Right"
28,4,45,"Red_Right","Yellow_Up","Green_Up","Blue_Down",-150,100,0,50,"Up"
28,4,46,"Red_Left","Yellow_Right","Green_Left","Blue_Right",100,100,0,50,"Up"
28,4,47,"Red_Up","Yellow_Down","Green_Down","Blue_Down",100,100,50,50,"Left"
28,4,48,"Red_Up","Yellow_Up","Green_Left","Blue_Down",-150,-1150,0,50,"Left"
28,4,49,"Red_Down","Yellow_Up","Green_Right","Blue_Left",-150,100,0,50,"Right"
28,4,50,"Red_Right","Yellow_Up","Green_Right","Blue_Left",100,100,0,50,"Left"
28,5,1,"Red_Down","Yellow_Up","Green_Left","Blue_Down",-150,100,50,50,"Left"
28,5,2,"Red_Right","Yellow_Right","Green_Down","Blue_Up",100,100,50,50,"Left"
28,5,3,"Red_Left","Yellow_Left","Green_Right","Blue_Down",-150,100,0,50,"Down"
28,5,4,"Red_Up","Yellow_Down","Green_Left","Blue_Down",100,100,50,50,"Left"
28,5,5,"Red_Right","Yellow_Left","Green_Down","Blue_Right",100,100,0,50,"Left"
28,5,6,"Red_Left","Yellow_Left","Green_Left","Blue_Down",100,100,0,50,"Left"
28,5,7,"Red_Left","Yellow_Up","Green_Left","Blue_Right",-150,100,0,50,"Right"
28,5,8,"Red_Left","Yellow_Right","Green_Down","Blue_Left",100,100,0,50,"Right"
28,5,9,"Red_Left","Yellow_Right","Green_Left","Blue_Up",-150,100,0,50,"Up"
28,5,10,"Red_Up","Yellow_Up","Green_Down","Blue_Up",100,-1150,0,50,"Up"
28,5,11,"Red_Left","Yellow_Down","Green_Right","Blue_Right",-150,100,0,50,"Right"
28,5,12,"Red_Up","Yellow_Down","Green_Down","Blue_Down",100,100,0,50,"Right"
28,5,13,"Red_Up","Yellow_Left","Green_Left","Blue_Up",-150,100,0,50,"Left"
28,5,14,"Red_Down","Yellow_Right","Green_Left","Blue_Up",-150,100,0,-200,"Up"
28,5,15,"Red_Right","Yellow_Down","Green_Up","Blue_Right",-150,100,0,50,"Left"
28,5,16,"Red_Left","Yellow_Up","Green_Up","Blue_Down",100,100,0,50,"Left"
28,5,17,"Red_Left","Yellow_Down","Green_Down","Blue_Up",-150,100,50,50,"Left"
28,5,18,"Red_Left","Yellow_Right","Green_Right","Blue_Left",-150,100,0,50,"Down"
28,5,19,"Red_Up","Yellow_Up","Green_Right","Blue_Left",100,100,0,50,"Down"
28,5,20,"Red_Left","Yellow_Down","Green_Left","Blue_Down",100,100,0,50,"Down"
28,5,21,"Red_Left","Yellow_Down","Green_Right","Blue_Up",-150,100,50,50,"Up"
28,5,22,"Red_Left","Yellow_Up","Green_Down","Blue_Left",100,100,0,50,"Up"
28,5,23,"Red_Left","Yellow_Up","Green_Up","Blue_Down",-150,100,50,50,"Right"
28,5,24,"Red_Left","Yellow_Left","Green_Left","Blue_Left",-150,-1150,0,50,"Up"
28,5,25,"Red_Right","Yellow_Up","Green_Left","Blue_Down",-150,100,50,-200,"Down"
28,5,26,"Red_Left","Yellow_Left","Green_Up","Blue_Right",100,100,0,50,"Left"
28,5,27,"Red_Up","Yellow_Down","Green_Up","Blue_Left",-150,100,50,50,"Down"
28,5,28,"Red_Left","Yellow_Down","Green_Left","Blue_Right",100,100,50,50,"Left"
28,5,29,"Red_Right","Yellow_Left","Green_Up","Blue_Down",100,100,0,50,"Left"
28,5,30,"Red_Right","Yellow_Down","Green_Down","Blue_Right",100,100,50,50,"Left"
28,5,31,"Red_Up","Yellow_Down","Green_Up","Blue_Up",-150,100,50,-200,"Right"
28,5,32,"Red_Right","Yellow_Right","Green_Left","Blue_Up",100,100,50,50,"Left"
28,5,33,"Red_Down","Yellow_Left","Green_Down","Blue_Right",100,100,50,50,"Right"
28,5,34,"Red_Up","Yellow_Left","Green_Right","Blue_Down",-150,100,50,50,"Left"
28,5,35,"Red_Right","Yellow_Right","Green_Up","Blue_Up",-150,100,0,50,"Left"
28,5,36,"Red_Down","Yellow_Left","Green_Left","Blue_Right",-150,100,0,50,"Down"
28,5,37,"Red_Left","Yellow_Left","Green_Up","Blue_Left",100,100,50,50,"Right"
28,5,38,"Red_Left","Yellow_Down","Green_Up","Blue_Left",-150,100,50,50,"Up"
28,5,39,"Red_Up","Yellow_Left","Green_Left","Blue_Left",-150,-1150,50,-200,"Up"
28,5,40,"Red_Left","Yellow_Down","Green_Left","Blue_Up",-150,100,50,-200,"Down"
28,5,41,"Red_Down","Yellow_Up","Green_Up","Blue_Right",100,100,50,50,"Up"
28,5,42,"Red_Up","Yellow_Down","Green_Left","Blue_Down",100,100,50,50,"Up"
28,5,43,"Red_Left","Yellow_Right","Green_Up","Blue_Up",100,100,50,50,"Left"
28,5,44,"Red_Up","Yellow_Left","Green_Right","Blue_Up",-150,100,0,50,"Right"
28,5,45,"Red_Down","Yellow_Right","Green_Right","Blue_Down",100,100,0,50,"Down"
28,5,46,"Red_Down","Yellow_Left","Green_Left","Blue_Left",100,-1150,50,50,"Up"
28,5,47,"Red_Left","Yellow_Down","Green_Down","Blue_Up",100,100,50,50,"Down"
28,5,48,"Red_Left","Yellow_Right","Green_Left","Blue_Up",-150,100,50,50,"Left"
28,5,49,"Red_Left","Yellow_Up","Green_Down","Blue_Down",-150,100,0,50,"Up"
28,5,50,"Red_Up","Yellow_Left","Green_Down","Blue_Up",100,-1150,50,50,"Right"
28,6,1,"Red_Left","Yellow_Up","Green_Left","Blue_Right",-150,100,0,50,"Up"
28,6,2,"Red_Down","Yellow_Down","Green_Up","Blue_Right",100,100,50,50,"Down"
28,6,3,"Red_Up","Yellow_Left","Green_Up","Blue_Down",100,100,50,50,"Down"
28,6,4,"Red_Down","Yellow_Right","Green_Right","Blue_Up",-150,100,50,50,"Up"
28,6,5,"Red_Up","Yellow_Down","Green_Left","Blue_Left",-150,100,0,50,"Right"
28,6,6,"Red_Down","Yellow_Right","Green_Up","Blue_Right",-150,100,0,50,"Down"
28,6,7,"Red_Down","Yellow_Down","Green_Up","Blue_Right",100,100,50,50,"Left"
28,6,8,"Red_Left","Yellow_Up","Green_Left","Blue_Down",100,-1150,50,-200,"Down"
28,6,9,"Red_Down","Yellow_Right","Green_Right","Blue_Left",-150,100,50,50,"Up"
28,6,10,"Red_Right","Yellow_Down","Green_Left","Blue_Right",-150,100,50,50,"Down"
28,6,11,"Red_Down","Yellow_Up","Green_Down","Blue_Up",-150,100,50,50,"Left"
28,6,12,"Red_Up","Yellow_Right","Green_Left","Blue_Left",100,100,0,50,"Left"
28,6,13,"Red_Down","Yellow_Right","Green_Left","Blue_Right",100,100,0,50,"Right"
28,6,14,"Red_Left","Yellow_Left","Green_Right","Blue_Right",-150,100,50,50,"Left"
28,6,15,"Red_Up","Yellow_Right","Green_Right","Blue_Right",-150,100,0,50,"Left"
28,6,16,"Red_Left","Yellow_Right","Green_Up","Blue_Right",100,100,50,50,"Right"
28,6,17,"Red_Left","Yellow_Left","Green_Right","Blue_Right",-150,100,50,50,"Up"
28,6,18,"Red_Right","Yellow_Left","Green_Right","Blue_Up",-150,100,0,50,"Right"
28,6,19,"Red_Right","Yellow_Left","Green_Left","Blue_Right",-150,-1150,0,50,"Right"
28,6,20,"Red_Down","Yellow_Right","Green_Right","Blue_Left",100,100,50,50,"Up"
28,6,21,"Red_Left","Yellow_Up","Green_Right","Blue_Up",100,100,0,50,"Up"
28,6,22,"Red_Up","Yellow_Up","Green_Up","Blue_Left",100,100,0,50,"Up"
28,6,23,"Red_Left","Yellow_Down","Green_Left","Blue_Up",-150,100,0,50,"Up"
28,6,24,"Red_Up","Yellow_Left","Green_Right","Blue_Right",100,100,50,50,"Up"
28,6,25,"Red_Left","Yellow_Down","Green_Down","Blue_Left",-150,100,50,50,"Up"
28,6,26,"Red_Down","Yellow_Left","Green_Down","Blue_Right",100,100,0,50,"Left"
28,6,27,"Red_Right","Yellow_Up","Green_Left","Blue_Down",100,100,0,-200,"Left"
28,6,28,"Red_Down","Yellow_Left","Green_Left","Blue_Left",-150,100,0,50,"Down"
28,6,29,"Red_Right","Yellow_Down","Green_Up","Blue_Down",100,100,50,-200,"Down"
28,6,30,"Red_Up","Yellow_Right","Green_Left","Blue_Up",-150,100,0,50,"Down"
28,6,31,"Red_Right","Yellow_Left","Green_Right","Blue_Up",-150,100,50,-200,"Right"
28,6,32,"Red_Left","Yellow_Left","Green_Down","Blue_Down",100,100,50,50,"Down"
28,6,33,"Red_Left","Yellow_Right","Green_Right","Blue_Down",100,100,50,50,"Up"
28,6,34,"Red_Up","Yellow_Up","Green_Down","Blue_Down",100,100,50,50,"Down"
28,6,35,"Red_Left","Yellow_Up","Green_Up","Blue_Down",-150,100,0,50,"Up"
28,6,36,"Red_Down","Yellow_Down","Green_Down","Blue_Right",-150,100,50,50,"Down"
28,6,37,"Red_Up","Yellow_Down","Green_Left","Blue_Down",100,-1150,0,50,"Right"
28,6,38,"Red_Left","Yellow_Left","Green_Down","Blue_Right",100,100,0,50,"Up"
28,6,39,"Red_Right","Yellow_Down","Green_Right","Blue_Down",-150,100,50,50,"Right"
28,6,40,"Red_Down","Yellow_Right","Green_Right","Blue_Left",-150,-1150,0,-200,"Down"
28,6,41,"Red_Down","Yellow_Up","Green_Left","Blue_Left",100,100,50,50,"Left"
28,6,42,"Red_Right","Yellow_Down","Green_Right","Blue_Left",-150,100,0,50,"Left"
28,6,43,"Red_Down","Yellow_Up","Green_Down","Blue_Down",-150,100,50,50,"Right"
28,6,44,"Red_Down","Yellow_Left","Green_Right","Blue_Up",100,100,0,50,"Left"
28,6,45,"Red_Up","Yellow_Right","Green_Down","Blue_Right",100,100,0,50,"Left"
28,6,46,"Red_Up","Yellow_Up","Green_Left","Blue_Right",-150,100,50,50,"Up"
28,6,47,"Red_Left","Yellow_Up","Green_Up","Blue_Left",-150,100,50,50,"Right"
28,6,48,"Red_Up","Yellow_Down","Green_Right","Blue_Right",100,100,0,50,"Left"
28,6,49,"Red_Up","Yellow_Down","Green_Right","Blue_Down",100,100,0,50,"Down"
28,6,50,"Red_Down","Yellow_Down","Green_Left","Blue_Up",100,-1150,0,50,"Down"
29,1,1,"Red_Down","Yellow_Right","Green_Down","Blue_Down",100,100,50,50,"Left"
29,1,2,"Red_Down","Yellow_Right","Green_Left","Blue_Up",100,-1150,0,50,"Up"
29,1,3,"Red_Right","Yellow_Left","Green_Up","Blue_Down",100,100,50,50,"Right"
29,1,4,"Red_Left","Yellow_Left","Green_Down","Blue_Left",100,100,0,50,"Up"
29,1,5,"Red_Up","Yellow_Right","Green_Down","Blue_Right",100,100,50,50,"Down"
29,1,6,"Red_Up","Yellow_Left","Green_Left","Blue_Left",100,100,50,50,"Down"
29,1,7,"Red_Down","Yellow_Right","Green_Down","Blue_Left",-150,100,50,50,"Right"
29,1,8,"Red_Left","Yellow_Up","Green_Down","Blue_Up",-150,100,0,50,"Right"
29,1,9,"Red_Left","Yellow_Up","Green_Up","Blue_Right",100,100,0,50,"Left"
29,1,10,"Red_Left","Yellow_Left","Green_Right","Blue_Down",-150,100,0,-200,"Right"
29,1,11,"Red_Up","Yellow_Right","Green_Down","Blue_Up",-150,100,0,50,"Right"
29,1,12,"Red_Right","Yellow_Down","Green_Left","Blue_Left",100,100,0,50,"Down"
29,1,13,"Red_Down","Yellow_Up","Green_Up","Blue_Right",-150,100,50,50,"Right"
29,1,14,"Red_Up","Yellow_Up","Green_Down","Blue_Down",-150,100,50,50,"Up"
29,1,15,"Red_Right","Yellow_Down","Green_Left","Blue_Left",100,100,0,50,"Right"
29,1,16,"Red_Left","Yellow_Up","Green_Down","Blue_Down",100,100,50,50,"Left"
29,1,17,"Red_Down","Yellow_Up","Green_Down","Blue_Right",-150,100,50,50,"Down"
29,1,18,"Red_Down","Yellow_Right","Green_Down","Blue_Left",100,100,0,50,"Left"
29,1,19,"Red_Down","Yellow_Up","Green_Right","Blue_Left",-150,100,50,50,"Down"
29,1,20,"Red_Left","Yellow_Left","Green_Right","Blue_Right",100,100,50,50,"Up"
29,1,21,"Red_Left","Yellow_Left","Green_Down","Blue_Up",100,100,50,50,"Down"
29,1,22,"Red_Left","Yellow_Up","Green_Right","Blue_Down",100,100,50,50,"Right"
29,1,23,"Red_Down","Yellow_Up","Green_Right","Blue_Down",-150,100,50,50,"Down"
29,1,24,"Red_Right","Yellow_Right","Green_Up","Blue_Down",-150,100,50,50,"Up"
29,1,25,"Red_Up","Yellow_Down","Green_Up","Blue_Right",-150,-1150,50,50,"Up"
29,1,26,"Red_Right","Yellow_Up","Green_Down","Blue_Up",100,100,0,50,"Down"
29,1,27,"Red_Right","Yellow_Left","Green_Down","Blue_Left",-150,100,50,50,"Up"
29,1,28,"Red_Right","Yellow_Left","Green_Up","Blue_Right",100,100,0,50,"Up"
29,1,29,"Red_Up","Yellow_Up","Green_Left","Blue_Up",100,-1150,0,50,"Left"
29,1,30,"Red_Left","Yellow_Up","Green_Up","Blue_Down",100,100,0,50,"Left"
29,1,31,"Red_Down","Yellow_Left","Green_Left","Blue_Up",100,100,50,-200,"Left"
29,1,32,"Red_Down","Yellow_Right","Green_Right","Blue_Down",-150,-1150,0,50,"Down"
29,1,33,"Red_Right","Yellow_Left","Green_Down","Blue_Right",-150,100,50,50,"Up"
29,1,34,"Red_Left","Yellow_Left","Green_Up","Blue_Left",-150,100,50,50,"Up"
29,1,35,"Red_Left","Yellow_Up","Green_Left","Blue_Right",-150,100,50,50,"Right"
29,1,36,"Red_Down","Yellow_Left","Green_Up","Blue_Up",-150,100,0,50,"Up"
29,1,37,"Red_Left","Yellow_Right","Green_Left","Blue_Right",-150,-1150,0,50,"Up"
29,1,38,"Red_Left","Yellow_Right","Green_Up","Blue_Down",100,100,0,50,"Down"
29,1,39,"Red_Left","Yellow_Up","Green_Right","Blue_Left",100,100,0,50,"Up"
29,1,40,"Red_Down","Yellow_Right","Green_Down","Blue_Left",100,100,0,50,"Down"
29,1,41,"Red_Left","Yellow_Right","Green_Down","Blue_Up",-150,100,0,50,"Right"
29,1,42,"Red_Right","Yellow_Up","Green_Left","Blue_Down",-150,100,50,-200,"Up"
29,1,43,"Red_Up","Yellow_Left","Green_Down","Blue_Down",-150,100,0,-200,"Right"
29,1,44,"Red_Down","Yellow_Right","Green_Down","Blue_Right",-150,100,50,50,"Up"
29,1,45,"Red_Down","Yellow_Left","Green_Right","Blue_Down",100,100,0,-200,"Down"
29,1,46,"Red_Down","Yellow_Up","Green_Up","Blue_Left",100,100,50,50,"Left"
29,1,47,"Red_Up","Yellow_Left","Green_Right","Blue_Up",-150,100,0,50,"Down"
29,1,48,"Red_Up","Yellow_Right","Green_Right","Blue_Up",-150,100,0,50,"Down"
29,1,49,"Red_Down","Yellow_Up","Green_Down","Blue_Up",-150,100,50,50,"Right"
29,1,50,"Red_Up","Yellow_Up","Green_Left","Blue_Left",100,100,0,50,"Up"
29,2,1,"Red_Down","Yellow_Down","Green_Right","Blue_Right",-150,100,0,50,"Right"
29,2,2,"Red_Up","Yellow_Right","Green_Right","Blue_Right",100,100,50,50,"Right"
29,2,3,"Red_Up","Yellow_Left","Green_Left","Blue_Left",-150,-1150,0,50,"Right"
29,2,4,"Red_Up","Yellow_Up","Green_Left","Blue_Right",100,100,50,50,"Up"
29,2,5,"Red_Left","Yellow_Down","Green_Right","Blue_Up",100,-1150,0,50,"Up"
29,2,6,"Red_Down","Yellow_Up","Green_Left","Blue_Right",-150,100,50,-200,"Left"
29,2,7,"Red_Up","Yellow_Up","Green_Right","Blue_Down",-150,100,0,50,"Up"
29,2,8,"Red_Left","Yellow_Right","Green_Left","Blue_Down",-150,100,50,50,"Up"
29,2,9,"Red_Down","Yellow_Up","Green_Right","Blue_Down",-150,100,50,50,"Right"
29,2,10,"Red_Up","Yellow_Right","Green_Up","Blue_Right",-150,100,0,50,"Down"
29,2,11,"Red_Down","Yellow_Up","Green_Up","Blue_Down",-150,100,0,50,"Up"
29,2,12,"Red_Down","Yellow_Left","Green_Up","Blue_Down",-150,100,50,50,"Up"
29,2,13,"Red_Down","Yellow_Down","Green_Down","Blue_Right",-150,100,0,50,"Right"
29,2,14,"Red_Down","Yellow_Up","Green_Up","Blue_Right",100,100,0,50,"Down"
29,2,15,"Red_Down","Yellow_Left","Green_Right","Blue_Down",100,100,50,50,"Up"
29,2,16,"Red_Down","Yellow_Right","Green_Down","Blue_Up",-150,100,50,50,"Left"
29,2,17,"Red_Left","Yellow_Up","Green_Left","Blue_Down",-150,100,0,50,"Down"
29,2,18,"Red_Down","Yellow_Right","Green_Left","Blue_Up",-150,100,0,50,"Left"
29,2,19,"Red_Left","Yellow_Up","Green_Up","Blue_Right",100,100,0,50,"Up"
29,2,20,"Red_Left","Yellow_Right","Green_Left","Blue_Up",100,100,0,50,"Down"
29,2,21,"Red_Down","Yellow_Right","Green_Right","Blue_Down",-150,100,50,50,"Left"
29,2,22,"Red_Left","Yellow_Right","Green_Right","Blue_Left",100,-1150,0,50,"Left"
29,2,23,"Red_Right","Yellow_Left","Green_Right","Blue_Up",100,100,0,50,"Up"
29,2,24,"Red_Up","Yellow_Left","Green_Right","Blue_Left",-150,100,50,50,"Up"
29,2,25,"Red_Up","Yellow_Left","Green_Down","Blue_Up",100,100,50,-200,"Right"
29,2,26,"Red_Up","Yellow_Left","Green_Right","Blue_Up",100,100,50,50,"Left"
29,2,27,"Red_Up","Yellow_Up","Green_Up","Blue_Left",100,100,0,50,"Down"
29,2,28,"Red_Down","Yellow_Right","Green_Down","Blue_Right",-150,100,0,50,"Down"
29,2,29,"Red_Right","Yellow_Down","Green_Up","Blue_Up",-150,100,50,50,"Up"
29,2,30,"Red_Left","Yellow_Down","Green_Down","Blue_Down",100,100,50,50,"Down"
29,2,31,"Red_Right","Yellow_Down","Green_Up","Blue_Down",100,-1150,0,50,"Up"
29,2,32,"Red_Up","Yellow_Up","Green_Down","Blue_Left",-150,100,50,50,"Left"
29,2,33,"Red_Up","Yellow_Right","Green_Left","Blue_Right",-150,100,0,50,"Left"
29,2,34,"Red_Up","Yellow_Up","Green_Left","Blue_Left",-150,100,0,50,"Right"
29,2,35,"Red_Down","Yellow_Up","Green_Right","Blue_Right",100,100,50,50,"Left"
29,2,36,"Red_Up","Yellow_Right","Green_Down","Blue_Right",-150,100,50,-200,"Up"
29,2,37,"Red_Up","Yellow_Right","Green_Left","Blue_Left",100,100,50,50,"Down"
29,2,38,"Red_Up","Yellow_Down","Green_Up","Blue_Down",100,-1150,0,-200,"Up"
29,2,39,"Red_Left","Yellow_Right","Green_Down","Blue_Up",100,100,0,50,"Up"
29,2,40,"Red_Up","Yellow_Left","Green_Left","Blue_Right",-150,100,50,50,"Right"
29,2,41,"Red_Right","Yellow_Left","Green_Left","Blue_Up",-150,100,50,50,"Down"
29,2,42,"Red_Up","Yellow_Right","Green_Left","Blue_Down",100,100,50,50,"Left"
29,2,43,"Red_Right","Yellow_Left","Green_Left","Blue_Right",100,100,50,-200,"Up"
29,2,44,"Red_Left","Yellow_Left","Green_Left","Blue_Left",100,100,0,50,"Left"
29,2,45,"Red_Left","Yellow_Up","Green_Up","Blue_Up",-150,100,50,50,"Down"
29,2,46,"Red_Up","Yellow_Up","Green_Left","Blue_Right",100,100,0,50,"Left"
29,2,47,"Red_Down","Yellow_Left","Green_Down","Blue_Right",100,100,0,50,"Down"
29,2,48,"Red_Left","Yellow_Right","Green_Down","Blue_Left",100,100,50,50,"Down"
29,2,49,"Red_Up","Yellow_Up","Green_Down","Blue_Left",100,100,50,50,"Down"
29,2,50,"Red_Down","Yellow_Right","Green_Up","Blue_Right",-150,100,0,50,"Left"
29,3,1,"Red_Left","Yellow_Up","Green_Left","Blue_Up",100,100,50,50,"Up"
29,3,2,"Red_Up","Yellow_Left","Green_Up","Blue_Down",-150,100,50,50,"Left"
29,3,3,"Red_Down","Yellow_Up","Green_Right","Blue_Right",100,100,50,50,"Left"
29,3,4,"Red_Down","Yellow_Up","Green_Right","Blue_Up",-150,100,0,50,"Up"
29,3,5,"Red_Left","Yellow_Up","Green_Up","Blue_Up",-150,100,50,50,"Left"
29,3,6,"Red_Up","Yellow_Left","Green_Left","Blue_Right",100,100,50,50,"Up"
29,3,7,"Red_Left","Yellow_Right","Green_Left","Blue_Left",100,100,50,50,"Right"
29,3,8,"Red_Left","Yellow_Left","Green_Up","Blue_Up",-150,100,50,50,"Down"
29,3,9,"Red_Down","Yellow_Down","Green_Up","Blue_Up",100,100,50,50,"Left"
29,3,10,"Red_Down","Yellow_Up","Green_Down","Blue_Down",100,100,50,50,"Right"
29,3,11,"Red_Left","Yellow_Left","Green_Up","Blue_Up",-150,100,0,50,"Left"
29,3,12,"Red_Right","Yellow_Right","Green_Left","Blue_Up",-150,100,50,50,"Left"
29,3,13,"Red_Up","Yellow_Up","Green_Right","Blue_Up",-150,100,50,50,"Up"
29,3,14,"Red_Down","Yellow_Left","Green_Left","Blue_Up",100,100,0,50,"Right"
29,3,15,"Red_Down","Yellow_Down","Green_Left","Blue_Up",-150,100,50,50,"Left"
29,3,16,"Red_Right","Yellow_Down","Green_Right","Blue_Up",100,100,50,50,"Right"
29,3,17,"Red_Up","Yellow_Right","Green_Right","Blue_Down",-150,100,0,50,"Up"
29,3,18,"Red_Right","Yellow_Right","Green_Up","Blue_Right",100,100,50,50,"Up"
29,3,19,"Red_Right","Yellow_Down","Green_Down","Blue_Up",100,-1150,0,50,"Up"
29,3,20,"Red_Left","Yellow_Up","Green_Up","Blue_Left",100,100,0,50,"Right"
29,3,21,"Red_Right","Yellow_Left","Green_Right","Blue_Up",-150,100,0,-200,"Left"
29,3,22,"Red_Up","Yellow_Right","Green_Up","Blue_Down",100,100,50,50,"Up"
29,3,23,"Red_Left","Yellow_Down","Green_Right","Blue_Right",-150,100,50,50,"Right"
29,3,24,"Red_Left","Yellow_Down","Green_Left","Blue_Down",100,100,0,50,"Up"
29,3,25,"Red_Down","Yellow_Down","Green_Up","Blue_Up",-150,100,0,-200,"Down"
29,3,26,"Red_Up","Yellow_Right","Green_Left","Blue_Down",-150,100,0,50,"Up"
29,3,27,"Red_Up","Yellow_Down","Green_Left","Blue_Left",100,100,50,50,"Right"
29,3,28,"Red_Down","Yellow_Left","Green_Down","Blue_Up",-150,100,50,50,"Left"
29,3,29,"Red_Left","Yellow_Right","Green_Down","Blue_Up",-150,100,0,-200,"Up"
29,3,30,"Red_Up","Yellow_Up","Green_Up","Blue_Down",-150,-1150,0,50,"Up"
29,3,31,"Red_Up","Yellow_Down","Green_Down","Blue_Left",100,-1150,50,-200,"Left"
29,3,32,"Red_Down","Yellow_Down","Green_Right","Blue_Left",100,100,50,50,"Right"
29,3,33,"Red_Up","Yellow_Up","Green_Up","Blue_Right",100,100,0,50,"Up"
29,3,34,"Red_Left","Yellow_Left","Green_Right","Blue_Up",100,-1150,0,50,"Up"
29,3,35,"Red_Right","Yellow_Down","Green_Down","Blue_Right",100,100,0,50,"Up"
29,3,36,"Red_Up","Yellow_Down","Green_Down","Blue_Left",100,100,0,50,"Down"
29,3,37,"Red_Right","Yellow_Right","Green_Up","Blue_Right",100,-1150,0,50,"Up"
29,3,38,"Red_Up","Yellow_Left","Green_Up","Blue_Right",-150,100,50,50,"Left"
29,3,39,"Red_Left","Yellow_Right","Green_Up","Blue_Down",-150,100,0,50,"Down"
29,3,40,"Red_Left","Yellow_Left","Green_Left","Blue_Right",100,100,0,-200,"Left"
29,3,41,"Red_Right","Yellow_Left","Green_Right","Blue_Right",-150,100,0,50,"Down"
29,3,42,"Red_Left","Yellow_Up","Green_Up","Blue_Left",-150,100,50,50,"Left"
29,3,43,"Red_Left","Yellow_Right","Green_Right","Blue_Down",-150,100,0,50,"Right"
29,3,44,"Red_Up","Yellow_Down","Green_Left","Blue_Down",100,100,0,50,"Up"
29,3,45,"Red_Up","Yellow_Right","Green_Up","Blue_Right",100,100,0,50,"Up"
29,3,46,"Red_Right","Yellow_Down","Green_Left","Blue_Up",100,100,0,50,"Down"
29,3,47,"Red_Up","Yellow_Left","Green_Up","Blue_Left",-150,100,50,50,"Right"
29,3,48,"Red_Up","Yellow_Up","Green_Up","Blue_Up",-150,100,50,50,"Right"
29,3,49,"Red_Down","Yellow_Up","Green_Up","Blue_Right",-150,100,50,50,"Down"
29,3,50,"Red_Right","Yellow_Down","Green_Right","Blue_Left",-150,100,0,50,"Left"
29,4,1,"Red_Left","Yellow_Left","Green_Up","Blue_Down",100,100,0,50,"Right"
29,4,2,"Red_Right","Yellow_Left","Green_Right","Blue_Right",-150,100,0,50,"Up"
29,4,3,"Red_Right","Yellow_Down","Green_Up","Blue_Down",100,100,0,50,"Right"
29,4,4,"Red_Down","Yellow_Down","Green_Down","Blue_Left",100,100,50,50,"Down"
29,4,5,"Red_Down","Yellow_Left","Green_Down","Blue_Up",-150,100,50,50,"Left"
29,4,6,"Red_Right","Yellow_Down","Green_Left","Blue_Right",100,100,50,50,"Down"
29,4,7,"Red_Down","Yellow_Right","Green_Up","Blue_Down",100,100,50,50,"Up"
29,4,8,"Red_Right","Yellow_Up","Green_Down","Blue_Up",100,100,0,50,"Right"
29,4,9,"Red_Down","Yellow_Down","Green_Up","Blue_Up",-150,100,50,50,"Up"
29,4,10,"Red_Left","Yellow_Up","Green_Right","Blue_Left",-150,100,50,50,"Left"
29,4,11,"Red_Right","Yellow_Right","Green_Left","Blue_Down",-150,-1150,50,50,"Right"
29,4,12,"Red_Left","Yellow_Right","Green_Right","Blue_Right",-150,100,50,-200,"Up"
29,4,13,"Red_Right","Yellow_Right","Green_Up","Blue_Left",100,100,0,50,"Up"
29,4,14,"Red_Up","Yellow_Up","Green_Down","Blue_Right",100,100,0,50,"Down"
29,4,15,"Red_Down","Yellow_Right","Green_Right","Blue_Right",-150,-1150,50,50,"Right"
29,4,16,"Red_Left","Yellow_Right","Green_Right","Blue_Left",100,100,50,50,"Left"
29,4,17,"Red_Left","Yellow_Left","Green_Right","Blue_Left",100,100,0,50,"Up"
29,4,18,"Red_Down","Yellow_Right","Green_Right","Blue_Right",100,100,0,50,"Right"
29,4,19,"Red_Down","Yellow_Right","Green_Left","Blue_Right",100,-1150,50,50,"Up"
29,4,20,"Red_Left","Yellow_Right","Green_Left","Blue_Left",100,100,0,50,"Left"
29,4,21,"Red_Down","Yellow_Right","Green_Right","Blue_Right",100,-1150,0,50,"Up"
29,4,22,"Red_Left","Yellow_Right","Green_Up","Blue_Down",-150,100,0,50,"Up"
29,4,23,"Red_Left","Yellow_Down","Green_Down","Blue_Left",-150,100,0,50,"Left"
29,4,24,"Red_Up","Yellow_Down","Green_Down","Blue_Down",100,100,0,50,"Up"
29,4,25,"Red_Down","Yellow_Left","Green_Up","Blue_Left",-150,100,50,50,"Left"
29,4,26,"Red_Left","Yellow_Right","Green_Down","Blue_Left",100,100,0,50,"Up"
29,4,27,"Red_Up","Yellow_Up","Green_Left","Blue_Right",-150,-1150,50,50,"Left"
29,4,28,"Red_Up","Yellow_Up","Green_Left","Blue_Up",-150,100,50,-200,"Down"
29,4,29,"Red_Down","Yellow_Up","Green_Down","Blue_Down",100,100,0,50,"Left"
29,4,30,"Red_Left","Yellow_Left","Green_Down","Blue_Right",-150,100,0,50,"Up"
29,4,31,"Red_Up","Yellow_Left","Green_Down","Blue_Down",-150,100,50,50,"Right"
29,4,32,"Red_Up","Yellow_Left","Green_Down","Blue_Up",-150,100,0,50,"Up"
29,4,33,"Red_Left","Yellow_Down","Green_Right","Blue_Down",100,100,0,50,"Up"
29,4,34,"Red_Up","Yellow_Left","Green_Down","Blue_Down",100,100,50,-200,"Right"
29,4,35,"Red_Right","Yellow_Left","Green_Left","Blue_Left",-150,100,0,50,"Left"
29,4,36,"Red_Right","Yellow_Left","Green_Right","Blue_Left",-150,100,50,-200,"Right"
29,4,37,"Red_Down","Yellow_Down","Green_Up","Blue_Left",-150,100,50,50,"Right"
29,4,38,"Red_Down","Yellow_Right","Green_Right","Blue_Down",100,100,0,50,"Right"
29,4,39,"Red_Down","Yellow_Left","Green_Down","Blue_Up",-150,100,50,50,"Left"
29,4,40,"Red_Right","Yellow_Left","Green_Down","Blue_Up",100,100,50,50,"Up"
29,4,41,"Red_Right","Yellow_Up","Green_Down","Blue_Up",-150,100,0,50,"Down"
29,4,42,"Red_Right","Yellow_Right","Green_Right","Blue_Left",-150,100,0,50,"Left"
29,4,43,"Red_Down","Yellow_Right","Green_Left","Blue_Left",100,100,50,50,"Left"
29,4,44,"Red_Right","Yellow_Up","Green_Left","Blue_Right",-150,100,0,50,"Left"
29,4,45,"Red_Right","Yellow_Down","Green_Left","Blue_Left",100,100,0,-200,"Up"
29,4,46,"Red_Up","Yellow_Up","Green_Down","Blue_Up",-150,100,50,50,"Right"
29,4,47,"Red_Up","Yellow_Right","Green_Left","Blue_Down",100,100,50,50,"Left"
29,4,48,"Red_Right","Yellow_Down","Green_Up","Blue_Left",-150,100,50,50,"Right"
29,4,49,"Red_Left","Yellow_Up","Green_Right","Blue_Down",-150,100,50,50,"Right"
29,4,50,"Red_Down","Yellow_Down","Green_Down","Blue_Up",100,100,0,50,"Down"
29,5,1,"Red_Up","Yellow_Right","Green_Left","Blue_Down",100,100,50,-200,"Down"
29,5,2,"Red_Right","Yellow_Right","Green_Right","Blue_Up",100,100,0,50,"Right"
29,5,3,"Red_Left","Yellow_Right","Green_Down","Blue_Right",100,100,0,50,"Left"
29,5,4,"Red_Up","Yellow_Right","Green_Down","Blue_Left",-150,100,0,50,"Right"
29,5,5,"Red_Left","Yellow_Up","Green_Right","Blue_Right",-150,100,50,50,"Down"
29,5,6,"Red_Right","Yellow_Right","Green_Down","Blue_Down",100,100,50,50,"Left"
29,5,7,"Red_Right","Yellow_Down","Green_Left","Blue_Right",-150,100,0,50,"Right"
29,5,8,"Red_Down","Yellow_Down","Green_Down","Blue_Down",100,100,50,50,"Down"
29,5,9,"Red_Up","Yellow_Down","Green_Left","Blue_Right",-150,-1150,0,50,"Down"
29,5,10,"Red_Left","Yellow_Right","Green_Up","Blue_Left",100,100,0,50,"Down"
29,5,11,"Red_Left","Yellow_Right","Green_Left","Blue_Up",-150,100,50,-200,"Left"
29,5,12,"Red_Right","Yellow_Up","Green_Down","Blue_Down",100,100,50,50,"Right"
29,5,13,"Red_Up","Yellow_Down","Green_Right","Blue_Down",100,-1150,0,50,"Down"
29,5,14,"Red_Down","Yellow_Left","Green_Left","Blue_Up",-150,100,50,50,"Right"
29,5,15,"Red_Right","Yellow_Right","Green_Down","Blue_Left",-150,100,50,50,"Right"
29,5,16,"Red_Left","Yellow_Left","Green_Right","Blue_Down",-150,-1150,0,50,"Right"
29,5,17,"Red_Left","Yellow_Left","Green_Left","Blue_Right",100,-1150,50,50,"Right"
29,5,18,"Red_Left","Yellow_Right","Green_Right","Blue_Right",100,100,0,50,"Down"
29,5,19,"Red_Down","Yellow_Right","Green_Down","Blue_Down",-150,100,50,-200,"Down"
29,5,20,"Red_Up","Yellow_Left","Green_Left","Blue_Right",100,100,0,50,"Right"
29,5,21,"Red_Up","Yellow_Right","Green_Down","Blue_Right",-150,100,50,50,"Right"
29,5,22,"Red_Left","Yellow_Left","Green_Left","Blue_Up",100,-1150,0,50,"Right"
29,5,23,"Red_Left","Yellow_Up","Green_Up","Blue_Down",-150,100,50,50,"Right"
29,5,24,"Red_Down","Yellow_Down","Green_Left","Blue_Right",-150,100,0,50,"Left"
29,5,25,"Red_Up","Yellow_Up","Green_Down","Blue_Right",100,100,0,50,"Left"
29,5,26,"Red_Up","Yellow_Right","Green_Left","Blue_Up",-150,100,50,50,"Left"
29,5,27,"Red_Left","Yellow_Down","Green_Left","Blue_Left",-150,100,0,50,"Up"
29,5,28,"Red_Right","Yellow_Up","Green_Down","Blue_Left",100,100,0,50,"Left"
29,5,29,"Red_Right","Yellow_Down","Green_Right","Blue_Right",100,100,50,50,"Down"
29,5,30,"Red_Left","Yellow_Down","Green_Up","Blue_Right",-150,100,50,-200,"Up"
29,5,31,"Red_Right","Yellow_Down","Green_Left","Blue_Left",-150,100,50,50,"Up"
29,5,32,"Red_Right","Yellow_Left","Green_Up","Blue_Up",100,100,50,50,"Up"
29,5,33,"Red_Right","Yellow_Down","Green_Up","Blue_Left",100,100,50,50,"Right"
29,5,34,"Red_Down","Yellow_Left","Green_Up","Blue_Down",100,100,0,50,"Left"
29,5,35,"Red_Down","Yellow_Right","Green_Right","Blue_Down",100,100,50,50,"Right"
29,5,36,"Red_Up","Yellow_Right","Green_Down","Blue_Right",100,100,50,50,"Down"
29,5,37,"Red_Right","Yellow_Left","Green_Left","Blue_Left",-150,100,0,50,"Down"
29,5,38,"Red_Down","Yellow_Up","Green_Down","Blue_Down",-150,100,0,50,"Down"
29,5,39,"Red_Left","Yellow_Down","Green_Down","Blue_Down",100,100,50,50,"Up"
29,5,40,"Red_Left","Yellow_Left","Green_Down","Blue_Down",-150,100,50,50,"Up"
29,5,41,"Red_Down","Yellow_Left","Green_Down","Blue_Left",100,100,0,50,"Left"
29,5,42,"Red_Right","Yellow_Right","Green_Up","Blue_Right",-150,100,50,50,"Right"
29,5,43,"Red_Up","Yellow_Right","Green_Right","Blue_Up",-150,100,50,50,"Right"
29,5,44,"Red_Up","Yellow_Up","Green_Down","Blue_Down",-150,100,0,-200,"Up"
29,5,45,"Red_Up","Yellow_Down","Green_Right","Blue_Right",-150,100,0,50,"Right"
29,5,46,"Red_Right","Yellow_Up","Green_Up","Blue_Down",-150,100,0,50,"Up"
29,5,47,"Red_Up","Yellow_Right","Green_Left","Blue_Down",100,100,0,50,"Right"
29,5,48,"Red_Up","Yellow_Right","Green_Left","Blue_Right",-150,100,0,50,"Right"
29,5,49,"Red_Up","Yellow_Left","Green_Left","Blue_Left",100,100,0,50,"Up"
29,5,50,"Red_Left","Yellow_Down","Green_Up","Blue_Left",100,100,50,50,"Right"
29,6,1,"Red_Left","Yellow_Left","Green_Down","Blue_Up",100,100,0,50,"Right"
29,6,2,"Red_Left","Yellow_Down","Green_Right","Blue_Right",100,100,50,50,"Right"
29,6,3,"Red_Right","Yellow_Right","Green_Left","Blue_Down",-150,100,50,50,"Up"
29,6,4,"Red_Down","Yellow_Right","Green_Right","Blue_Left",-150,100,0,50,"Down"
29,6,5,"Red_Down","Yellow_Right","Green_Right","Blue_Left",100,-1150,50,50,"Down"
29,6,6,"Red_Down","Yellow_Up","Green_Right","Blue_Down",-150,100,50,50,"Right"
29,6,7,"Red_Right","Yellow_Down","Green_Left","Blue_Left",100,100,0,50,"Right"
29,6,8,"Red_Right","Yellow_Left","Green_Left","Blue_Left",-150,100,50,50,"Right"
29,6,9,"Red_Down","Yellow_Right","Green_Down","Blue_Left",100,100,50,50,"Down"
29,6,10,"Red_Left","Yellow_Left","Green_Down","Blue_Left",100,100,50,50,"Left"
29,6,11,"Red_Right","Yellow_Up","Green_Left","Blue_Right",100,100,0,50,"Left"
29,6,12,"Red_Left","Yellow_Right","Green_Down","Blue_Right",-150,100,0,50,"Left"
29,6,13,"Red_Left","Yellow_Down","Green_Up","Blue_Up",-150,100,50,50,"Up"
29,6,14,"Red_Left","Yellow_Up","Green_Up","Blue_Up",100,100,0,-200,"Left"
29,6,15,"Red_Right","Yellow_Down","Green_Up","Blue_Right",-150,100,50,50,"Left"
29,6,16,"Red_Left","Yellow_Right","Green_Up","Blue_Down",-150,100,0,50,"Right"
29,6,17,"Red_Left","Yellow_Up","Green_Right","Blue_Up",-150,100,50,-200,"Down"
29,6,18,"Red_Left","Yellow_Up","Green_Down","Blue_Down",-150,100,50,50,"Left"
29,6,19,"Red_Left","Yellow_Down","Green_Left","Blue_Right",100,100,50,50,"Right"
29,6,20,"Red_Down","Yellow_Left","Green_Left","Blue_Left",100,100,0,50,"Left"
29,6,21,"Red_Left","Yellow_Right","Green_Left","Blue_Right",100,100,50,50,"Up"
29,6,22,"Red_Left","Yellow_Down","Green_Right","Blue_Right",-150,100,50,-200,"Right"
29,6,23,"Red_Down","Yellow_Up","Green_Down","Blue_Right",100,-1150,50,50,"Up"
29,6,24,"Red_Left","Yellow_Left","Green_Right","Blue_Right",-150,100,0,50,"Right"
29,6,25,"Red_Up","Yellow_Up","Green_Right","Blue_Left",100,100,50,50,"Down"
29,6,26,"Red_Up","Yellow_Up","Green_Left","Blue_Down",-150,100,0,50,"Down"
29,6,27,"Red_Down","Yellow_Right","Green_Left","Blue_Right",-150,100,0,50,"Down"
29,6,28,"Red_Right","Yellow_Left","Green_Down","Blue_Up",-150,100,50,50,"Right"
29,6,29,"Red_Left","Yellow_Right","Green_Down","Blue_Right",100,100,0,50,"Up"
29,6,30,"Red_Left","Yellow_Right","Green_Left","Blue_Left",-150,100,0,50,"Right"
29,6,31,"Red_Left","Yellow_Left","Green_Up","Blue_Down",100,100,50,50,"Left"
29,6,32,"Red_Left","Yellow_Left","Green_Up","Blue_Down",-150,100,50,50,"Down"
29,6,33,"Red_Right","Yellow_Right","Green_Up","Blue_Down",100,100,0,50,"Up"
29,6,34,"Red_Up","Yellow_Down","Green_Left","Blue_Up",-150,100,0,50,"Up"
29,6,35,"Red_Down","Yellow_Down","Green_Left","Blue_Down",-150,100,50,-200,"Up"
29,6,36,"Red_Down","Yellow_Down","Green_Left","Blue_Right",-150,100,0,50,"Left"
29,6,37,"Red_Left","Yellow_Right","Green_Up","Blue_Down",100,-1150,0,50,"Left"
29,6,38,"Red_Up","Yellow_Left","Green_Right","Blue_Down",-150,100,0,50,"Right"
29,6,39,"Red_Up","Yellow_Left","Green_Up","Blue_Right",100,100,0,50,"Right"
29,6,40,"Red_Down","Yellow_Down","Green_Down","Blue_Down",-150,100,0,50,"Up"
29,6,41,"Red_Left","Yellow_Right","Green_Down","Blue_Right",100,-1150,50,50,"Down"
29,6,42,"Red_Down","Yellow_Down","Green_Left","Blue_Right",100,100,50,50,"Left"
29,6,43,"Red_Down","Yellow_Right","Green_Right","Blue_Left",100,100,0,50,"Up"
29,6,44,"Red_Left","Yellow_Left","Green_Left","Blue_Up",100,100,50,50,"Right"
29,6,45,"Red_Down","Yellow_Right","Green_Left","Blue_Left",100,100,0,50,"Right"
29,6,46,"Red_Up","Yellow_Up","Green_Right","Blue_Down",100,100,50,50,"Right"
29,6,47,"Red_Left","Yellow_Down","Green_Left","Blue_Up",-150,100,0,50,"Right"
29,6,48,"Red_Up","Yellow_Right","Green_Right","Blue_Down",-150,100,0,-200,"Left"
29,6,49,"Red_Left","Yellow_Left","Green_Left","Blue_Up",-150,100,50,50,"Up"
29,6,50,"Red_Up","Yellow_Right","Green_Right","Blue_Right",100,-1150,0,50,"Left"
30,1,1,"Red_Down","Yellow_Down","Green_Left","Blue_Right",-150,100,50,-200,"Right"
30,1,2,"Red_Up","Yellow_Right","Green_Down","Blue_Right",-150,100,0,50,"Down"
30,1,3,"Red_Left","Yellow_Up","Green_Down","Blue_Left",100,100,50,50,"Down"
30,1,4,"Red_Left","Yellow_Down","Green_Right","Blue_Left",-150,100,0,50,"Left"
30,1,5,"Red_Down","Yellow_Right","Green_Right","Blue_Left",100,100,50,50,"Up"
30,1,6,"Red_Down","Yellow_Left","Green_Right","Blue_Left",-150,100,50,50,"Down"
30,1,7,"Red_Right","Yellow_Left","Green_Right","Blue_Right",100,100,50,-200,"Up"
30,1,8,"Red_Down","Yellow_Right","Green_Up","Blue_Down",100,-1150,0,50,"Down"
30,1,9,"Red_Up","Yellow_Down","Green_Right","Blue_Down",100,100,0,-200,"Up"
30,1,10,"Red_Up","Yellow_Right","Green_Right","Blue_Down",100,100,0,50,"Down"
30,1,11,"Red_Right","Yellow_Right","Green_Down","Blue_Left",100,100,0,50,"Left"
30,1,12,"Red_Up","Yellow_Left","Green_Down","Blue_Right",-150,100,0,50,"Up"
30,1,13,"Red_Right","Yellow_Left","Green_Right","Blue_Right",100,-1150,50,50,"Right"
30,1,14,"Red_Left","Yellow_Right","Green_Up","Blue_Left",-150,-1150,0,50,"Down"
30,1,15,"Red_Right","Yellow_Up","Green_Up","Blue_Right",100,100,50,50,"Down"
30,1,16,"Red_Right","Yellow_Left","Green_Up","Blue_Left",-150,100,0,50,"Up"
30,1,17,"Red_Right","Yellow_Up","Green_Up","Blue_Up",-150,100,50,50,"Down"
30,1,18,"Red_Down","Yellow_Up","Green_Up","Blue_Up",100,100,50,50,"Down"
30,1,19,"Red_Right","Yellow_Up","Green_Up","Blue_Right",100,-1150,0,50,"Up"
30,1,20,"Red_Up","Yellow_Up","Green_Up","Blue_Down",100,100,0,50,"Left"
30,1,21,"Red_Right","Yellow_Left","Green_Up","Blue_Right",100,100,50,50,"Left"
30,1,22,"Red_Left","Yellow_Left","Green_Up","Blue_Left",-150,100,0,50,"Up"
30,1,23,"Red_Left","Yellow_Right","Green_Down","Blue_Right",-150,-1150,0,50,"Left"
30,1,24,"Red_Down","Yellow_Left","Green_Left","Blue_Down",-150,100,50,50,"Left"
30,1,25,"Red_Right","Yellow_Right","Green_Right","Blue_Up",-150,100,0,50,"Down"
30,1,26,"Red_Left","Yellow_Left","Green_Down","Blue_Right",-150,100,0,50,"Down"
30,1,27,"Red_Down","Yellow_Up","Green_Down","Blue_Right",100,100,0,50,"Right"
30,1,28,"Red_Left","Yellow_Down","Green_Down","Blue_Left",100,100,50,50,"Up"
30,1,29,"Red_Right","Yellow_Down","Green_Left","Blue_Left",100,100,50,50,"Down"
30,1,30,"Red_Down","Yellow_Right","Green_Right","Blue_Up",100,100,0,50,"Up"
30,1,31,"Red_Up","Yellow_Right","Green_Up","Blue_Up",100,100,50,50,"Down"
30,1,32,"Red_Left","Yellow_Left","Green_Down","Blue_Down",-150,100,50,50,"Left"
30,1,33,"Red_Left","Yellow_Down","Green_Left","Blue_Right",100,100,0,50,"Left"
30,1,34,"Red_Right","Yellow_Up","Green_Right","Blue_Right",100,100,0,50,"Up"
30,1,35,"Red_Up","Yellow_Down","Green_Left","Blue_Up",-150,100,0,50,"Up"
30,1,36,"Red_Right","Yellow_Right","Green_Right","Blue_Up",-150,100,50,50,"Up"
30,1,37,"Red_Right","Yellow_Left","Green_Left","Blue_Down",100,100,50,50,"Up"
30,1,38,"Red_Down","Yellow_Down","Green_Down","Blue_Down",-150,100,50,50,"Up"
30,1,39,"Red_Down","Yellow_Left","Green_Down","Blue_Up",100,100,50,50,"Up"
30,1,40,"Red_Down","Yellow_Right","Green_Down","Blue_Down",-150,100,50,50,"Up"
30,1,41,"Red_Up","Yellow_Up","Green_Down","Blue_Left",100,100,50,50,"Right"
30,1,42,"Red_Left","Yellow_Up","Green_Right","Blue_Left",-150,100,50,50,"Down"
30,1,43,"Red_Left","Yellow_Right","Green_Down","Blue_Down",-150,100,0,-200,"Up"
30,1,44,"Red_Right","Yellow_Up","Green_Right","Blue_Left",100,100,0,50,"Up"
30,1,45,"Red_Right","Yellow_Left","Green_Down","Blue_Down",-150,100,50,50,"Right"
30,1,46,"Red_Down","Yellow_Left","Green_Right","Blue_Down",-150,100,50,50,"Down"
30,1,47,"Red_Left","Yellow_Down","Green_Right","Blue_Down",-150,100,0,50,"Left"
30,1,48,"Red_Up","Yellow_Left","Green_Right","Blue_Right",100,100,0,-200,"Down"
30,1,49,"Red_Up","Yellow_Right","Green_Down","Blue_Right",-150,100,50,50,"Up"
30,1,50,"Red_Up","Yellow_Down","Green_Left","Blue_Right",-150,100,0,50,"Right"
30,2,1,"Red_Left","Yellow_Left","Green_Up","Blue_Up",-150,100,0,50,"Up"
30,2,2,"Red_Right","Yellow_Down","Green_Right","Blue_Up",-150,100,0,50,"Left"
30,2,3,"Red_Left","Yellow_Left","Green_Left","Blue_Left",-150,100,0,50,"Down"
30,2,4,"Red_Down","Yellow_Up","Green_Down","Blue_Left",100,100,0,50,"Left"
30,2,5,"Red_Down","Yellow_Left","Green_Left","Blue_Up",100,100,50,50,"Left"
30,2,6,"Red_Up","Yellow_Down","Green_Right","Blue_Left",-150,100,0,50,"Up"
30,2,7,"Red_Up","Yellow_Down","Green_Right","Blue_Down",-150,100,0,50,"Left"
30,2,8,"Red_Up","Yellow_Right","Green_Up","Blue_Up",-150,100,50,50,"Left"
30,2,9,"Red_Up","Yellow_Left","Green_Down","Blue_Right",-150,100,50,50,"Down"
30,2,10,"Red_Right","Yellow_Left","Green_Left","Blue_Left",100,100,50,50,"Right"
30,2,11,"Red_Right","Yellow_Left","Green_Up","Blue_Right",100,100,50,-200,"Down"
30,2,12,"Red_Down","Yellow_Left","Green_Left","Blue_Right",100,100,50,-200,"Down"
30,2,13,"Red_Down","Yellow_Left","Green_Right","Blue_Up",100,100,50,50,"Left"
30,2,14,"Red_Down","Yellow_Right","Green_Up","Blue_Down",-150,100,50,50,"Left"
30,2,15,"Red_Left","Yellow_Left","Green_Up","Blue_Left",-150,100,0,50,"Right"
30,2,16,"Red_Down","Yellow_Right","Green_Down","Blue_Right",-150,100,50,50,"Left"
30,2,17,"Red_Left","Yellow_Down","Green_Down","Blue_Up",100,-1150,0,50,"Right"
30,2,18,"Red_Right","Yellow_Up","Green_Left","Blue_Right",100,100,0,50,"Left"
30,2,19,"Red_Right","Yellow_Left","Green_Left","Blue_Up",-150,100,50,50,"Right"
30,2,20,"Red_Up","Yellow_Right","Green_Left","Blue_Up",-150,100,50,50,"Right"
30,2,21,"Red_Up","Yellow_Left","Green_Down","Blue_Right",-150,100,0,50,"Right"
30,2,22,"Red_Up","Yellow_Left","Green_Right","Blue_Left",100,100,0,50,"Left"
30,2,23,"Red_Down","Yellow_Down","Green_Down","Blue_Up",-150,100,50,50,"Right"
30,2,24,"Red_Down","Yellow_Left","Green_Right","Blue_Left",100,100,0,50,"Up"
30,2,25,"Red_Right","Yellow_Right","Green_Up","Blue_Up",-150,100,50,50,"Left"
30,2,26,"Red_Right","Yellow_Up","Green_Left","Blue_Right",100,100,50,50,"Left"
30,2,27,"Red_Left","Yellow_Right","Green_Up","Blue_Left",-150,100,0,-200,"Down"
30,2,28,"Red_Right","Yellow_Down","Green_Up","Blue_Down",-150,100,50,50,"Up"
30,2,29,"Red_Right","Yellow_Right","Green_Left","Blue_Right",100,100,0,50,"Left"
30,2,30,"Red_Right","Yellow_Down","Green_Down","Blue_Down",100,-1150,0,50,"Left"
30,2,31,"Red_Left","Yellow_Left","Green_Down","Blue_Left",-150,-1150,0,50,"Up"
30,2,32,"Red_Up","Yellow_Up","Green_Up","Blue_Right",100,100,50,50,"Up"
30,2,33,"Red_Up","Yellow_Left","Green_Right","Blue_Left",100,100,0,50,"Down"
30,2,34,"Red_Right","Yellow_Down","Green_Left","Blue_Right",-150,100,50,50,"Right"
30,2,35,"Red_Left","Yellow_Left","Green_Down","Blue_Up",-150,100,50,50,"Down"
30,2,36,"Red_Right","Yellow_Down","Green_Down","Blue_Up",-150,100,50,50,"Right"
30,2,37,"Red_Up","Yellow_Down","Green_Down","Blue_Left",-150,100,0,50,"Right"
30,2,38,"Red_Up","Yellow_Up","Green_Down","Blue_Up",-150,100,0,-200,"Up"
30,2,39,"Red_Left","Yellow_Right","Green_Down","Blue_Up",100,-1150,50,50,"Right"
30,2,40,"Red_Right","Yellow_Down","Green_Right","Blue_Up",100,100,0,50,"Right"
30,2,41,"Red_Up","Yellow_Right","Green_Left","Blue_Up",-150,100,50,50,"Down"
30,2,42,"Red_Left","Yellow_Left","Green_Up","Blue_Left",100,100,0,50,"Right"
30,2,43,"Red_Up","Yellow_Left","Green_Left","Blue_Up",100,100,0,-200,"Left"
30,2,44,"Red_Down","Yellow_Left","Green_Up","Blue_Left",100,-1150,50,50,"Right"
30,2,45,"Red_Left","Yellow_Left","Green_Down","Blue_Down",100,100,0,50,"Up"
30,2,46,"Red_Left","Yellow_Right","Green_Right","Blue_Right",-150,100,50,50,"Left"
30,2,47,"Red_Left","Yellow_Left","Green_Down","Blue_Up",100,100,0,50,"Up"
30,2,48,"Red_Left","Yellow_Right","Green_Left","Blue_Left",100,100,0,50,"Left"
30,2,49,"Red_Right","Yellow_Right","Green_Left","Blue_Down",100,100,50,50,"Left"
30,2,50,"Red_Left","Yellow_Left","Green_Right","Blue_Down",100,100,50,50,"Down"
30,3,1,"Red_Down","Yellow_Up","Green_Left","Blue_Left",100,100,50,50,"Up"
30,3,2,"Red_Right","Yellow_Down","Green_Down","Blue_Right",-150,100,0,50,"Left"
30,3,3,"Red_Down","Yellow_Right","Green_Right","Blue_Down",-150,100,50,50,"Up"
30,3,4,"Red_Right","Yellow_Right","Green_Left","Blue_Up",-150,100,50,50,"Left"
30,3,5,"Red_Left","Yellow_Right","Green_Left","Blue_Right",100,100,50,50,"Up"
30,3,6,"Red_Right","Yellow_Up","Green_Down","Blue_Right",-150,100,0,50,"Up"
30,3,7,"Red_Right","Yellow_Right","Green_Right","Blue_Right",-150,100,50,-200,"Down"
30,3,8,"Red_Up","Yellow_Up","Green_Left","Blue_Left",100,100,50,-200,"Up"
30,3,9,"Red_Left","Yellow_Right","Green_Down","Blue_Left",100,100,50,50,"Down"
30,3,10,"Red_Left","Yellow_Left","Green_Up","Blue_Right",-150,100,0,50,"Down"
30,3,11,"Red_Down","Yellow_Right","Green_Left","Blue_Right",100,100,50,50,"Left"
30,3,12,"Red_Right","Yellow_Down","Green_Right","Blue_Up",100,100,0,50,"Down"
30,3,13,"Red_Left","Yellow_Down","Green_Right","Blue_Left",100,100,50,50,"Left"
30,3,14,"Red_Right","Yellow_Down","Green_Up","Blue_Up",-150,100,0,50,"Left"
30,3,15,"Red_Right","Yellow_Left","Green_Right","Blue_Right",-150,-1150,50,50,"Down"
30,3,16,"Red_Up","Yellow_Up","Green_Up","Blue_Down",-150,100,0,50,"Left"
30,3,17,"Red_Left","Yellow_Right","Green_Up","Blue_Up",-150,100,0,-200,"Down"
30,3,18,"Red_Left","Yellow_Right","Green_Right","Blue_Down",100,100,50,50,"Left"
30,3,19,"Red_Down","Yellow_Down","Green_Left","Blue_Up",100,100,0,50,"Up"
30,3,20,"Red_Down","Yellow_Right","Green_Down","Blue_Left",-150,-1150,50,50,"Left"
30,3,21,"Red_Up","Yellow_Down","Green_Down","Blue_Up",-150,100,50,50,"Right"
30,3,22,"Red_Up","Yellow_Left","Green_Left","Blue_Right",100,-1150,50,50,"Left"
30,3,23,"Red_Up","Yellow_Right","Green_Down","Blue_Right",-150,100,0,50,"Up"
30,3,24,"Red_Down","Yellow_Up","Green_Down","Blue_Left",100,100,0,50,"Left"
30,3,25,"Red_Left","Yellow_Left","Green_Up","Blue_Down",100,100,50,50,"Down"
30,3,26,"Red_Up","Yellow_Up","Green_Down","Blue_Right",-150,100,0,50,"Left"
30,3,27,"Red_Left","Yellow_Right","Green_Up","Blue_Right",-150,100,0,50,"Left"
30,3,28,"Red_Down","Yellow_Right","Green_Left","Blue_Down",-150,100,50,50,"Down"
30,3,29,"Red_Up","Yellow_Up","Green_Right","Blue_Down",-150,100,0,50,"Right"
30,3,30,"Red_Right","Yellow_Up","Green_Up","Blue_Up",100,100,50,50,"Down"
30,3,31,"Red_Left","Yellow_Down","Green_Up","Blue_Right",100,100,0,50,"Left"
30,3,32,"Red_Up","Yellow_Up","Green_Up","Blue_Down",100,100,0,50,"Right"
30,3,33,"Red_Right","Yellow_Left","Green_Left","Blue_Left",100,100,50,50,"Right"
30,3,34,"Red_Up","Yellow_Right","Green_Right","Blue_Right",-150,100,50,50,"Down"
30,3,35,"Red_Left","Yellow_Up","Green_Right","Blue_Left",-150,100,50,50,"Up"
30,3,36,"Red_Right","Yellow_Left","Green_Up","Blue_Down",100,100,50,50,"Left"
30,3,37,"Red_Right","Yellow_Up","Green_Right","Blue_Up",100,-1150,0,50,"Up"
30,3,38,"Red_Left","Yellow_Right","Green_Up","Blue_Down",-150,100,0,50,"Right"
30,3,39,"Red_Down","Yellow_Right","Green_Down","Blue_Up",100,100,0,50,"Left"
30,3,40,"Red_Left","Yellow_Up","Green_Left","Blue_Left",-150,100,50,-200,"Down"
30,3,41,"Red_Up","Yellow_Up","Green_Down","Blue_Right",100,100,0,50,"Right"
30,3,42,"Red_Right","Yellow_Right","Green_Left","Blue_Up",100,100,50,50,"Down"
30,3,43,"Red_Right","Yellow_Up","Green_Right","Blue_Right",-150,100,50,50,"Up"
30,3,44,"Red_Left","Yellow_Up","Green_Right","Blue_Left",100,100,0,50,"Right"
30,3,45,"Red_Down","Yellow_Down","Green_Up","Blue_Down",100,100,0,50,"Right"
30,3,46,"Red_Up","Yellow_Left","Green_Left","Blue_Left",100,100,50,50,"Right"
30,3,47,"Red_Up","Yellow_Right","Green_Left","Blue_Down",-150,100,0,50,"Up"
30,3,48,"Red_Right","Yellow_Left","Green_Up","Blue_Up",-150,100,0,-200,"Right"
30,3,49,"Red_Down","Yellow_Up","Green_Up","Blue_Up",100,-1150,0,50,"Up"
30,3,50,"Red_Down","Yellow_Down","Green_Down","Blue_Down",-150,100,0,50,"Right"
30,4,1,"Red_Right","Yellow_Left","Green_Up","Blue_Down",-150,100,0,50,"Left"
30,4,2,"Red_Right","Yellow_Up","Green_Down","Blue_Right",100,100,0,50,"Right"
30,4,3,"Red_Down","Yellow_Right","Green_Up","Blue_Left",-150,100,0,50,"Down"
30,4,4,"Red_Down","Yellow_Up","Green_Right","Blue_Down",-150,100,50,50,"Right"
30,4,5,"Red_Right","Yellow_Down","Green_Left","Blue_Left",-150,100,50,50,"Down"
30,4,6,"Red_Up","Yellow_Down","Green_Down","Blue_Up",-150,-1150,0,50,"Left"
30,4,7,"Red_Right","Yellow_Left","Green_Up","Blue_Left",-150,100,0,-200,"Right"
30,4,8,"Red_Right","Yellow_Up","Green_Up","Blue_Down",-150,100,0,50,"Up"
30,4,9,"Red_Right","Yellow_Left","Green_Right","Blue_Down",100,100,0,50,"Left"
30,4,10,"Red_Down","Yellow_Left","Green_Down","Blue_Right",-150,100,50,50,"Left"
30,4,11,"Red_Up","Yellow_Down","Green_Right","Blue_Up",-150,100,0,50,"Up"
30,4,12,"Red_Left","Yellow_Up","Green_Right","Blue_Down",-150,100,0,50,"Up"
30,4,13,"Red_Left","Yellow_Right","Green_Up","Blue_Up",-150,100,50,50,"Left"
30,4,14,"Red_Right","Yellow_Down","Green_Left","Blue_Up",-150,100,50,-200,"Left"
30,4,15,"Red_Right","Yellow_Left","Green_Left","Blue_Down",-150,100,0,-200,"Right"
30,4,16,"Red_Right","Yellow_Right","Green_Left","Blue_Left",100,100,0,50,"Up"
30,4,17,"Red_Down","Yellow_Right","Green_Left","Blue_Right",-150,100,50,50,"Up"
30,4,18,"Red_Up","Yellow_Left","Green_Right","Blue_Right",100,100,50,50,"Down"
30,4,19,"Red_Up","Yellow_Right","Green_Right","Blue_Up",100,-1150,50,50,"Up"
30,4,20,"Red_Down","Yellow_Up","Green_Down","Blue_Right",100,-1150,0,50,"Left"
30,4,21,"Red_Down","Yellow_Right","Green_Down","Blue_Up",100,100,50,50,"Left"
30,4,22,"Red_Left","Yellow_Right","Green_Right","Blue_Left",100,100,50,50,"Down"
30,4,23,"Red_Right","Yellow_Down","Green_Left","Blue_Down",100,100,50,50,"Up"
30,4,24,"Red_Right","Yellow_Down","Green_Left","Blue_Left",100,100,50,50,"Down"
30,4,25,"Red_Up","Yellow_Up","Green_Left","Blue_Down",-150,100,50,50,"Down"
30,4,26,"Red_Left","Yellow_Down","Green_Left","Blue_Down",100,100,50,50,"Down"
30,4,27,"Red_Down","Yellow_Down","Green_Left","Blue_Left",100,100,50,50,"Right"
30,4,28,"Red_Down","Yellow_Down","Green_Down","Blue_Right",-150,100,0,50,"Down"
30,4,29,"Red_Down","Yellow_Left","Green_Left","Blue_Down",100,100,50,50,"Left"
30,4,30,"Red_Right","Yellow_Down","Green_Left","Blue_Right",100,100,50,50,"Up"
30,4,31,"Red_Right","Yellow_Up","Green_Left","Blue_Down",100,100,0,50,"Down"
30,4,32,"Red_Left","Yellow_Left","Green_Up","Blue_Up",100,100,0,50,"Up"
30,4,33,"Red_Right","Yellow_Left","Green_Right","Blue_Left",-150,100,50,50,"Down"
30,4,34,"Red_Right","Yellow_Down","Green_Right","Blue_Right",-150,100,0,50,"Left"
30,4,35,"Red_Left","Yellow_Right","Green_Right","Blue_Up",-150,100,50,50,"Up"
30,4,36,"Red_Left","Yellow_Down","Green_Up","Blue_Left",100,100,0,50,"Left"
30,4,37,"Red_Down","Yellow_Right","Green_Up","Blue_Up",100,-1150,0,50,"Right"
30,4,38,"Red_Right","Yellow_Right","Green_Left","Blue_Right",-150,100,50,50,"Left"
30,4,39,"Red_Down","Yellow_Up","Green_Up","Blue_Right",-150,100,0,50,"Down"
30,4,40,"Red_Left","Yellow_Left","Green_Left","Blue_Down",100,-1150,50,50,"Left"
30,4,41,"Red_Left","Yellow_Down","Green_Right","Blue_Right",100,100,0,50,"Left"
30,4,42,"Red_Left","Yellow_Left","Green_Left","Blue_Up",-150,100,0,50,"Down"
30,4,43,"Red_Left","Yellow_Down","Green_Up","Blue_Down",100,100,0,50,"Left"
30,4,44,"Red_Left","Yellow_Right","Green_Left","Blue_Up",-150,100,50,50,"Up"
30,4,45,"Red_Right","Yellow_Up","Green_Right","Blue_Down",100,100,50,50,"Up"
30,4,46,"Red_Down","Yellow_Right","Green_Right","Blue_Right",100,100,50,-200,"Left"
30,4,47,"Red_Up","Yellow_Left","Green_Up","Blue_Up",-150,100,0,50,"Left"
30,4,48,"Red_Left","Yellow_Right","Green_Right","Blue_Up",-150,100,0,50,"Left"
30,4,49,"Red_Up","Yellow_Left","Green_Down","Blue_Up",100,100,50,50,"Up"
30,4,50,"Red_Left","Yellow_Left","Green_Left","Blue_Right",100,100,0,-200,"Down"
30,5,1,"Red_Down","Yellow_Up","Green_Right","Blue_Left",-150,100,0,-200,"Right"
30,5,2,"Red_Right","Yellow_Down","Green_Up","Blue_Right",100,100,50,50,"Up"
30,5,3,"Red_Left","Yellow_Left","Green_Left","Blue_Right",100,100,0,50,"Right"
30,5,4,"Red_Down","Yellow_Up","Green_Up","Blue_Up",100,100,0,50,"Down"
30,5,5,"Red_Right","Yellow_Up","Green_Left","Blue_Up",-150,-1150,0,50,"Left"
30,5,6,"Red_Right","Yellow_Up","Green_Right","Blue_Left",100,100,50,50,"Up"
30,5,7,"Red_Right","Yellow_Left","Green_Down","Blue_Left",100,100,0,50,"Left"
30,5,8,"Red_Left","Yellow_Up","Green_Down","Blue_Right",100,100,0,50,"Right"
30,5,9,"Red_Down","Yellow_Left","Green_Down","Blue_Down",-150,100,50,50,"Up"
30,5,10,"Red_Down","Yellow_Left","Green_Left","Blue_Down",-150,-1150,0,50,"Right"
30,5,11,"Red_Right","Yellow_Up","Green_Left","Blue_Down",-150,-1150,50,50,"Down"
30,5,12,"Red_Left","Yellow_Down","Green_Down","Blue_Up",-150,100,50,50,"Left"
30,5,13,"Red_Down","Yellow_Down","Green_Right","Blue_Up",-150,100,50,50,"Down"
30,5,14,"Red_Left","Yellow_Up","Green_Right","Blue_Left",100,100,50,50,"Right"
30,5,15,"Red_Up","Yellow_Left","Green_Left","Blue_Right",100,100,0,50,"Down"
30,5,16,"Red_Up","Yellow_Up","Green_Up","Blue_Left",-150,100,50,50,"Right"
30,5,17,"Red_Right","Yellow_Up","Green_Left","Blue_Left",100,100,0,50,"Down"
30,5,18,"Red_Up","Yellow_Left","Green_Down","Blue_Right",-150,100,50,50,"Up"
30,5,19,"Red_Down","Yellow_Down","Green_Left","Blue_Right",-150,100,0,50,"Right"
30,5,20,"Red_Right","Yellow_Right","Green_Down","Blue_Down",100,100,0,50,"Right"
30,5,21,"Red_Up","Yellow_Down","Green_Left","Blue_Left",100,100,50,50,"Left"
30,5,22,"Red_Left","Yellow_Down","Green_Right","Blue_Left",-150,-1150,50,-200,"Up"
30,5,23,"Red_Left","Yellow_Up","Green_Right","Blue_Up",100,100,0,50,"Left"
30,5,24,"Red_Left","Yellow_Left","Green_Left","Blue_Left",100,100,50,50,"Right"
30,5,25,"Red_Right","Yellow_Down","Green_Right","Blue_Up",100,100,0,-200,"Left"
30,5,26,"Red_Down","Yellow_Down","Green_Left","Blue_Right",-150,100,50,50,"Down"
30,5,27,"Red_Left","Yellow_Right","Green_Right","Blue_Right",-150,100,0,50,"Left"
30,5,28,"Red_Right","Yellow_Down","Green_Down","Blue_Down",-150,100,50,50,"Left"
30,5,29,"Red_Left","Yellow_Down","Green_Down","Blue_Left",-150,100,50,-200,"Down"
30,5,30,"Red_Up","Yellow_Down","Green_Up","Blue_Right",-150,100,50,50,"Down"
30,5,31,"Red_Left","Yellow_Right","Green_Right","Blue_Down",-150,100,0,50,"Left"
30,5,32,"Red_Up","Yellow_Right","Green_Left","Blue_Right",100,100,0,50,"Right"
30,5,33,"Red_Up","Yellow_Up","Green_Left","Blue_Up",-150,100,50,50,"Right"
30,5,34,"Red_Right","Yellow_Up","Green_Left","Blue_Down",100,100,50,50,"Up"
30,5,35,"Red_Left","Yellow_Up","Green_Right","Blue_Down",100,100,50,50,"Right"
30,5,36,"Red_Down","Yellow_Left","Green_Up","Blue_Right",-150,100,50,50,"Right"
30,5,37,"Red_Down","Yellow_Up","Green_Right","Blue_Right",100,100,0,50,"Up"
30,5,38,"Red_Down","Yellow_Down","Green_Right","Blue_Right",-150,100,50,-200,"Up"
30,5,39,"Red_Up","Yellow_Left","Green_Up","Blue_Left",100,100,0,50,"Down"
30,5,40,"Red_Right","Yellow_Right","Green_Down","Blue_Down",100,100,50,50,"Right"
30,5,41,"Red_Down","Yellow_Up","Green_Down","Blue_Right",-150,-1150,50,50,"Up"
30,5,42,"Red_Up","Yellow_Right","Green_Left","Blue_Left",100,100,50,50,"Left"
30,5,43,"Red_Left","Yellow_Down","Green_Right","Blue_Down",-150,100,0,50,"Up"
30,5,44,"Red_Right","Yellow_Down","Green_Up","Blue_Down",100,100,0,50,"Up"
30,5,45,"Red_Right","Yellow_Right","Green_Down","Blue_Right",-150,100,0,50,"Down"
30,5,46,"Red_Left","Yellow_Down","Green_Up","Blue_Right",100,100,0,50,"Up"
30,5,47,"Red_Down","Yellow_Down","Green_Down","Blue_Up",-150,100,0,50,"Right"
30,5,48,"Red_Up","Yellow_Right","Green_Left","Blue_Up",100,100,0,50,"Right"
30,5,49,"Red_Left","Yellow_Left","Green_Up","Blue_Up",100,100,0,50,"Down"
30,5,50,"Red_Up","Yellow_Right","Green_Down","Blue_Down",-150,100,50,50,"Up"
30,6,1,"Red_Up","Yellow_Left","Green_Left","Blue_Right",-150,100,0,50,"Right"
30,6,2,"Red_Left","Yellow_Up","Green_Left","Blue_Left",-150,100,50,50,"Up"
30,6,3,"Red_Up","Yellow_Left","Green_Down","Blue_Right",100,100,50,-200,"Left"
30,6,4,"Red_Left","Yellow_Left","Green_Down","Blue_Right",100,100,0,50,"Left"
30,6,5,"Red_Up","Yellow_Down","Green_Left","Blue_Down",100,100,50,50,"Down"
30,6,6,"Red_Right","Yellow_Left","Green_Up","Blue_Right",100,100,0,50,"Up"
30,6,7,"Red_Left","Yellow_Up","Green_Right","Blue_Down",-150,100,50,50,"Down"
30,6,8,"Red_Down","Yellow_Down","Green_Up","Blue_Right",-150,100,0,50,"Down"
30,6,9,"Red_Left","Yellow_Right","Green_Up","Blue_Up",100,100,50,-200,"Right"
30,6,10,"Red_Down","Yellow_Right","Green_Down","Blue_Left",-150,100,0,50,"Right"
30,6,11,"Red_Down","Yellow_Left","Green_Left","Blue_Left",-150,100,50,50,"Right"
30,6,12,"Red_Right","Yellow_Down","Green_Up","Blue_Down",-150,100,50,50,"Up"
30,6,13,"Red_Down","Yellow_Up","Green_Down","Blue_Right",-150,100,0,50,"Right"
30,6,14,"Red_Up","Yellow_Up","Green_Up","Blue_Left",100,100,0,50,"Left"
30,6,15,"Red_Down","Yellow_Right","Green_Right","Blue_Up",-150,-1150,50,50,"Right"
30,6,16,"Red_Down","Yellow_Down","Green_Down","Blue_Down",-150,100,50,50,"Left"
30,6,17,"Red_Right","Yellow_Right","Green_Down","Blue_Right",-150,100,0,50,"Down"
30,6,18,"Red_Up","Yellow_Down","Green_Up","Blue_Down",100,100,50,50,"Right"
30,6,19,"Red_Left","Yellow_Right","Green_Right","Blue_Left",-150,100,0,-200,"Right"
30,6,20,"Red_Left","Yellow_Left","Green_Right","Blue_Left",100,100,0,50,"Down"
30,6,21,"Red_Up","Yellow_Right","Green_Right","Blue_Left",-150,-1150,50,50,"Up"
30,6,22,"Red_Down","Yellow_Down","Green_Down","Blue_Left",100,100,50,50,"Up"
30,6,23,"Red_Left","Yellow_Right","Green_Up","Blue_Left",-150,100,50,50,"Up"
30,6,24,"Red_Up","Yellow_Down","Green_Up","Blue_Up",-150,100,0,50,"Right"
30,6,25,"Red_Up","Yellow_Right","Green_Right","Blue_Up",100,100,50,50,"Down"
30,6,26,"Red_Down","Yellow_Right","Green_Left","Blue_Right",100,100,0,-200,"Right"
30,6,27,"Red_Left","Yellow_Down","Green_Left","Blue_Down",-150,100,50,50,"Left"
30,6,28,"Red_Right","Yellow_Right","Green_Right","Blue_Up",100,100,0,50,"Left"
30,6,29,"Red_Right","Yellow_Right","Green_Up","Blue_Down",100,100,0,50,"Left"
30,6,30,"Red_Up","Yellow_Left","Green_Left","Blue_Right",100,-1150,50,50,"Up"
30,6,31,"Red_Down","Yellow_Right","Green_Right","Blue_Down",100,100,0,50,"Up"
30,6,32,"Red_Up","Yellow_Left","Green_Right","Blue_Right",100,-1150,0,50,"Left"
30,6,33,"Red_Down","Yellow_Down","Green_Right","Blue_Up",-150,100,0,50,"Right"
30,6,34,"Red_Right","Yellow_Left","Green_Down","Blue_Up",100,100,0,50,"Left"
30,6,35,"Red_Right","Yellow_Right","Green_Up","Blue_Down",100,100,50,50,"Up"
30,6,36,"Red_Right","Yellow_Left","Green_Up","Blue_Right",100,100,50,50,"Down"
30,6,37,"Red_Up","Yellow_Down","Green_Down","Blue_Right",100,100,50,50,"Down"
30,6,38,"Red_Down","Yellow_Left","Green_Right","Blue_Up",-150,100,0,50,"Up"
30,6,39,"Red_Down","Yellow_Up","Green_Right","Blue_Left",-150,100,0,50,"Right"
30,6,40,"Red_Up","Yellow_Left","Green_Up","Blue_Right",100,100,0,50,"Up"
30,6,41,"Red_Down","Yellow_Up","Green_Left","Blue_Right",-150,-1150,0,50,"Down"
30,6,42,"Red_Left","Yellow_Right","Green_Left","Blue_Down",-150,100,50,50,"Left"
30,6,43,"Red_Right","Yellow_Up","Green_Up","Blue_Down",100,100,50,50,"Left"
30,6,44,"Red_Left","Yellow_Up","Green_Down","Blue_Up",-150,100,50,50,"Up"
30,6,45,"Red_Up","Yellow_Up","Green_Left","Blue_Left",-150,100,50,50,"Left"
30,6,46,"Red_Up","Yellow_Right","Green_Up","Blue_Right",100,100,50,-200,"Right"
30,6,47,"Red_Left","Yellow_Up","Green_Down","Blue_Left",-150,100,50,50,"Up"
30,6,48,"Red_Down","Yellow_Up","Green_Up","Blue_Down",100,100,0,50,"Down"
30,6,49,"Red_Right","Yellow_Up","Green_Up","Blue_Down",-150,100,0,50,"Up"
30,6,50,"Red_Left","Yellow_Right","Green_Right","Blue_Right",100,100,0,50,"Up"
